candidate_id,family_key,year,outlay_delta_bil,revenue_delta_bil,primary_deficit_delta_bil,source_url,source_kind
CBO_2024_reduce_subsidies_in_the_crop_insurance_program__premium_subsidies_plus_administrative_rate_of_return_changes,CBO_2024_reduce_subsidies_in_the_crop_insurance_program,2025,-1.7,,-1.7,https://www.cbo.gov/budget-options/60893,CBO_BUDGET_OPTION_ANNUAL
CBO_2024_reduce_subsidies_in_the_crop_insurance_program__premium_subsidies_plus_administrative_rate_of_return_changes,CBO_2024_reduce_subsidies_in_the_crop_insurance_program,2026,-4.9,,-4.9,https://www.cbo.gov/budget-options/60893,CBO_BUDGET_OPTION_ANNUAL
CBO_2024_reduce_subsidies_in_the_crop_insurance_program__premium_subsidies_plus_administrative_rate_of_return_changes,CBO_2024_reduce_subsidies_in_the_crop_insurance_program,2027,-4.9,,-4.9,https://www.cbo.gov/budget-options/60893,CBO_BUDGET_OPTION_ANNUAL
CBO_2024_reduce_subsidies_in_the_crop_insurance_program__premium_subsidies_plus_administrative_rate_of_return_changes,CBO_2024_reduce_subsidies_in_the_crop_insurance_program,2028,-4.9,,-4.9,https://www.cbo.gov/budget-options/60893,CBO_BUDGET_OPTION_ANNUAL
CBO_2024_reduce_subsidies_in_the_crop_insurance_program__premium_subsidies_plus_administrative_rate_of_return_changes,CBO_2024_reduce_subsidies_in_the_crop_insurance_program,2029,-5.0,,-5.0,https://www.cbo.gov/budget-options/60893,CBO_BUDGET_OPTION_ANNUAL
CBO_2024_reduce_subsidies_in_the_crop_insurance_program__premium_subsidies_plus_administrative_rate_of_return_changes,CBO_2024_reduce_subsidies_in_the_crop_insurance_program,2030,-5.0,,-5.0,https://www.cbo.gov/budget-options/60893,CBO_BUDGET_OPTION_ANNUAL
CBO_2024_reduce_subsidies_in_the_crop_insurance_program__premium_subsidies_plus_administrative_rate_of_return_changes,CBO_2024_reduce_subsidies_in_the_crop_insurance_program,2031,-5.0,,-5.0,https://www.cbo.gov/budget-options/60893,CBO_BUDGET_OPTION_ANNUAL
CBO_2024_reduce_subsidies_in_the_crop_insurance_program__premium_subsidies_plus_administrative_rate_of_return_changes,CBO_2024_reduce_subsidies_in_the_crop_insurance_program,2032,-5.1,,-5.1,https://www.cbo.gov/budget-options/60893,CBO_BUDGET_OPTION_ANNUAL
CBO_2024_reduce_subsidies_in_the_crop_insurance_program__premium_subsidies_plus_administrative_rate_of_return_changes,CBO_2024_reduce_subsidies_in_the_crop_insurance_program,2033,-5.1,,-5.1,https://www.cbo.gov/budget-options/60893,CBO_BUDGET_OPTION_ANNUAL
CBO_2024_reduce_subsidies_in_the_crop_insurance_program__premium_subsidies_plus_administrative_rate_of_return_changes,CBO_2024_reduce_subsidies_in_the_crop_insurance_program,2034,-5.1,,-5.1,https://www.cbo.gov/budget-options/60893,CBO_BUDGET_OPTION_ANNUAL
CBO_2024_raise_fannie_mae_s_and_freddie_mac_s_guarantee_fees_and_decrease_their_eligible_loan_limits__increase_guarantee_fees,CBO_2024_raise_fannie_mae_s_and_freddie_mac_s_guarantee_fees_and_decrease_their_eligible_loan_limits,2025,0,,0.0,https://www.cbo.gov/budget-options/60894,CBO_BUDGET_OPTION_ANNUAL
CBO_2024_raise_fannie_mae_s_and_freddie_mac_s_guarantee_fees_and_decrease_their_eligible_loan_limits__increase_guarantee_fees,CBO_2024_raise_fannie_mae_s_and_freddie_mac_s_guarantee_fees_and_decrease_their_eligible_loan_limits,2026,0,,0.0,https://www.cbo.gov/budget-options/60894,CBO_BUDGET_OPTION_ANNUAL
CBO_2024_raise_fannie_mae_s_and_freddie_mac_s_guarantee_fees_and_decrease_their_eligible_loan_limits__increase_guarantee_fees,CBO_2024_raise_fannie_mae_s_and_freddie_mac_s_guarantee_fees_and_decrease_their_eligible_loan_limits,2027,0,,0.0,https://www.cbo.gov/budget-options/60894,CBO_BUDGET_OPTION_ANNUAL
CBO_2024_raise_fannie_mae_s_and_freddie_mac_s_guarantee_fees_and_decrease_their_eligible_loan_limits__increase_guarantee_fees,CBO_2024_raise_fannie_mae_s_and_freddie_mac_s_guarantee_fees_and_decrease_their_eligible_loan_limits,2028,0,,0.0,https://www.cbo.gov/budget-options/60894,CBO_BUDGET_OPTION_ANNUAL
CBO_2024_raise_fannie_mae_s_and_freddie_mac_s_guarantee_fees_and_decrease_their_eligible_loan_limits__increase_guarantee_fees,CBO_2024_raise_fannie_mae_s_and_freddie_mac_s_guarantee_fees_and_decrease_their_eligible_loan_limits,2029,0,,0.0,https://www.cbo.gov/budget-options/60894,CBO_BUDGET_OPTION_ANNUAL
CBO_2024_raise_fannie_mae_s_and_freddie_mac_s_guarantee_fees_and_decrease_their_eligible_loan_limits__increase_guarantee_fees,CBO_2024_raise_fannie_mae_s_and_freddie_mac_s_guarantee_fees_and_decrease_their_eligible_loan_limits,2030,0,,0.0,https://www.cbo.gov/budget-options/60894,CBO_BUDGET_OPTION_ANNUAL
CBO_2024_raise_fannie_mae_s_and_freddie_mac_s_guarantee_fees_and_decrease_their_eligible_loan_limits__increase_guarantee_fees,CBO_2024_raise_fannie_mae_s_and_freddie_mac_s_guarantee_fees_and_decrease_their_eligible_loan_limits,2031,0,,0.0,https://www.cbo.gov/budget-options/60894,CBO_BUDGET_OPTION_ANNUAL
CBO_2024_raise_fannie_mae_s_and_freddie_mac_s_guarantee_fees_and_decrease_their_eligible_loan_limits__increase_guarantee_fees,CBO_2024_raise_fannie_mae_s_and_freddie_mac_s_guarantee_fees_and_decrease_their_eligible_loan_limits,2032,0,,0.0,https://www.cbo.gov/budget-options/60894,CBO_BUDGET_OPTION_ANNUAL
CBO_2024_raise_fannie_mae_s_and_freddie_mac_s_guarantee_fees_and_decrease_their_eligible_loan_limits__increase_guarantee_fees,CBO_2024_raise_fannie_mae_s_and_freddie_mac_s_guarantee_fees_and_decrease_their_eligible_loan_limits,2033,-3.3,,-3.3,https://www.cbo.gov/budget-options/60894,CBO_BUDGET_OPTION_ANNUAL
CBO_2024_raise_fannie_mae_s_and_freddie_mac_s_guarantee_fees_and_decrease_their_eligible_loan_limits__increase_guarantee_fees,CBO_2024_raise_fannie_mae_s_and_freddie_mac_s_guarantee_fees_and_decrease_their_eligible_loan_limits,2034,-3.4,,-3.4,https://www.cbo.gov/budget-options/60894,CBO_BUDGET_OPTION_ANNUAL
CBO_2024_raise_fannie_mae_s_and_freddie_mac_s_guarantee_fees_and_decrease_their_eligible_loan_limits__decrease_eligible_loan_limits,CBO_2024_raise_fannie_mae_s_and_freddie_mac_s_guarantee_fees_and_decrease_their_eligible_loan_limits,2025,0,,0.0,https://www.cbo.gov/budget-options/60894,CBO_BUDGET_OPTION_ANNUAL
CBO_2024_raise_fannie_mae_s_and_freddie_mac_s_guarantee_fees_and_decrease_their_eligible_loan_limits__decrease_eligible_loan_limits,CBO_2024_raise_fannie_mae_s_and_freddie_mac_s_guarantee_fees_and_decrease_their_eligible_loan_limits,2026,0,,0.0,https://www.cbo.gov/budget-options/60894,CBO_BUDGET_OPTION_ANNUAL
CBO_2024_raise_fannie_mae_s_and_freddie_mac_s_guarantee_fees_and_decrease_their_eligible_loan_limits__decrease_eligible_loan_limits,CBO_2024_raise_fannie_mae_s_and_freddie_mac_s_guarantee_fees_and_decrease_their_eligible_loan_limits,2027,-0.1,,-0.1,https://www.cbo.gov/budget-options/60894,CBO_BUDGET_OPTION_ANNUAL
CBO_2024_raise_fannie_mae_s_and_freddie_mac_s_guarantee_fees_and_decrease_their_eligible_loan_limits__decrease_eligible_loan_limits,CBO_2024_raise_fannie_mae_s_and_freddie_mac_s_guarantee_fees_and_decrease_their_eligible_loan_limits,2028,-0.3,,-0.3,https://www.cbo.gov/budget-options/60894,CBO_BUDGET_OPTION_ANNUAL
CBO_2024_raise_fannie_mae_s_and_freddie_mac_s_guarantee_fees_and_decrease_their_eligible_loan_limits__decrease_eligible_loan_limits,CBO_2024_raise_fannie_mae_s_and_freddie_mac_s_guarantee_fees_and_decrease_their_eligible_loan_limits,2029,-0.6,,-0.6,https://www.cbo.gov/budget-options/60894,CBO_BUDGET_OPTION_ANNUAL
CBO_2024_raise_fannie_mae_s_and_freddie_mac_s_guarantee_fees_and_decrease_their_eligible_loan_limits__decrease_eligible_loan_limits,CBO_2024_raise_fannie_mae_s_and_freddie_mac_s_guarantee_fees_and_decrease_their_eligible_loan_limits,2030,-0.8,,-0.8,https://www.cbo.gov/budget-options/60894,CBO_BUDGET_OPTION_ANNUAL
CBO_2024_raise_fannie_mae_s_and_freddie_mac_s_guarantee_fees_and_decrease_their_eligible_loan_limits__decrease_eligible_loan_limits,CBO_2024_raise_fannie_mae_s_and_freddie_mac_s_guarantee_fees_and_decrease_their_eligible_loan_limits,2031,-1.1,,-1.1,https://www.cbo.gov/budget-options/60894,CBO_BUDGET_OPTION_ANNUAL
CBO_2024_raise_fannie_mae_s_and_freddie_mac_s_guarantee_fees_and_decrease_their_eligible_loan_limits__decrease_eligible_loan_limits,CBO_2024_raise_fannie_mae_s_and_freddie_mac_s_guarantee_fees_and_decrease_their_eligible_loan_limits,2032,-1.4,,-1.4,https://www.cbo.gov/budget-options/60894,CBO_BUDGET_OPTION_ANNUAL
CBO_2024_raise_fannie_mae_s_and_freddie_mac_s_guarantee_fees_and_decrease_their_eligible_loan_limits__decrease_eligible_loan_limits,CBO_2024_raise_fannie_mae_s_and_freddie_mac_s_guarantee_fees_and_decrease_their_eligible_loan_limits,2033,-2.8,,-2.8,https://www.cbo.gov/budget-options/60894,CBO_BUDGET_OPTION_ANNUAL
CBO_2024_raise_fannie_mae_s_and_freddie_mac_s_guarantee_fees_and_decrease_their_eligible_loan_limits__decrease_eligible_loan_limits,CBO_2024_raise_fannie_mae_s_and_freddie_mac_s_guarantee_fees_and_decrease_their_eligible_loan_limits,2034,-3.3,,-3.3,https://www.cbo.gov/budget-options/60894,CBO_BUDGET_OPTION_ANNUAL
CBO_2024_raise_fannie_mae_s_and_freddie_mac_s_guarantee_fees_and_decrease_their_eligible_loan_limits__both_changes,CBO_2024_raise_fannie_mae_s_and_freddie_mac_s_guarantee_fees_and_decrease_their_eligible_loan_limits,2025,0,,0.0,https://www.cbo.gov/budget-options/60894,CBO_BUDGET_OPTION_ANNUAL
CBO_2024_raise_fannie_mae_s_and_freddie_mac_s_guarantee_fees_and_decrease_their_eligible_loan_limits__both_changes,CBO_2024_raise_fannie_mae_s_and_freddie_mac_s_guarantee_fees_and_decrease_their_eligible_loan_limits,2026,0,,0.0,https://www.cbo.gov/budget-options/60894,CBO_BUDGET_OPTION_ANNUAL
CBO_2024_raise_fannie_mae_s_and_freddie_mac_s_guarantee_fees_and_decrease_their_eligible_loan_limits__both_changes,CBO_2024_raise_fannie_mae_s_and_freddie_mac_s_guarantee_fees_and_decrease_their_eligible_loan_limits,2027,-0.1,,-0.1,https://www.cbo.gov/budget-options/60894,CBO_BUDGET_OPTION_ANNUAL
CBO_2024_raise_fannie_mae_s_and_freddie_mac_s_guarantee_fees_and_decrease_their_eligible_loan_limits__both_changes,CBO_2024_raise_fannie_mae_s_and_freddie_mac_s_guarantee_fees_and_decrease_their_eligible_loan_limits,2028,-0.3,,-0.3,https://www.cbo.gov/budget-options/60894,CBO_BUDGET_OPTION_ANNUAL
CBO_2024_raise_fannie_mae_s_and_freddie_mac_s_guarantee_fees_and_decrease_their_eligible_loan_limits__both_changes,CBO_2024_raise_fannie_mae_s_and_freddie_mac_s_guarantee_fees_and_decrease_their_eligible_loan_limits,2029,-0.6,,-0.6,https://www.cbo.gov/budget-options/60894,CBO_BUDGET_OPTION_ANNUAL
CBO_2024_raise_fannie_mae_s_and_freddie_mac_s_guarantee_fees_and_decrease_their_eligible_loan_limits__both_changes,CBO_2024_raise_fannie_mae_s_and_freddie_mac_s_guarantee_fees_and_decrease_their_eligible_loan_limits,2030,-0.8,,-0.8,https://www.cbo.gov/budget-options/60894,CBO_BUDGET_OPTION_ANNUAL
CBO_2024_raise_fannie_mae_s_and_freddie_mac_s_guarantee_fees_and_decrease_their_eligible_loan_limits__both_changes,CBO_2024_raise_fannie_mae_s_and_freddie_mac_s_guarantee_fees_and_decrease_their_eligible_loan_limits,2031,-1.1,,-1.1,https://www.cbo.gov/budget-options/60894,CBO_BUDGET_OPTION_ANNUAL
CBO_2024_raise_fannie_mae_s_and_freddie_mac_s_guarantee_fees_and_decrease_their_eligible_loan_limits__both_changes,CBO_2024_raise_fannie_mae_s_and_freddie_mac_s_guarantee_fees_and_decrease_their_eligible_loan_limits,2032,-1.4,,-1.4,https://www.cbo.gov/budget-options/60894,CBO_BUDGET_OPTION_ANNUAL
CBO_2024_raise_fannie_mae_s_and_freddie_mac_s_guarantee_fees_and_decrease_their_eligible_loan_limits__both_changes,CBO_2024_raise_fannie_mae_s_and_freddie_mac_s_guarantee_fees_and_decrease_their_eligible_loan_limits,2033,-5.0,,-5.0,https://www.cbo.gov/budget-options/60894,CBO_BUDGET_OPTION_ANNUAL
CBO_2024_raise_fannie_mae_s_and_freddie_mac_s_guarantee_fees_and_decrease_their_eligible_loan_limits__both_changes,CBO_2024_raise_fannie_mae_s_and_freddie_mac_s_guarantee_fees_and_decrease_their_eligible_loan_limits,2034,-5.4,,-5.4,https://www.cbo.gov/budget-options/60894,CBO_BUDGET_OPTION_ANNUAL
CBO_2024_eliminate_the_add_on_to_pell_grants_which_is_funded_with_mandatory_spending__eliminate_mandatory_add_on,CBO_2024_eliminate_the_add_on_to_pell_grants_which_is_funded_with_mandatory_spending,2025,0,,0.0,https://www.cbo.gov/budget-options/60895,CBO_BUDGET_OPTION_ANNUAL
CBO_2024_eliminate_the_add_on_to_pell_grants_which_is_funded_with_mandatory_spending__eliminate_mandatory_add_on,CBO_2024_eliminate_the_add_on_to_pell_grants_which_is_funded_with_mandatory_spending,2026,-1.4,,-1.4,https://www.cbo.gov/budget-options/60895,CBO_BUDGET_OPTION_ANNUAL
CBO_2024_eliminate_the_add_on_to_pell_grants_which_is_funded_with_mandatory_spending__eliminate_mandatory_add_on,CBO_2024_eliminate_the_add_on_to_pell_grants_which_is_funded_with_mandatory_spending,2027,-5.3,,-5.3,https://www.cbo.gov/budget-options/60895,CBO_BUDGET_OPTION_ANNUAL
CBO_2024_eliminate_the_add_on_to_pell_grants_which_is_funded_with_mandatory_spending__eliminate_mandatory_add_on,CBO_2024_eliminate_the_add_on_to_pell_grants_which_is_funded_with_mandatory_spending,2028,-5.4,,-5.4,https://www.cbo.gov/budget-options/60895,CBO_BUDGET_OPTION_ANNUAL
CBO_2024_eliminate_the_add_on_to_pell_grants_which_is_funded_with_mandatory_spending__eliminate_mandatory_add_on,CBO_2024_eliminate_the_add_on_to_pell_grants_which_is_funded_with_mandatory_spending,2029,-5.4,,-5.4,https://www.cbo.gov/budget-options/60895,CBO_BUDGET_OPTION_ANNUAL
CBO_2024_eliminate_the_add_on_to_pell_grants_which_is_funded_with_mandatory_spending__eliminate_mandatory_add_on,CBO_2024_eliminate_the_add_on_to_pell_grants_which_is_funded_with_mandatory_spending,2030,-5.5,,-5.5,https://www.cbo.gov/budget-options/60895,CBO_BUDGET_OPTION_ANNUAL
CBO_2024_eliminate_the_add_on_to_pell_grants_which_is_funded_with_mandatory_spending__eliminate_mandatory_add_on,CBO_2024_eliminate_the_add_on_to_pell_grants_which_is_funded_with_mandatory_spending,2031,-5.5,,-5.5,https://www.cbo.gov/budget-options/60895,CBO_BUDGET_OPTION_ANNUAL
CBO_2024_eliminate_the_add_on_to_pell_grants_which_is_funded_with_mandatory_spending__eliminate_mandatory_add_on,CBO_2024_eliminate_the_add_on_to_pell_grants_which_is_funded_with_mandatory_spending,2032,-5.5,,-5.5,https://www.cbo.gov/budget-options/60895,CBO_BUDGET_OPTION_ANNUAL
CBO_2024_eliminate_the_add_on_to_pell_grants_which_is_funded_with_mandatory_spending__eliminate_mandatory_add_on,CBO_2024_eliminate_the_add_on_to_pell_grants_which_is_funded_with_mandatory_spending,2033,-5.6,,-5.6,https://www.cbo.gov/budget-options/60895,CBO_BUDGET_OPTION_ANNUAL
CBO_2024_eliminate_the_add_on_to_pell_grants_which_is_funded_with_mandatory_spending__eliminate_mandatory_add_on,CBO_2024_eliminate_the_add_on_to_pell_grants_which_is_funded_with_mandatory_spending,2034,-5.6,,-5.6,https://www.cbo.gov/budget-options/60895,CBO_BUDGET_OPTION_ANNUAL
CBO_2024_establish_caps_on_federal_spending_for_medicaid__overall_cap_cpi_growth,CBO_2024_establish_caps_on_federal_spending_for_medicaid,2025,,,0.0,https://www.cbo.gov/budget-options/60896,CBO_BUDGET_OPTION_ANNUAL
CBO_2024_establish_caps_on_federal_spending_for_medicaid__overall_cap_cpi_growth,CBO_2024_establish_caps_on_federal_spending_for_medicaid,2026,,,-2.0,https://www.cbo.gov/budget-options/60896,CBO_BUDGET_OPTION_ANNUAL
CBO_2024_establish_caps_on_federal_spending_for_medicaid__overall_cap_cpi_growth,CBO_2024_establish_caps_on_federal_spending_for_medicaid,2027,,,-3.0,https://www.cbo.gov/budget-options/60896,CBO_BUDGET_OPTION_ANNUAL
CBO_2024_establish_caps_on_federal_spending_for_medicaid__overall_cap_cpi_growth,CBO_2024_establish_caps_on_federal_spending_for_medicaid,2028,,,-42.0,https://www.cbo.gov/budget-options/60896,CBO_BUDGET_OPTION_ANNUAL
CBO_2024_establish_caps_on_federal_spending_for_medicaid__overall_cap_cpi_growth,CBO_2024_establish_caps_on_federal_spending_for_medicaid,2029,,,-61.0,https://www.cbo.gov/budget-options/60896,CBO_BUDGET_OPTION_ANNUAL
CBO_2024_establish_caps_on_federal_spending_for_medicaid__overall_cap_cpi_growth,CBO_2024_establish_caps_on_federal_spending_for_medicaid,2030,,,-81.0,https://www.cbo.gov/budget-options/60896,CBO_BUDGET_OPTION_ANNUAL
CBO_2024_establish_caps_on_federal_spending_for_medicaid__overall_cap_cpi_growth,CBO_2024_establish_caps_on_federal_spending_for_medicaid,2031,,,-100.0,https://www.cbo.gov/budget-options/60896,CBO_BUDGET_OPTION_ANNUAL
CBO_2024_establish_caps_on_federal_spending_for_medicaid__overall_cap_cpi_growth,CBO_2024_establish_caps_on_federal_spending_for_medicaid,2032,,,-124.0,https://www.cbo.gov/budget-options/60896,CBO_BUDGET_OPTION_ANNUAL
CBO_2024_establish_caps_on_federal_spending_for_medicaid__overall_cap_cpi_growth,CBO_2024_establish_caps_on_federal_spending_for_medicaid,2033,,,-151.0,https://www.cbo.gov/budget-options/60896,CBO_BUDGET_OPTION_ANNUAL
CBO_2024_establish_caps_on_federal_spending_for_medicaid__overall_cap_cpi_growth,CBO_2024_establish_caps_on_federal_spending_for_medicaid,2034,,,-178.0,https://www.cbo.gov/budget-options/60896,CBO_BUDGET_OPTION_ANNUAL
CBO_2024_establish_caps_on_federal_spending_for_medicaid__overall_cap_cpi_plus_1_percentage_point,CBO_2024_establish_caps_on_federal_spending_for_medicaid,2025,,,0.0,https://www.cbo.gov/budget-options/60896,CBO_BUDGET_OPTION_ANNUAL
CBO_2024_establish_caps_on_federal_spending_for_medicaid__overall_cap_cpi_plus_1_percentage_point,CBO_2024_establish_caps_on_federal_spending_for_medicaid,2026,,,-2.0,https://www.cbo.gov/budget-options/60896,CBO_BUDGET_OPTION_ANNUAL
CBO_2024_establish_caps_on_federal_spending_for_medicaid__overall_cap_cpi_plus_1_percentage_point,CBO_2024_establish_caps_on_federal_spending_for_medicaid,2027,,,-3.0,https://www.cbo.gov/budget-options/60896,CBO_BUDGET_OPTION_ANNUAL
CBO_2024_establish_caps_on_federal_spending_for_medicaid__overall_cap_cpi_plus_1_percentage_point,CBO_2024_establish_caps_on_federal_spending_for_medicaid,2028,,,-22.0,https://www.cbo.gov/budget-options/60896,CBO_BUDGET_OPTION_ANNUAL
CBO_2024_establish_caps_on_federal_spending_for_medicaid__overall_cap_cpi_plus_1_percentage_point,CBO_2024_establish_caps_on_federal_spending_for_medicaid,2029,,,-35.0,https://www.cbo.gov/budget-options/60896,CBO_BUDGET_OPTION_ANNUAL
CBO_2024_establish_caps_on_federal_spending_for_medicaid__overall_cap_cpi_plus_1_percentage_point,CBO_2024_establish_caps_on_federal_spending_for_medicaid,2030,,,-47.0,https://www.cbo.gov/budget-options/60896,CBO_BUDGET_OPTION_ANNUAL
CBO_2024_establish_caps_on_federal_spending_for_medicaid__overall_cap_cpi_plus_1_percentage_point,CBO_2024_establish_caps_on_federal_spending_for_medicaid,2031,,,-61.0,https://www.cbo.gov/budget-options/60896,CBO_BUDGET_OPTION_ANNUAL
CBO_2024_establish_caps_on_federal_spending_for_medicaid__overall_cap_cpi_plus_1_percentage_point,CBO_2024_establish_caps_on_federal_spending_for_medicaid,2032,,,-76.0,https://www.cbo.gov/budget-options/60896,CBO_BUDGET_OPTION_ANNUAL
CBO_2024_establish_caps_on_federal_spending_for_medicaid__overall_cap_cpi_plus_1_percentage_point,CBO_2024_establish_caps_on_federal_spending_for_medicaid,2033,,,-97.0,https://www.cbo.gov/budget-options/60896,CBO_BUDGET_OPTION_ANNUAL
CBO_2024_establish_caps_on_federal_spending_for_medicaid__overall_cap_cpi_plus_1_percentage_point,CBO_2024_establish_caps_on_federal_spending_for_medicaid,2034,,,-116.0,https://www.cbo.gov/budget-options/60896,CBO_BUDGET_OPTION_ANNUAL
CBO_2024_establish_caps_on_federal_spending_for_medicaid__per_enrollee_cap_cpi_growth,CBO_2024_establish_caps_on_federal_spending_for_medicaid,2025,,,0.0,https://www.cbo.gov/budget-options/60896,CBO_BUDGET_OPTION_ANNUAL
CBO_2024_establish_caps_on_federal_spending_for_medicaid__per_enrollee_cap_cpi_growth,CBO_2024_establish_caps_on_federal_spending_for_medicaid,2026,,,-2.0,https://www.cbo.gov/budget-options/60896,CBO_BUDGET_OPTION_ANNUAL
CBO_2024_establish_caps_on_federal_spending_for_medicaid__per_enrollee_cap_cpi_growth,CBO_2024_establish_caps_on_federal_spending_for_medicaid,2027,,,-3.0,https://www.cbo.gov/budget-options/60896,CBO_BUDGET_OPTION_ANNUAL
CBO_2024_establish_caps_on_federal_spending_for_medicaid__per_enrollee_cap_cpi_growth,CBO_2024_establish_caps_on_federal_spending_for_medicaid,2028,,,-63.0,https://www.cbo.gov/budget-options/60896,CBO_BUDGET_OPTION_ANNUAL
CBO_2024_establish_caps_on_federal_spending_for_medicaid__per_enrollee_cap_cpi_growth,CBO_2024_establish_caps_on_federal_spending_for_medicaid,2029,,,-83.0,https://www.cbo.gov/budget-options/60896,CBO_BUDGET_OPTION_ANNUAL
CBO_2024_establish_caps_on_federal_spending_for_medicaid__per_enrollee_cap_cpi_growth,CBO_2024_establish_caps_on_federal_spending_for_medicaid,2030,,,-103.0,https://www.cbo.gov/budget-options/60896,CBO_BUDGET_OPTION_ANNUAL
CBO_2024_establish_caps_on_federal_spending_for_medicaid__per_enrollee_cap_cpi_growth,CBO_2024_establish_caps_on_federal_spending_for_medicaid,2031,,,-124.0,https://www.cbo.gov/budget-options/60896,CBO_BUDGET_OPTION_ANNUAL
CBO_2024_establish_caps_on_federal_spending_for_medicaid__per_enrollee_cap_cpi_growth,CBO_2024_establish_caps_on_federal_spending_for_medicaid,2032,,,-147.0,https://www.cbo.gov/budget-options/60896,CBO_BUDGET_OPTION_ANNUAL
CBO_2024_establish_caps_on_federal_spending_for_medicaid__per_enrollee_cap_cpi_growth,CBO_2024_establish_caps_on_federal_spending_for_medicaid,2033,,,-171.0,https://www.cbo.gov/budget-options/60896,CBO_BUDGET_OPTION_ANNUAL
CBO_2024_establish_caps_on_federal_spending_for_medicaid__per_enrollee_cap_cpi_growth,CBO_2024_establish_caps_on_federal_spending_for_medicaid,2034,,,-197.0,https://www.cbo.gov/budget-options/60896,CBO_BUDGET_OPTION_ANNUAL
CBO_2024_establish_caps_on_federal_spending_for_medicaid__per_enrollee_cap_cpi_plus_1_percentage_point,CBO_2024_establish_caps_on_federal_spending_for_medicaid,2025,,,0.0,https://www.cbo.gov/budget-options/60896,CBO_BUDGET_OPTION_ANNUAL
CBO_2024_establish_caps_on_federal_spending_for_medicaid__per_enrollee_cap_cpi_plus_1_percentage_point,CBO_2024_establish_caps_on_federal_spending_for_medicaid,2026,,,-2.0,https://www.cbo.gov/budget-options/60896,CBO_BUDGET_OPTION_ANNUAL
CBO_2024_establish_caps_on_federal_spending_for_medicaid__per_enrollee_cap_cpi_plus_1_percentage_point,CBO_2024_establish_caps_on_federal_spending_for_medicaid,2027,,,-3.0,https://www.cbo.gov/budget-options/60896,CBO_BUDGET_OPTION_ANNUAL
CBO_2024_establish_caps_on_federal_spending_for_medicaid__per_enrollee_cap_cpi_plus_1_percentage_point,CBO_2024_establish_caps_on_federal_spending_for_medicaid,2028,,,-40.0,https://www.cbo.gov/budget-options/60896,CBO_BUDGET_OPTION_ANNUAL
CBO_2024_establish_caps_on_federal_spending_for_medicaid__per_enrollee_cap_cpi_plus_1_percentage_point,CBO_2024_establish_caps_on_federal_spending_for_medicaid,2029,,,-54.0,https://www.cbo.gov/budget-options/60896,CBO_BUDGET_OPTION_ANNUAL
CBO_2024_establish_caps_on_federal_spending_for_medicaid__per_enrollee_cap_cpi_plus_1_percentage_point,CBO_2024_establish_caps_on_federal_spending_for_medicaid,2030,,,-68.0,https://www.cbo.gov/budget-options/60896,CBO_BUDGET_OPTION_ANNUAL
CBO_2024_establish_caps_on_federal_spending_for_medicaid__per_enrollee_cap_cpi_plus_1_percentage_point,CBO_2024_establish_caps_on_federal_spending_for_medicaid,2031,,,-81.0,https://www.cbo.gov/budget-options/60896,CBO_BUDGET_OPTION_ANNUAL
CBO_2024_establish_caps_on_federal_spending_for_medicaid__per_enrollee_cap_cpi_plus_1_percentage_point,CBO_2024_establish_caps_on_federal_spending_for_medicaid,2032,,,-96.0,https://www.cbo.gov/budget-options/60896,CBO_BUDGET_OPTION_ANNUAL
CBO_2024_establish_caps_on_federal_spending_for_medicaid__per_enrollee_cap_cpi_plus_1_percentage_point,CBO_2024_establish_caps_on_federal_spending_for_medicaid,2033,,,-113.0,https://www.cbo.gov/budget-options/60896,CBO_BUDGET_OPTION_ANNUAL
CBO_2024_establish_caps_on_federal_spending_for_medicaid__per_enrollee_cap_cpi_plus_1_percentage_point,CBO_2024_establish_caps_on_federal_spending_for_medicaid,2034,,,-131.0,https://www.cbo.gov/budget-options/60896,CBO_BUDGET_OPTION_ANNUAL
CBO_2024_limit_state_taxes_on_health_care_providers__limit_provider_taxes_to_5_percent,CBO_2024_limit_state_taxes_on_health_care_providers,2025,,,0.0,https://www.cbo.gov/budget-options/60897,CBO_BUDGET_OPTION_ANNUAL
CBO_2024_limit_state_taxes_on_health_care_providers__limit_provider_taxes_to_5_percent,CBO_2024_limit_state_taxes_on_health_care_providers,2026,,,-2.0,https://www.cbo.gov/budget-options/60897,CBO_BUDGET_OPTION_ANNUAL
CBO_2024_limit_state_taxes_on_health_care_providers__limit_provider_taxes_to_5_percent,CBO_2024_limit_state_taxes_on_health_care_providers,2027,,,-3.0,https://www.cbo.gov/budget-options/60897,CBO_BUDGET_OPTION_ANNUAL
CBO_2024_limit_state_taxes_on_health_care_providers__limit_provider_taxes_to_5_percent,CBO_2024_limit_state_taxes_on_health_care_providers,2028,,,-4.0,https://www.cbo.gov/budget-options/60897,CBO_BUDGET_OPTION_ANNUAL
CBO_2024_limit_state_taxes_on_health_care_providers__limit_provider_taxes_to_5_percent,CBO_2024_limit_state_taxes_on_health_care_providers,2029,,,-5.0,https://www.cbo.gov/budget-options/60897,CBO_BUDGET_OPTION_ANNUAL
CBO_2024_limit_state_taxes_on_health_care_providers__limit_provider_taxes_to_5_percent,CBO_2024_limit_state_taxes_on_health_care_providers,2030,,,-6.0,https://www.cbo.gov/budget-options/60897,CBO_BUDGET_OPTION_ANNUAL
CBO_2024_limit_state_taxes_on_health_care_providers__limit_provider_taxes_to_5_percent,CBO_2024_limit_state_taxes_on_health_care_providers,2031,,,-6.0,https://www.cbo.gov/budget-options/60897,CBO_BUDGET_OPTION_ANNUAL
CBO_2024_limit_state_taxes_on_health_care_providers__limit_provider_taxes_to_5_percent,CBO_2024_limit_state_taxes_on_health_care_providers,2032,,,-7.0,https://www.cbo.gov/budget-options/60897,CBO_BUDGET_OPTION_ANNUAL
CBO_2024_limit_state_taxes_on_health_care_providers__limit_provider_taxes_to_5_percent,CBO_2024_limit_state_taxes_on_health_care_providers,2033,,,-7.0,https://www.cbo.gov/budget-options/60897,CBO_BUDGET_OPTION_ANNUAL
CBO_2024_limit_state_taxes_on_health_care_providers__limit_provider_taxes_to_5_percent,CBO_2024_limit_state_taxes_on_health_care_providers,2034,,,-8.0,https://www.cbo.gov/budget-options/60897,CBO_BUDGET_OPTION_ANNUAL
CBO_2024_limit_state_taxes_on_health_care_providers__limit_provider_taxes_to_2_5_percent,CBO_2024_limit_state_taxes_on_health_care_providers,2025,,,0.0,https://www.cbo.gov/budget-options/60897,CBO_BUDGET_OPTION_ANNUAL
CBO_2024_limit_state_taxes_on_health_care_providers__limit_provider_taxes_to_2_5_percent,CBO_2024_limit_state_taxes_on_health_care_providers,2026,,,-13.0,https://www.cbo.gov/budget-options/60897,CBO_BUDGET_OPTION_ANNUAL
CBO_2024_limit_state_taxes_on_health_care_providers__limit_provider_taxes_to_2_5_percent,CBO_2024_limit_state_taxes_on_health_care_providers,2027,,,-16.0,https://www.cbo.gov/budget-options/60897,CBO_BUDGET_OPTION_ANNUAL
CBO_2024_limit_state_taxes_on_health_care_providers__limit_provider_taxes_to_2_5_percent,CBO_2024_limit_state_taxes_on_health_care_providers,2028,,,-19.0,https://www.cbo.gov/budget-options/60897,CBO_BUDGET_OPTION_ANNUAL
CBO_2024_limit_state_taxes_on_health_care_providers__limit_provider_taxes_to_2_5_percent,CBO_2024_limit_state_taxes_on_health_care_providers,2029,,,-23.0,https://www.cbo.gov/budget-options/60897,CBO_BUDGET_OPTION_ANNUAL
CBO_2024_limit_state_taxes_on_health_care_providers__limit_provider_taxes_to_2_5_percent,CBO_2024_limit_state_taxes_on_health_care_providers,2030,,,-28.0,https://www.cbo.gov/budget-options/60897,CBO_BUDGET_OPTION_ANNUAL
CBO_2024_limit_state_taxes_on_health_care_providers__limit_provider_taxes_to_2_5_percent,CBO_2024_limit_state_taxes_on_health_care_providers,2031,,,-31.0,https://www.cbo.gov/budget-options/60897,CBO_BUDGET_OPTION_ANNUAL
CBO_2024_limit_state_taxes_on_health_care_providers__limit_provider_taxes_to_2_5_percent,CBO_2024_limit_state_taxes_on_health_care_providers,2032,,,-34.0,https://www.cbo.gov/budget-options/60897,CBO_BUDGET_OPTION_ANNUAL
CBO_2024_limit_state_taxes_on_health_care_providers__limit_provider_taxes_to_2_5_percent,CBO_2024_limit_state_taxes_on_health_care_providers,2033,,,-37.0,https://www.cbo.gov/budget-options/60897,CBO_BUDGET_OPTION_ANNUAL
CBO_2024_limit_state_taxes_on_health_care_providers__limit_provider_taxes_to_2_5_percent,CBO_2024_limit_state_taxes_on_health_care_providers,2034,,,-40.0,https://www.cbo.gov/budget-options/60897,CBO_BUDGET_OPTION_ANNUAL
CBO_2024_limit_state_taxes_on_health_care_providers__eliminate_provider_tax_threshold,CBO_2024_limit_state_taxes_on_health_care_providers,2025,,,0.0,https://www.cbo.gov/budget-options/60897,CBO_BUDGET_OPTION_ANNUAL
CBO_2024_limit_state_taxes_on_health_care_providers__eliminate_provider_tax_threshold,CBO_2024_limit_state_taxes_on_health_care_providers,2026,,,-32.0,https://www.cbo.gov/budget-options/60897,CBO_BUDGET_OPTION_ANNUAL
CBO_2024_limit_state_taxes_on_health_care_providers__eliminate_provider_tax_threshold,CBO_2024_limit_state_taxes_on_health_care_providers,2027,,,-40.0,https://www.cbo.gov/budget-options/60897,CBO_BUDGET_OPTION_ANNUAL
CBO_2024_limit_state_taxes_on_health_care_providers__eliminate_provider_tax_threshold,CBO_2024_limit_state_taxes_on_health_care_providers,2028,,,-50.0,https://www.cbo.gov/budget-options/60897,CBO_BUDGET_OPTION_ANNUAL
CBO_2024_limit_state_taxes_on_health_care_providers__eliminate_provider_tax_threshold,CBO_2024_limit_state_taxes_on_health_care_providers,2029,,,-60.0,https://www.cbo.gov/budget-options/60897,CBO_BUDGET_OPTION_ANNUAL
CBO_2024_limit_state_taxes_on_health_care_providers__eliminate_provider_tax_threshold,CBO_2024_limit_state_taxes_on_health_care_providers,2030,,,-72.0,https://www.cbo.gov/budget-options/60897,CBO_BUDGET_OPTION_ANNUAL
CBO_2024_limit_state_taxes_on_health_care_providers__eliminate_provider_tax_threshold,CBO_2024_limit_state_taxes_on_health_care_providers,2031,,,-79.0,https://www.cbo.gov/budget-options/60897,CBO_BUDGET_OPTION_ANNUAL
CBO_2024_limit_state_taxes_on_health_care_providers__eliminate_provider_tax_threshold,CBO_2024_limit_state_taxes_on_health_care_providers,2032,,,-85.0,https://www.cbo.gov/budget-options/60897,CBO_BUDGET_OPTION_ANNUAL
CBO_2024_limit_state_taxes_on_health_care_providers__eliminate_provider_tax_threshold,CBO_2024_limit_state_taxes_on_health_care_providers,2033,,,-93.0,https://www.cbo.gov/budget-options/60897,CBO_BUDGET_OPTION_ANNUAL
CBO_2024_limit_state_taxes_on_health_care_providers__eliminate_provider_tax_threshold,CBO_2024_limit_state_taxes_on_health_care_providers,2034,,,-101.0,https://www.cbo.gov/budget-options/60897,CBO_BUDGET_OPTION_ANNUAL
CBO_2024_reduce_federal_medicaid_matching_rates__apply_same_administrative_matching_rate,CBO_2024_reduce_federal_medicaid_matching_rates,2025,0,,0.0,https://www.cbo.gov/budget-options/60898,CBO_BUDGET_OPTION_ANNUAL
CBO_2024_reduce_federal_medicaid_matching_rates__apply_same_administrative_matching_rate,CBO_2024_reduce_federal_medicaid_matching_rates,2026,-6,,-6.0,https://www.cbo.gov/budget-options/60898,CBO_BUDGET_OPTION_ANNUAL
CBO_2024_reduce_federal_medicaid_matching_rates__apply_same_administrative_matching_rate,CBO_2024_reduce_federal_medicaid_matching_rates,2027,-7,,-7.0,https://www.cbo.gov/budget-options/60898,CBO_BUDGET_OPTION_ANNUAL
CBO_2024_reduce_federal_medicaid_matching_rates__apply_same_administrative_matching_rate,CBO_2024_reduce_federal_medicaid_matching_rates,2028,-7,,-7.0,https://www.cbo.gov/budget-options/60898,CBO_BUDGET_OPTION_ANNUAL
CBO_2024_reduce_federal_medicaid_matching_rates__apply_same_administrative_matching_rate,CBO_2024_reduce_federal_medicaid_matching_rates,2029,-7,,-7.0,https://www.cbo.gov/budget-options/60898,CBO_BUDGET_OPTION_ANNUAL
CBO_2024_reduce_federal_medicaid_matching_rates__apply_same_administrative_matching_rate,CBO_2024_reduce_federal_medicaid_matching_rates,2030,-8,,-8.0,https://www.cbo.gov/budget-options/60898,CBO_BUDGET_OPTION_ANNUAL
CBO_2024_reduce_federal_medicaid_matching_rates__apply_same_administrative_matching_rate,CBO_2024_reduce_federal_medicaid_matching_rates,2031,-8,,-8.0,https://www.cbo.gov/budget-options/60898,CBO_BUDGET_OPTION_ANNUAL
CBO_2024_reduce_federal_medicaid_matching_rates__apply_same_administrative_matching_rate,CBO_2024_reduce_federal_medicaid_matching_rates,2032,-8,,-8.0,https://www.cbo.gov/budget-options/60898,CBO_BUDGET_OPTION_ANNUAL
CBO_2024_reduce_federal_medicaid_matching_rates__apply_same_administrative_matching_rate,CBO_2024_reduce_federal_medicaid_matching_rates,2033,-9,,-9.0,https://www.cbo.gov/budget-options/60898,CBO_BUDGET_OPTION_ANNUAL
CBO_2024_reduce_federal_medicaid_matching_rates__apply_same_administrative_matching_rate,CBO_2024_reduce_federal_medicaid_matching_rates,2034,-9,,-9.0,https://www.cbo.gov/budget-options/60898,CBO_BUDGET_OPTION_ANNUAL
CBO_2024_reduce_federal_medicaid_matching_rates__remove_statutory_fmap_floor,CBO_2024_reduce_federal_medicaid_matching_rates,2025,0,,0.0,https://www.cbo.gov/budget-options/60898,CBO_BUDGET_OPTION_ANNUAL
CBO_2024_reduce_federal_medicaid_matching_rates__remove_statutory_fmap_floor,CBO_2024_reduce_federal_medicaid_matching_rates,2026,-48,,-48.0,https://www.cbo.gov/budget-options/60898,CBO_BUDGET_OPTION_ANNUAL
CBO_2024_reduce_federal_medicaid_matching_rates__remove_statutory_fmap_floor,CBO_2024_reduce_federal_medicaid_matching_rates,2027,-50,,-50.0,https://www.cbo.gov/budget-options/60898,CBO_BUDGET_OPTION_ANNUAL
CBO_2024_reduce_federal_medicaid_matching_rates__remove_statutory_fmap_floor,CBO_2024_reduce_federal_medicaid_matching_rates,2028,-53,,-53.0,https://www.cbo.gov/budget-options/60898,CBO_BUDGET_OPTION_ANNUAL
CBO_2024_reduce_federal_medicaid_matching_rates__remove_statutory_fmap_floor,CBO_2024_reduce_federal_medicaid_matching_rates,2029,-56,,-56.0,https://www.cbo.gov/budget-options/60898,CBO_BUDGET_OPTION_ANNUAL
CBO_2024_reduce_federal_medicaid_matching_rates__remove_statutory_fmap_floor,CBO_2024_reduce_federal_medicaid_matching_rates,2030,-59,,-59.0,https://www.cbo.gov/budget-options/60898,CBO_BUDGET_OPTION_ANNUAL
CBO_2024_reduce_federal_medicaid_matching_rates__remove_statutory_fmap_floor,CBO_2024_reduce_federal_medicaid_matching_rates,2031,-61,,-61.0,https://www.cbo.gov/budget-options/60898,CBO_BUDGET_OPTION_ANNUAL
CBO_2024_reduce_federal_medicaid_matching_rates__remove_statutory_fmap_floor,CBO_2024_reduce_federal_medicaid_matching_rates,2032,-64,,-64.0,https://www.cbo.gov/budget-options/60898,CBO_BUDGET_OPTION_ANNUAL
CBO_2024_reduce_federal_medicaid_matching_rates__remove_statutory_fmap_floor,CBO_2024_reduce_federal_medicaid_matching_rates,2033,-68,,-68.0,https://www.cbo.gov/budget-options/60898,CBO_BUDGET_OPTION_ANNUAL
CBO_2024_reduce_federal_medicaid_matching_rates__remove_statutory_fmap_floor,CBO_2024_reduce_federal_medicaid_matching_rates,2034,-71,,-71.0,https://www.cbo.gov/budget-options/60898,CBO_BUDGET_OPTION_ANNUAL
CBO_2024_reduce_federal_medicaid_matching_rates__reduce_aca_expansion_matching_rate,CBO_2024_reduce_federal_medicaid_matching_rates,2025,0,,0.0,https://www.cbo.gov/budget-options/60898,CBO_BUDGET_OPTION_ANNUAL
CBO_2024_reduce_federal_medicaid_matching_rates__reduce_aca_expansion_matching_rate,CBO_2024_reduce_federal_medicaid_matching_rates,2026,-43,,-43.0,https://www.cbo.gov/budget-options/60898,CBO_BUDGET_OPTION_ANNUAL
CBO_2024_reduce_federal_medicaid_matching_rates__reduce_aca_expansion_matching_rate,CBO_2024_reduce_federal_medicaid_matching_rates,2027,-46,,-46.0,https://www.cbo.gov/budget-options/60898,CBO_BUDGET_OPTION_ANNUAL
CBO_2024_reduce_federal_medicaid_matching_rates__reduce_aca_expansion_matching_rate,CBO_2024_reduce_federal_medicaid_matching_rates,2028,-51,,-51.0,https://www.cbo.gov/budget-options/60898,CBO_BUDGET_OPTION_ANNUAL
CBO_2024_reduce_federal_medicaid_matching_rates__reduce_aca_expansion_matching_rate,CBO_2024_reduce_federal_medicaid_matching_rates,2029,-58,,-58.0,https://www.cbo.gov/budget-options/60898,CBO_BUDGET_OPTION_ANNUAL
CBO_2024_reduce_federal_medicaid_matching_rates__reduce_aca_expansion_matching_rate,CBO_2024_reduce_federal_medicaid_matching_rates,2030,-63,,-63.0,https://www.cbo.gov/budget-options/60898,CBO_BUDGET_OPTION_ANNUAL
CBO_2024_reduce_federal_medicaid_matching_rates__reduce_aca_expansion_matching_rate,CBO_2024_reduce_federal_medicaid_matching_rates,2031,-67,,-67.0,https://www.cbo.gov/budget-options/60898,CBO_BUDGET_OPTION_ANNUAL
CBO_2024_reduce_federal_medicaid_matching_rates__reduce_aca_expansion_matching_rate,CBO_2024_reduce_federal_medicaid_matching_rates,2032,-72,,-72.0,https://www.cbo.gov/budget-options/60898,CBO_BUDGET_OPTION_ANNUAL
CBO_2024_reduce_federal_medicaid_matching_rates__reduce_aca_expansion_matching_rate,CBO_2024_reduce_federal_medicaid_matching_rates,2033,-78,,-78.0,https://www.cbo.gov/budget-options/60898,CBO_BUDGET_OPTION_ANNUAL
CBO_2024_reduce_federal_medicaid_matching_rates__reduce_aca_expansion_matching_rate,CBO_2024_reduce_federal_medicaid_matching_rates,2034,-83,,-83.0,https://www.cbo.gov/budget-options/60898,CBO_BUDGET_OPTION_ANNUAL
CBO_2024_increase_the_premiums_paid_for_medicare_part_b__increase_part_b_premiums,CBO_2024_increase_the_premiums_paid_for_medicare_part_b,2025,,,0.0,https://www.cbo.gov/budget-options/60899,CBO_BUDGET_OPTION_ANNUAL
CBO_2024_increase_the_premiums_paid_for_medicare_part_b__increase_part_b_premiums,CBO_2024_increase_the_premiums_paid_for_medicare_part_b,2026,,,-10.0,https://www.cbo.gov/budget-options/60899,CBO_BUDGET_OPTION_ANNUAL
CBO_2024_increase_the_premiums_paid_for_medicare_part_b__increase_part_b_premiums,CBO_2024_increase_the_premiums_paid_for_medicare_part_b,2027,,,-21.0,https://www.cbo.gov/budget-options/60899,CBO_BUDGET_OPTION_ANNUAL
CBO_2024_increase_the_premiums_paid_for_medicare_part_b__increase_part_b_premiums,CBO_2024_increase_the_premiums_paid_for_medicare_part_b,2028,,,-34.0,https://www.cbo.gov/budget-options/60899,CBO_BUDGET_OPTION_ANNUAL
CBO_2024_increase_the_premiums_paid_for_medicare_part_b__increase_part_b_premiums,CBO_2024_increase_the_premiums_paid_for_medicare_part_b,2029,,,-49.0,https://www.cbo.gov/budget-options/60899,CBO_BUDGET_OPTION_ANNUAL
CBO_2024_increase_the_premiums_paid_for_medicare_part_b__increase_part_b_premiums,CBO_2024_increase_the_premiums_paid_for_medicare_part_b,2030,,,-67.0,https://www.cbo.gov/budget-options/60899,CBO_BUDGET_OPTION_ANNUAL
CBO_2024_increase_the_premiums_paid_for_medicare_part_b__increase_part_b_premiums,CBO_2024_increase_the_premiums_paid_for_medicare_part_b,2031,,,-72.0,https://www.cbo.gov/budget-options/60899,CBO_BUDGET_OPTION_ANNUAL
CBO_2024_increase_the_premiums_paid_for_medicare_part_b__increase_part_b_premiums,CBO_2024_increase_the_premiums_paid_for_medicare_part_b,2032,,,-78.0,https://www.cbo.gov/budget-options/60899,CBO_BUDGET_OPTION_ANNUAL
CBO_2024_increase_the_premiums_paid_for_medicare_part_b__increase_part_b_premiums,CBO_2024_increase_the_premiums_paid_for_medicare_part_b,2033,,,-86.0,https://www.cbo.gov/budget-options/60899,CBO_BUDGET_OPTION_ANNUAL
CBO_2024_increase_the_premiums_paid_for_medicare_part_b__increase_part_b_premiums,CBO_2024_increase_the_premiums_paid_for_medicare_part_b,2034,,,-93.0,https://www.cbo.gov/budget-options/60899,CBO_BUDGET_OPTION_ANNUAL
CBO_2024_reduce_medicare_advantage_benchmarks__reduce_benchmarks_by_10_percent,CBO_2024_reduce_medicare_advantage_benchmarks,2025,0,,0.0,https://www.cbo.gov/budget-options/60900,CBO_BUDGET_OPTION_ANNUAL
CBO_2024_reduce_medicare_advantage_benchmarks__reduce_benchmarks_by_10_percent,CBO_2024_reduce_medicare_advantage_benchmarks,2026,0,,0.0,https://www.cbo.gov/budget-options/60900,CBO_BUDGET_OPTION_ANNUAL
CBO_2024_reduce_medicare_advantage_benchmarks__reduce_benchmarks_by_10_percent,CBO_2024_reduce_medicare_advantage_benchmarks,2027,-18,,-18.0,https://www.cbo.gov/budget-options/60900,CBO_BUDGET_OPTION_ANNUAL
CBO_2024_reduce_medicare_advantage_benchmarks__reduce_benchmarks_by_10_percent,CBO_2024_reduce_medicare_advantage_benchmarks,2028,-50,,-50.0,https://www.cbo.gov/budget-options/60900,CBO_BUDGET_OPTION_ANNUAL
CBO_2024_reduce_medicare_advantage_benchmarks__reduce_benchmarks_by_10_percent,CBO_2024_reduce_medicare_advantage_benchmarks,2029,-52,,-52.0,https://www.cbo.gov/budget-options/60900,CBO_BUDGET_OPTION_ANNUAL
CBO_2024_reduce_medicare_advantage_benchmarks__reduce_benchmarks_by_10_percent,CBO_2024_reduce_medicare_advantage_benchmarks,2030,-61,,-61.0,https://www.cbo.gov/budget-options/60900,CBO_BUDGET_OPTION_ANNUAL
CBO_2024_reduce_medicare_advantage_benchmarks__reduce_benchmarks_by_10_percent,CBO_2024_reduce_medicare_advantage_benchmarks,2031,-66,,-66.0,https://www.cbo.gov/budget-options/60900,CBO_BUDGET_OPTION_ANNUAL
CBO_2024_reduce_medicare_advantage_benchmarks__reduce_benchmarks_by_10_percent,CBO_2024_reduce_medicare_advantage_benchmarks,2032,-72,,-72.0,https://www.cbo.gov/budget-options/60900,CBO_BUDGET_OPTION_ANNUAL
CBO_2024_reduce_medicare_advantage_benchmarks__reduce_benchmarks_by_10_percent,CBO_2024_reduce_medicare_advantage_benchmarks,2033,-85,,-85.0,https://www.cbo.gov/budget-options/60900,CBO_BUDGET_OPTION_ANNUAL
CBO_2024_reduce_medicare_advantage_benchmarks__reduce_benchmarks_by_10_percent,CBO_2024_reduce_medicare_advantage_benchmarks,2034,-85,,-85.0,https://www.cbo.gov/budget-options/60900,CBO_BUDGET_OPTION_ANNUAL
CBO_2024_adopt_a_voucher_plan_and_slow_the_growth_of_federal_contributions_for_federal_employees_health_benefits__cpi_u_indexing,CBO_2024_adopt_a_voucher_plan_and_slow_the_growth_of_federal_contributions_for_federal_employees_health_benefits,2025,,,0.0,https://www.cbo.gov/budget-options/60901,CBO_BUDGET_OPTION_ANNUAL
CBO_2024_adopt_a_voucher_plan_and_slow_the_growth_of_federal_contributions_for_federal_employees_health_benefits__cpi_u_indexing,CBO_2024_adopt_a_voucher_plan_and_slow_the_growth_of_federal_contributions_for_federal_employees_health_benefits,2026,,,0.0,https://www.cbo.gov/budget-options/60901,CBO_BUDGET_OPTION_ANNUAL
CBO_2024_adopt_a_voucher_plan_and_slow_the_growth_of_federal_contributions_for_federal_employees_health_benefits__cpi_u_indexing,CBO_2024_adopt_a_voucher_plan_and_slow_the_growth_of_federal_contributions_for_federal_employees_health_benefits,2027,,,-0.7,https://www.cbo.gov/budget-options/60901,CBO_BUDGET_OPTION_ANNUAL
CBO_2024_adopt_a_voucher_plan_and_slow_the_growth_of_federal_contributions_for_federal_employees_health_benefits__cpi_u_indexing,CBO_2024_adopt_a_voucher_plan_and_slow_the_growth_of_federal_contributions_for_federal_employees_health_benefits,2028,,,-1.5,https://www.cbo.gov/budget-options/60901,CBO_BUDGET_OPTION_ANNUAL
CBO_2024_adopt_a_voucher_plan_and_slow_the_growth_of_federal_contributions_for_federal_employees_health_benefits__cpi_u_indexing,CBO_2024_adopt_a_voucher_plan_and_slow_the_growth_of_federal_contributions_for_federal_employees_health_benefits,2029,,,-2.1,https://www.cbo.gov/budget-options/60901,CBO_BUDGET_OPTION_ANNUAL
CBO_2024_adopt_a_voucher_plan_and_slow_the_growth_of_federal_contributions_for_federal_employees_health_benefits__cpi_u_indexing,CBO_2024_adopt_a_voucher_plan_and_slow_the_growth_of_federal_contributions_for_federal_employees_health_benefits,2030,,,-3.3,https://www.cbo.gov/budget-options/60901,CBO_BUDGET_OPTION_ANNUAL
CBO_2024_adopt_a_voucher_plan_and_slow_the_growth_of_federal_contributions_for_federal_employees_health_benefits__cpi_u_indexing,CBO_2024_adopt_a_voucher_plan_and_slow_the_growth_of_federal_contributions_for_federal_employees_health_benefits,2031,,,-4.5,https://www.cbo.gov/budget-options/60901,CBO_BUDGET_OPTION_ANNUAL
CBO_2024_adopt_a_voucher_plan_and_slow_the_growth_of_federal_contributions_for_federal_employees_health_benefits__cpi_u_indexing,CBO_2024_adopt_a_voucher_plan_and_slow_the_growth_of_federal_contributions_for_federal_employees_health_benefits,2032,,,-5.3,https://www.cbo.gov/budget-options/60901,CBO_BUDGET_OPTION_ANNUAL
CBO_2024_adopt_a_voucher_plan_and_slow_the_growth_of_federal_contributions_for_federal_employees_health_benefits__cpi_u_indexing,CBO_2024_adopt_a_voucher_plan_and_slow_the_growth_of_federal_contributions_for_federal_employees_health_benefits,2033,,,-6.6,https://www.cbo.gov/budget-options/60901,CBO_BUDGET_OPTION_ANNUAL
CBO_2024_adopt_a_voucher_plan_and_slow_the_growth_of_federal_contributions_for_federal_employees_health_benefits__cpi_u_indexing,CBO_2024_adopt_a_voucher_plan_and_slow_the_growth_of_federal_contributions_for_federal_employees_health_benefits,2034,,,-7.7,https://www.cbo.gov/budget-options/60901,CBO_BUDGET_OPTION_ANNUAL
CBO_2024_adopt_a_voucher_plan_and_slow_the_growth_of_federal_contributions_for_federal_employees_health_benefits__chained_cpi_indexing,CBO_2024_adopt_a_voucher_plan_and_slow_the_growth_of_federal_contributions_for_federal_employees_health_benefits,2025,,,0.0,https://www.cbo.gov/budget-options/60901,CBO_BUDGET_OPTION_ANNUAL
CBO_2024_adopt_a_voucher_plan_and_slow_the_growth_of_federal_contributions_for_federal_employees_health_benefits__chained_cpi_indexing,CBO_2024_adopt_a_voucher_plan_and_slow_the_growth_of_federal_contributions_for_federal_employees_health_benefits,2026,,,0.0,https://www.cbo.gov/budget-options/60901,CBO_BUDGET_OPTION_ANNUAL
CBO_2024_adopt_a_voucher_plan_and_slow_the_growth_of_federal_contributions_for_federal_employees_health_benefits__chained_cpi_indexing,CBO_2024_adopt_a_voucher_plan_and_slow_the_growth_of_federal_contributions_for_federal_employees_health_benefits,2027,,,-0.8,https://www.cbo.gov/budget-options/60901,CBO_BUDGET_OPTION_ANNUAL
CBO_2024_adopt_a_voucher_plan_and_slow_the_growth_of_federal_contributions_for_federal_employees_health_benefits__chained_cpi_indexing,CBO_2024_adopt_a_voucher_plan_and_slow_the_growth_of_federal_contributions_for_federal_employees_health_benefits,2028,,,-1.6,https://www.cbo.gov/budget-options/60901,CBO_BUDGET_OPTION_ANNUAL
CBO_2024_adopt_a_voucher_plan_and_slow_the_growth_of_federal_contributions_for_federal_employees_health_benefits__chained_cpi_indexing,CBO_2024_adopt_a_voucher_plan_and_slow_the_growth_of_federal_contributions_for_federal_employees_health_benefits,2029,,,-2.6,https://www.cbo.gov/budget-options/60901,CBO_BUDGET_OPTION_ANNUAL
CBO_2024_adopt_a_voucher_plan_and_slow_the_growth_of_federal_contributions_for_federal_employees_health_benefits__chained_cpi_indexing,CBO_2024_adopt_a_voucher_plan_and_slow_the_growth_of_federal_contributions_for_federal_employees_health_benefits,2030,,,-3.8,https://www.cbo.gov/budget-options/60901,CBO_BUDGET_OPTION_ANNUAL
CBO_2024_adopt_a_voucher_plan_and_slow_the_growth_of_federal_contributions_for_federal_employees_health_benefits__chained_cpi_indexing,CBO_2024_adopt_a_voucher_plan_and_slow_the_growth_of_federal_contributions_for_federal_employees_health_benefits,2031,,,-5.0,https://www.cbo.gov/budget-options/60901,CBO_BUDGET_OPTION_ANNUAL
CBO_2024_adopt_a_voucher_plan_and_slow_the_growth_of_federal_contributions_for_federal_employees_health_benefits__chained_cpi_indexing,CBO_2024_adopt_a_voucher_plan_and_slow_the_growth_of_federal_contributions_for_federal_employees_health_benefits,2032,,,-6.1,https://www.cbo.gov/budget-options/60901,CBO_BUDGET_OPTION_ANNUAL
CBO_2024_adopt_a_voucher_plan_and_slow_the_growth_of_federal_contributions_for_federal_employees_health_benefits__chained_cpi_indexing,CBO_2024_adopt_a_voucher_plan_and_slow_the_growth_of_federal_contributions_for_federal_employees_health_benefits,2033,,,-7.5,https://www.cbo.gov/budget-options/60901,CBO_BUDGET_OPTION_ANNUAL
CBO_2024_adopt_a_voucher_plan_and_slow_the_growth_of_federal_contributions_for_federal_employees_health_benefits__chained_cpi_indexing,CBO_2024_adopt_a_voucher_plan_and_slow_the_growth_of_federal_contributions_for_federal_employees_health_benefits,2034,,,-8.7,https://www.cbo.gov/budget-options/60901,CBO_BUDGET_OPTION_ANNUAL
CBO_2024_introduce_enrollment_fees_in_tricare_for_life__enrollment_fee,CBO_2024_introduce_enrollment_fees_in_tricare_for_life,2025,0,,0.0,https://www.cbo.gov/budget-options/60902,CBO_BUDGET_OPTION_ANNUAL
CBO_2024_introduce_enrollment_fees_in_tricare_for_life__enrollment_fee,CBO_2024_introduce_enrollment_fees_in_tricare_for_life,2026,0,,0.0,https://www.cbo.gov/budget-options/60902,CBO_BUDGET_OPTION_ANNUAL
CBO_2024_introduce_enrollment_fees_in_tricare_for_life__enrollment_fee,CBO_2024_introduce_enrollment_fees_in_tricare_for_life,2027,-1.1,,-1.1,https://www.cbo.gov/budget-options/60902,CBO_BUDGET_OPTION_ANNUAL
CBO_2024_introduce_enrollment_fees_in_tricare_for_life__enrollment_fee,CBO_2024_introduce_enrollment_fees_in_tricare_for_life,2028,-1.7,,-1.7,https://www.cbo.gov/budget-options/60902,CBO_BUDGET_OPTION_ANNUAL
CBO_2024_introduce_enrollment_fees_in_tricare_for_life__enrollment_fee,CBO_2024_introduce_enrollment_fees_in_tricare_for_life,2029,-2.0,,-2.0,https://www.cbo.gov/budget-options/60902,CBO_BUDGET_OPTION_ANNUAL
CBO_2024_introduce_enrollment_fees_in_tricare_for_life__enrollment_fee,CBO_2024_introduce_enrollment_fees_in_tricare_for_life,2030,-2.1,,-2.1,https://www.cbo.gov/budget-options/60902,CBO_BUDGET_OPTION_ANNUAL
CBO_2024_introduce_enrollment_fees_in_tricare_for_life__enrollment_fee,CBO_2024_introduce_enrollment_fees_in_tricare_for_life,2031,-2.3,,-2.3,https://www.cbo.gov/budget-options/60902,CBO_BUDGET_OPTION_ANNUAL
CBO_2024_introduce_enrollment_fees_in_tricare_for_life__enrollment_fee,CBO_2024_introduce_enrollment_fees_in_tricare_for_life,2032,-2.4,,-2.4,https://www.cbo.gov/budget-options/60902,CBO_BUDGET_OPTION_ANNUAL
CBO_2024_introduce_enrollment_fees_in_tricare_for_life__enrollment_fee,CBO_2024_introduce_enrollment_fees_in_tricare_for_life,2033,-2.5,,-2.5,https://www.cbo.gov/budget-options/60902,CBO_BUDGET_OPTION_ANNUAL
CBO_2024_introduce_enrollment_fees_in_tricare_for_life__enrollment_fee,CBO_2024_introduce_enrollment_fees_in_tricare_for_life,2034,-2.6,,-2.6,https://www.cbo.gov/budget-options/60902,CBO_BUDGET_OPTION_ANNUAL
CBO_2024_introduce_minimum_out_of_pocket_requirements_in_tricare_for_life__minimum_out_of_pocket_requirement,CBO_2024_introduce_minimum_out_of_pocket_requirements_in_tricare_for_life,2025,0,,0.0,https://www.cbo.gov/budget-options/60903,CBO_BUDGET_OPTION_ANNUAL
CBO_2024_introduce_minimum_out_of_pocket_requirements_in_tricare_for_life__minimum_out_of_pocket_requirement,CBO_2024_introduce_minimum_out_of_pocket_requirements_in_tricare_for_life,2026,0.1,,0.1,https://www.cbo.gov/budget-options/60903,CBO_BUDGET_OPTION_ANNUAL
CBO_2024_introduce_minimum_out_of_pocket_requirements_in_tricare_for_life__minimum_out_of_pocket_requirement,CBO_2024_introduce_minimum_out_of_pocket_requirements_in_tricare_for_life,2027,0.1,,0.1,https://www.cbo.gov/budget-options/60903,CBO_BUDGET_OPTION_ANNUAL
CBO_2024_introduce_minimum_out_of_pocket_requirements_in_tricare_for_life__minimum_out_of_pocket_requirement,CBO_2024_introduce_minimum_out_of_pocket_requirements_in_tricare_for_life,2028,-2.3,,-2.3,https://www.cbo.gov/budget-options/60903,CBO_BUDGET_OPTION_ANNUAL
CBO_2024_introduce_minimum_out_of_pocket_requirements_in_tricare_for_life__minimum_out_of_pocket_requirement,CBO_2024_introduce_minimum_out_of_pocket_requirements_in_tricare_for_life,2029,-4.1,,-4.1,https://www.cbo.gov/budget-options/60903,CBO_BUDGET_OPTION_ANNUAL
CBO_2024_introduce_minimum_out_of_pocket_requirements_in_tricare_for_life__minimum_out_of_pocket_requirement,CBO_2024_introduce_minimum_out_of_pocket_requirements_in_tricare_for_life,2030,-4.6,,-4.6,https://www.cbo.gov/budget-options/60903,CBO_BUDGET_OPTION_ANNUAL
CBO_2024_introduce_minimum_out_of_pocket_requirements_in_tricare_for_life__minimum_out_of_pocket_requirement,CBO_2024_introduce_minimum_out_of_pocket_requirements_in_tricare_for_life,2031,-4.9,,-4.9,https://www.cbo.gov/budget-options/60903,CBO_BUDGET_OPTION_ANNUAL
CBO_2024_introduce_minimum_out_of_pocket_requirements_in_tricare_for_life__minimum_out_of_pocket_requirement,CBO_2024_introduce_minimum_out_of_pocket_requirements_in_tricare_for_life,2032,-5.0,,-5.0,https://www.cbo.gov/budget-options/60903,CBO_BUDGET_OPTION_ANNUAL
CBO_2024_introduce_minimum_out_of_pocket_requirements_in_tricare_for_life__minimum_out_of_pocket_requirement,CBO_2024_introduce_minimum_out_of_pocket_requirements_in_tricare_for_life,2033,-5.3,,-5.3,https://www.cbo.gov/budget-options/60903,CBO_BUDGET_OPTION_ANNUAL
CBO_2024_introduce_minimum_out_of_pocket_requirements_in_tricare_for_life__minimum_out_of_pocket_requirement,CBO_2024_introduce_minimum_out_of_pocket_requirements_in_tricare_for_life,2034,-5.5,,-5.5,https://www.cbo.gov/budget-options/60903,CBO_BUDGET_OPTION_ANNUAL
CBO_2024_change_the_cost_sharing_rules_for_medicare_and_restrict_medigap_insurance__uniform_medicare_cost_sharing,CBO_2024_change_the_cost_sharing_rules_for_medicare_and_restrict_medigap_insurance,2025,,,0.0,https://www.cbo.gov/budget-options/60904,CBO_BUDGET_OPTION_ANNUAL
CBO_2024_change_the_cost_sharing_rules_for_medicare_and_restrict_medigap_insurance__uniform_medicare_cost_sharing,CBO_2024_change_the_cost_sharing_rules_for_medicare_and_restrict_medigap_insurance,2026,,,0.0,https://www.cbo.gov/budget-options/60904,CBO_BUDGET_OPTION_ANNUAL
CBO_2024_change_the_cost_sharing_rules_for_medicare_and_restrict_medigap_insurance__uniform_medicare_cost_sharing,CBO_2024_change_the_cost_sharing_rules_for_medicare_and_restrict_medigap_insurance,2027,,,0.0,https://www.cbo.gov/budget-options/60904,CBO_BUDGET_OPTION_ANNUAL
CBO_2024_change_the_cost_sharing_rules_for_medicare_and_restrict_medigap_insurance__uniform_medicare_cost_sharing,CBO_2024_change_the_cost_sharing_rules_for_medicare_and_restrict_medigap_insurance,2028,,,-2.0,https://www.cbo.gov/budget-options/60904,CBO_BUDGET_OPTION_ANNUAL
CBO_2024_change_the_cost_sharing_rules_for_medicare_and_restrict_medigap_insurance__uniform_medicare_cost_sharing,CBO_2024_change_the_cost_sharing_rules_for_medicare_and_restrict_medigap_insurance,2029,,,-3.0,https://www.cbo.gov/budget-options/60904,CBO_BUDGET_OPTION_ANNUAL
CBO_2024_change_the_cost_sharing_rules_for_medicare_and_restrict_medigap_insurance__uniform_medicare_cost_sharing,CBO_2024_change_the_cost_sharing_rules_for_medicare_and_restrict_medigap_insurance,2030,,,-3.0,https://www.cbo.gov/budget-options/60904,CBO_BUDGET_OPTION_ANNUAL
CBO_2024_change_the_cost_sharing_rules_for_medicare_and_restrict_medigap_insurance__uniform_medicare_cost_sharing,CBO_2024_change_the_cost_sharing_rules_for_medicare_and_restrict_medigap_insurance,2031,,,-3.0,https://www.cbo.gov/budget-options/60904,CBO_BUDGET_OPTION_ANNUAL
CBO_2024_change_the_cost_sharing_rules_for_medicare_and_restrict_medigap_insurance__uniform_medicare_cost_sharing,CBO_2024_change_the_cost_sharing_rules_for_medicare_and_restrict_medigap_insurance,2032,,,-3.0,https://www.cbo.gov/budget-options/60904,CBO_BUDGET_OPTION_ANNUAL
CBO_2024_change_the_cost_sharing_rules_for_medicare_and_restrict_medigap_insurance__uniform_medicare_cost_sharing,CBO_2024_change_the_cost_sharing_rules_for_medicare_and_restrict_medigap_insurance,2033,,,-3.0,https://www.cbo.gov/budget-options/60904,CBO_BUDGET_OPTION_ANNUAL
CBO_2024_change_the_cost_sharing_rules_for_medicare_and_restrict_medigap_insurance__uniform_medicare_cost_sharing,CBO_2024_change_the_cost_sharing_rules_for_medicare_and_restrict_medigap_insurance,2034,,,-3.0,https://www.cbo.gov/budget-options/60904,CBO_BUDGET_OPTION_ANNUAL
CBO_2024_change_the_cost_sharing_rules_for_medicare_and_restrict_medigap_insurance__restrict_medigap_first_dollar_coverage,CBO_2024_change_the_cost_sharing_rules_for_medicare_and_restrict_medigap_insurance,2025,,,0.0,https://www.cbo.gov/budget-options/60904,CBO_BUDGET_OPTION_ANNUAL
CBO_2024_change_the_cost_sharing_rules_for_medicare_and_restrict_medigap_insurance__restrict_medigap_first_dollar_coverage,CBO_2024_change_the_cost_sharing_rules_for_medicare_and_restrict_medigap_insurance,2026,,,0.0,https://www.cbo.gov/budget-options/60904,CBO_BUDGET_OPTION_ANNUAL
CBO_2024_change_the_cost_sharing_rules_for_medicare_and_restrict_medigap_insurance__restrict_medigap_first_dollar_coverage,CBO_2024_change_the_cost_sharing_rules_for_medicare_and_restrict_medigap_insurance,2027,,,0.0,https://www.cbo.gov/budget-options/60904,CBO_BUDGET_OPTION_ANNUAL
CBO_2024_change_the_cost_sharing_rules_for_medicare_and_restrict_medigap_insurance__restrict_medigap_first_dollar_coverage,CBO_2024_change_the_cost_sharing_rules_for_medicare_and_restrict_medigap_insurance,2028,,,-11.0,https://www.cbo.gov/budget-options/60904,CBO_BUDGET_OPTION_ANNUAL
CBO_2024_change_the_cost_sharing_rules_for_medicare_and_restrict_medigap_insurance__restrict_medigap_first_dollar_coverage,CBO_2024_change_the_cost_sharing_rules_for_medicare_and_restrict_medigap_insurance,2029,,,-15.0,https://www.cbo.gov/budget-options/60904,CBO_BUDGET_OPTION_ANNUAL
CBO_2024_change_the_cost_sharing_rules_for_medicare_and_restrict_medigap_insurance__restrict_medigap_first_dollar_coverage,CBO_2024_change_the_cost_sharing_rules_for_medicare_and_restrict_medigap_insurance,2030,,,-16.0,https://www.cbo.gov/budget-options/60904,CBO_BUDGET_OPTION_ANNUAL
CBO_2024_change_the_cost_sharing_rules_for_medicare_and_restrict_medigap_insurance__restrict_medigap_first_dollar_coverage,CBO_2024_change_the_cost_sharing_rules_for_medicare_and_restrict_medigap_insurance,2031,,,-17.0,https://www.cbo.gov/budget-options/60904,CBO_BUDGET_OPTION_ANNUAL
CBO_2024_change_the_cost_sharing_rules_for_medicare_and_restrict_medigap_insurance__restrict_medigap_first_dollar_coverage,CBO_2024_change_the_cost_sharing_rules_for_medicare_and_restrict_medigap_insurance,2032,,,-18.0,https://www.cbo.gov/budget-options/60904,CBO_BUDGET_OPTION_ANNUAL
CBO_2024_change_the_cost_sharing_rules_for_medicare_and_restrict_medigap_insurance__restrict_medigap_first_dollar_coverage,CBO_2024_change_the_cost_sharing_rules_for_medicare_and_restrict_medigap_insurance,2033,,,-19.0,https://www.cbo.gov/budget-options/60904,CBO_BUDGET_OPTION_ANNUAL
CBO_2024_change_the_cost_sharing_rules_for_medicare_and_restrict_medigap_insurance__restrict_medigap_first_dollar_coverage,CBO_2024_change_the_cost_sharing_rules_for_medicare_and_restrict_medigap_insurance,2034,,,-20.0,https://www.cbo.gov/budget-options/60904,CBO_BUDGET_OPTION_ANNUAL
CBO_2024_change_the_cost_sharing_rules_for_medicare_and_restrict_medigap_insurance__both_changes,CBO_2024_change_the_cost_sharing_rules_for_medicare_and_restrict_medigap_insurance,2025,,,0.0,https://www.cbo.gov/budget-options/60904,CBO_BUDGET_OPTION_ANNUAL
CBO_2024_change_the_cost_sharing_rules_for_medicare_and_restrict_medigap_insurance__both_changes,CBO_2024_change_the_cost_sharing_rules_for_medicare_and_restrict_medigap_insurance,2026,,,0.0,https://www.cbo.gov/budget-options/60904,CBO_BUDGET_OPTION_ANNUAL
CBO_2024_change_the_cost_sharing_rules_for_medicare_and_restrict_medigap_insurance__both_changes,CBO_2024_change_the_cost_sharing_rules_for_medicare_and_restrict_medigap_insurance,2027,,,0.0,https://www.cbo.gov/budget-options/60904,CBO_BUDGET_OPTION_ANNUAL
CBO_2024_change_the_cost_sharing_rules_for_medicare_and_restrict_medigap_insurance__both_changes,CBO_2024_change_the_cost_sharing_rules_for_medicare_and_restrict_medigap_insurance,2028,,,-13.0,https://www.cbo.gov/budget-options/60904,CBO_BUDGET_OPTION_ANNUAL
CBO_2024_change_the_cost_sharing_rules_for_medicare_and_restrict_medigap_insurance__both_changes,CBO_2024_change_the_cost_sharing_rules_for_medicare_and_restrict_medigap_insurance,2029,,,-18.0,https://www.cbo.gov/budget-options/60904,CBO_BUDGET_OPTION_ANNUAL
CBO_2024_change_the_cost_sharing_rules_for_medicare_and_restrict_medigap_insurance__both_changes,CBO_2024_change_the_cost_sharing_rules_for_medicare_and_restrict_medigap_insurance,2030,,,-18.0,https://www.cbo.gov/budget-options/60904,CBO_BUDGET_OPTION_ANNUAL
CBO_2024_change_the_cost_sharing_rules_for_medicare_and_restrict_medigap_insurance__both_changes,CBO_2024_change_the_cost_sharing_rules_for_medicare_and_restrict_medigap_insurance,2031,,,-19.0,https://www.cbo.gov/budget-options/60904,CBO_BUDGET_OPTION_ANNUAL
CBO_2024_change_the_cost_sharing_rules_for_medicare_and_restrict_medigap_insurance__both_changes,CBO_2024_change_the_cost_sharing_rules_for_medicare_and_restrict_medigap_insurance,2032,,,-20.0,https://www.cbo.gov/budget-options/60904,CBO_BUDGET_OPTION_ANNUAL
CBO_2024_change_the_cost_sharing_rules_for_medicare_and_restrict_medigap_insurance__both_changes,CBO_2024_change_the_cost_sharing_rules_for_medicare_and_restrict_medigap_insurance,2033,,,-20.0,https://www.cbo.gov/budget-options/60904,CBO_BUDGET_OPTION_ANNUAL
CBO_2024_change_the_cost_sharing_rules_for_medicare_and_restrict_medigap_insurance__both_changes,CBO_2024_change_the_cost_sharing_rules_for_medicare_and_restrict_medigap_insurance,2034,,,-21.0,https://www.cbo.gov/budget-options/60904,CBO_BUDGET_OPTION_ANNUAL
CBO_2024_reduce_medicare_s_coverage_of_bad_debt__reduce_bad_debt_coverage_to_45_percent,CBO_2024_reduce_medicare_s_coverage_of_bad_debt,2025,0,,0.0,https://www.cbo.gov/budget-options/60905,CBO_BUDGET_OPTION_ANNUAL
CBO_2024_reduce_medicare_s_coverage_of_bad_debt__reduce_bad_debt_coverage_to_45_percent,CBO_2024_reduce_medicare_s_coverage_of_bad_debt,2026,-0.6,,-0.6,https://www.cbo.gov/budget-options/60905,CBO_BUDGET_OPTION_ANNUAL
CBO_2024_reduce_medicare_s_coverage_of_bad_debt__reduce_bad_debt_coverage_to_45_percent,CBO_2024_reduce_medicare_s_coverage_of_bad_debt,2027,-1.3,,-1.3,https://www.cbo.gov/budget-options/60905,CBO_BUDGET_OPTION_ANNUAL
CBO_2024_reduce_medicare_s_coverage_of_bad_debt__reduce_bad_debt_coverage_to_45_percent,CBO_2024_reduce_medicare_s_coverage_of_bad_debt,2028,-2.1,,-2.1,https://www.cbo.gov/budget-options/60905,CBO_BUDGET_OPTION_ANNUAL
CBO_2024_reduce_medicare_s_coverage_of_bad_debt__reduce_bad_debt_coverage_to_45_percent,CBO_2024_reduce_medicare_s_coverage_of_bad_debt,2029,-1.9,,-1.9,https://www.cbo.gov/budget-options/60905,CBO_BUDGET_OPTION_ANNUAL
CBO_2024_reduce_medicare_s_coverage_of_bad_debt__reduce_bad_debt_coverage_to_45_percent,CBO_2024_reduce_medicare_s_coverage_of_bad_debt,2030,-2.1,,-2.1,https://www.cbo.gov/budget-options/60905,CBO_BUDGET_OPTION_ANNUAL
CBO_2024_reduce_medicare_s_coverage_of_bad_debt__reduce_bad_debt_coverage_to_45_percent,CBO_2024_reduce_medicare_s_coverage_of_bad_debt,2031,-2.1,,-2.1,https://www.cbo.gov/budget-options/60905,CBO_BUDGET_OPTION_ANNUAL
CBO_2024_reduce_medicare_s_coverage_of_bad_debt__reduce_bad_debt_coverage_to_45_percent,CBO_2024_reduce_medicare_s_coverage_of_bad_debt,2032,-2.1,,-2.1,https://www.cbo.gov/budget-options/60905,CBO_BUDGET_OPTION_ANNUAL
CBO_2024_reduce_medicare_s_coverage_of_bad_debt__reduce_bad_debt_coverage_to_45_percent,CBO_2024_reduce_medicare_s_coverage_of_bad_debt,2033,-2.3,,-2.3,https://www.cbo.gov/budget-options/60905,CBO_BUDGET_OPTION_ANNUAL
CBO_2024_reduce_medicare_s_coverage_of_bad_debt__reduce_bad_debt_coverage_to_45_percent,CBO_2024_reduce_medicare_s_coverage_of_bad_debt,2034,-2.2,,-2.2,https://www.cbo.gov/budget-options/60905,CBO_BUDGET_OPTION_ANNUAL
CBO_2024_reduce_medicare_s_coverage_of_bad_debt__reduce_bad_debt_coverage_to_25_percent,CBO_2024_reduce_medicare_s_coverage_of_bad_debt,2025,0,,0.0,https://www.cbo.gov/budget-options/60905,CBO_BUDGET_OPTION_ANNUAL
CBO_2024_reduce_medicare_s_coverage_of_bad_debt__reduce_bad_debt_coverage_to_25_percent,CBO_2024_reduce_medicare_s_coverage_of_bad_debt,2026,-1.3,,-1.3,https://www.cbo.gov/budget-options/60905,CBO_BUDGET_OPTION_ANNUAL
CBO_2024_reduce_medicare_s_coverage_of_bad_debt__reduce_bad_debt_coverage_to_25_percent,CBO_2024_reduce_medicare_s_coverage_of_bad_debt,2027,-2.6,,-2.6,https://www.cbo.gov/budget-options/60905,CBO_BUDGET_OPTION_ANNUAL
CBO_2024_reduce_medicare_s_coverage_of_bad_debt__reduce_bad_debt_coverage_to_25_percent,CBO_2024_reduce_medicare_s_coverage_of_bad_debt,2028,-4.1,,-4.1,https://www.cbo.gov/budget-options/60905,CBO_BUDGET_OPTION_ANNUAL
CBO_2024_reduce_medicare_s_coverage_of_bad_debt__reduce_bad_debt_coverage_to_25_percent,CBO_2024_reduce_medicare_s_coverage_of_bad_debt,2029,-3.9,,-3.9,https://www.cbo.gov/budget-options/60905,CBO_BUDGET_OPTION_ANNUAL
CBO_2024_reduce_medicare_s_coverage_of_bad_debt__reduce_bad_debt_coverage_to_25_percent,CBO_2024_reduce_medicare_s_coverage_of_bad_debt,2030,-4.1,,-4.1,https://www.cbo.gov/budget-options/60905,CBO_BUDGET_OPTION_ANNUAL
CBO_2024_reduce_medicare_s_coverage_of_bad_debt__reduce_bad_debt_coverage_to_25_percent,CBO_2024_reduce_medicare_s_coverage_of_bad_debt,2031,-4.2,,-4.2,https://www.cbo.gov/budget-options/60905,CBO_BUDGET_OPTION_ANNUAL
CBO_2024_reduce_medicare_s_coverage_of_bad_debt__reduce_bad_debt_coverage_to_25_percent,CBO_2024_reduce_medicare_s_coverage_of_bad_debt,2032,-4.2,,-4.2,https://www.cbo.gov/budget-options/60905,CBO_BUDGET_OPTION_ANNUAL
CBO_2024_reduce_medicare_s_coverage_of_bad_debt__reduce_bad_debt_coverage_to_25_percent,CBO_2024_reduce_medicare_s_coverage_of_bad_debt,2033,-4.5,,-4.5,https://www.cbo.gov/budget-options/60905,CBO_BUDGET_OPTION_ANNUAL
CBO_2024_reduce_medicare_s_coverage_of_bad_debt__reduce_bad_debt_coverage_to_25_percent,CBO_2024_reduce_medicare_s_coverage_of_bad_debt,2034,-4.3,,-4.3,https://www.cbo.gov/budget-options/60905,CBO_BUDGET_OPTION_ANNUAL
CBO_2024_reduce_medicare_s_coverage_of_bad_debt__eliminate_bad_debt_coverage,CBO_2024_reduce_medicare_s_coverage_of_bad_debt,2025,0,,0.0,https://www.cbo.gov/budget-options/60905,CBO_BUDGET_OPTION_ANNUAL
CBO_2024_reduce_medicare_s_coverage_of_bad_debt__eliminate_bad_debt_coverage,CBO_2024_reduce_medicare_s_coverage_of_bad_debt,2026,-2.1,,-2.1,https://www.cbo.gov/budget-options/60905,CBO_BUDGET_OPTION_ANNUAL
CBO_2024_reduce_medicare_s_coverage_of_bad_debt__eliminate_bad_debt_coverage,CBO_2024_reduce_medicare_s_coverage_of_bad_debt,2027,-4.2,,-4.2,https://www.cbo.gov/budget-options/60905,CBO_BUDGET_OPTION_ANNUAL
CBO_2024_reduce_medicare_s_coverage_of_bad_debt__eliminate_bad_debt_coverage,CBO_2024_reduce_medicare_s_coverage_of_bad_debt,2028,-6.7,,-6.7,https://www.cbo.gov/budget-options/60905,CBO_BUDGET_OPTION_ANNUAL
CBO_2024_reduce_medicare_s_coverage_of_bad_debt__eliminate_bad_debt_coverage,CBO_2024_reduce_medicare_s_coverage_of_bad_debt,2029,-6.3,,-6.3,https://www.cbo.gov/budget-options/60905,CBO_BUDGET_OPTION_ANNUAL
CBO_2024_reduce_medicare_s_coverage_of_bad_debt__eliminate_bad_debt_coverage,CBO_2024_reduce_medicare_s_coverage_of_bad_debt,2030,-6.7,,-6.7,https://www.cbo.gov/budget-options/60905,CBO_BUDGET_OPTION_ANNUAL
CBO_2024_reduce_medicare_s_coverage_of_bad_debt__eliminate_bad_debt_coverage,CBO_2024_reduce_medicare_s_coverage_of_bad_debt,2031,-6.8,,-6.8,https://www.cbo.gov/budget-options/60905,CBO_BUDGET_OPTION_ANNUAL
CBO_2024_reduce_medicare_s_coverage_of_bad_debt__eliminate_bad_debt_coverage,CBO_2024_reduce_medicare_s_coverage_of_bad_debt,2032,-6.9,,-6.9,https://www.cbo.gov/budget-options/60905,CBO_BUDGET_OPTION_ANNUAL
CBO_2024_reduce_medicare_s_coverage_of_bad_debt__eliminate_bad_debt_coverage,CBO_2024_reduce_medicare_s_coverage_of_bad_debt,2033,-7.3,,-7.3,https://www.cbo.gov/budget-options/60905,CBO_BUDGET_OPTION_ANNUAL
CBO_2024_reduce_medicare_s_coverage_of_bad_debt__eliminate_bad_debt_coverage,CBO_2024_reduce_medicare_s_coverage_of_bad_debt,2034,-7.1,,-7.1,https://www.cbo.gov/budget-options/60905,CBO_BUDGET_OPTION_ANNUAL
CBO_2024_consolidate_and_reduce_medicare_payments_for_graduate_medical_education_at_teaching_hospitals__index_grants_to_cpi,CBO_2024_consolidate_and_reduce_medicare_payments_for_graduate_medical_education_at_teaching_hospitals,2025,0,,0.0,https://www.cbo.gov/budget-options/60906,CBO_BUDGET_OPTION_ANNUAL
CBO_2024_consolidate_and_reduce_medicare_payments_for_graduate_medical_education_at_teaching_hospitals__index_grants_to_cpi,CBO_2024_consolidate_and_reduce_medicare_payments_for_graduate_medical_education_at_teaching_hospitals,2026,-4,,-4.0,https://www.cbo.gov/budget-options/60906,CBO_BUDGET_OPTION_ANNUAL
CBO_2024_consolidate_and_reduce_medicare_payments_for_graduate_medical_education_at_teaching_hospitals__index_grants_to_cpi,CBO_2024_consolidate_and_reduce_medicare_payments_for_graduate_medical_education_at_teaching_hospitals,2027,-5,,-5.0,https://www.cbo.gov/budget-options/60906,CBO_BUDGET_OPTION_ANNUAL
CBO_2024_consolidate_and_reduce_medicare_payments_for_graduate_medical_education_at_teaching_hospitals__index_grants_to_cpi,CBO_2024_consolidate_and_reduce_medicare_payments_for_graduate_medical_education_at_teaching_hospitals,2028,-7,,-7.0,https://www.cbo.gov/budget-options/60906,CBO_BUDGET_OPTION_ANNUAL
CBO_2024_consolidate_and_reduce_medicare_payments_for_graduate_medical_education_at_teaching_hospitals__index_grants_to_cpi,CBO_2024_consolidate_and_reduce_medicare_payments_for_graduate_medical_education_at_teaching_hospitals,2029,-8,,-8.0,https://www.cbo.gov/budget-options/60906,CBO_BUDGET_OPTION_ANNUAL
CBO_2024_consolidate_and_reduce_medicare_payments_for_graduate_medical_education_at_teaching_hospitals__index_grants_to_cpi,CBO_2024_consolidate_and_reduce_medicare_payments_for_graduate_medical_education_at_teaching_hospitals,2030,-10,,-10.0,https://www.cbo.gov/budget-options/60906,CBO_BUDGET_OPTION_ANNUAL
CBO_2024_consolidate_and_reduce_medicare_payments_for_graduate_medical_education_at_teaching_hospitals__index_grants_to_cpi,CBO_2024_consolidate_and_reduce_medicare_payments_for_graduate_medical_education_at_teaching_hospitals,2031,-12,,-12.0,https://www.cbo.gov/budget-options/60906,CBO_BUDGET_OPTION_ANNUAL
CBO_2024_consolidate_and_reduce_medicare_payments_for_graduate_medical_education_at_teaching_hospitals__index_grants_to_cpi,CBO_2024_consolidate_and_reduce_medicare_payments_for_graduate_medical_education_at_teaching_hospitals,2032,-14,,-14.0,https://www.cbo.gov/budget-options/60906,CBO_BUDGET_OPTION_ANNUAL
CBO_2024_consolidate_and_reduce_medicare_payments_for_graduate_medical_education_at_teaching_hospitals__index_grants_to_cpi,CBO_2024_consolidate_and_reduce_medicare_payments_for_graduate_medical_education_at_teaching_hospitals,2033,-16,,-16.0,https://www.cbo.gov/budget-options/60906,CBO_BUDGET_OPTION_ANNUAL
CBO_2024_consolidate_and_reduce_medicare_payments_for_graduate_medical_education_at_teaching_hospitals__index_grants_to_cpi,CBO_2024_consolidate_and_reduce_medicare_payments_for_graduate_medical_education_at_teaching_hospitals,2034,-18,,-18.0,https://www.cbo.gov/budget-options/60906,CBO_BUDGET_OPTION_ANNUAL
CBO_2024_consolidate_and_reduce_medicare_payments_for_graduate_medical_education_at_teaching_hospitals__index_grants_to_cpi_minus_1_percentage_point,CBO_2024_consolidate_and_reduce_medicare_payments_for_graduate_medical_education_at_teaching_hospitals,2025,0,,0.0,https://www.cbo.gov/budget-options/60906,CBO_BUDGET_OPTION_ANNUAL
CBO_2024_consolidate_and_reduce_medicare_payments_for_graduate_medical_education_at_teaching_hospitals__index_grants_to_cpi_minus_1_percentage_point,CBO_2024_consolidate_and_reduce_medicare_payments_for_graduate_medical_education_at_teaching_hospitals,2026,-4,,-4.0,https://www.cbo.gov/budget-options/60906,CBO_BUDGET_OPTION_ANNUAL
CBO_2024_consolidate_and_reduce_medicare_payments_for_graduate_medical_education_at_teaching_hospitals__index_grants_to_cpi_minus_1_percentage_point,CBO_2024_consolidate_and_reduce_medicare_payments_for_graduate_medical_education_at_teaching_hospitals,2027,-6,,-6.0,https://www.cbo.gov/budget-options/60906,CBO_BUDGET_OPTION_ANNUAL
CBO_2024_consolidate_and_reduce_medicare_payments_for_graduate_medical_education_at_teaching_hospitals__index_grants_to_cpi_minus_1_percentage_point,CBO_2024_consolidate_and_reduce_medicare_payments_for_graduate_medical_education_at_teaching_hospitals,2028,-7,,-7.0,https://www.cbo.gov/budget-options/60906,CBO_BUDGET_OPTION_ANNUAL
CBO_2024_consolidate_and_reduce_medicare_payments_for_graduate_medical_education_at_teaching_hospitals__index_grants_to_cpi_minus_1_percentage_point,CBO_2024_consolidate_and_reduce_medicare_payments_for_graduate_medical_education_at_teaching_hospitals,2029,-9,,-9.0,https://www.cbo.gov/budget-options/60906,CBO_BUDGET_OPTION_ANNUAL
CBO_2024_consolidate_and_reduce_medicare_payments_for_graduate_medical_education_at_teaching_hospitals__index_grants_to_cpi_minus_1_percentage_point,CBO_2024_consolidate_and_reduce_medicare_payments_for_graduate_medical_education_at_teaching_hospitals,2030,-11,,-11.0,https://www.cbo.gov/budget-options/60906,CBO_BUDGET_OPTION_ANNUAL
CBO_2024_consolidate_and_reduce_medicare_payments_for_graduate_medical_education_at_teaching_hospitals__index_grants_to_cpi_minus_1_percentage_point,CBO_2024_consolidate_and_reduce_medicare_payments_for_graduate_medical_education_at_teaching_hospitals,2031,-13,,-13.0,https://www.cbo.gov/budget-options/60906,CBO_BUDGET_OPTION_ANNUAL
CBO_2024_consolidate_and_reduce_medicare_payments_for_graduate_medical_education_at_teaching_hospitals__index_grants_to_cpi_minus_1_percentage_point,CBO_2024_consolidate_and_reduce_medicare_payments_for_graduate_medical_education_at_teaching_hospitals,2032,-15,,-15.0,https://www.cbo.gov/budget-options/60906,CBO_BUDGET_OPTION_ANNUAL
CBO_2024_consolidate_and_reduce_medicare_payments_for_graduate_medical_education_at_teaching_hospitals__index_grants_to_cpi_minus_1_percentage_point,CBO_2024_consolidate_and_reduce_medicare_payments_for_graduate_medical_education_at_teaching_hospitals,2033,-18,,-18.0,https://www.cbo.gov/budget-options/60906,CBO_BUDGET_OPTION_ANNUAL
CBO_2024_consolidate_and_reduce_medicare_payments_for_graduate_medical_education_at_teaching_hospitals__index_grants_to_cpi_minus_1_percentage_point,CBO_2024_consolidate_and_reduce_medicare_payments_for_graduate_medical_education_at_teaching_hospitals,2034,-20,,-20.0,https://www.cbo.gov/budget-options/60906,CBO_BUDGET_OPTION_ANNUAL
CBO_2024_modify_payments_to_medicare_advantage_plans_for_health_risk__increase_coding_pattern_adjustment_to_8_percent,CBO_2024_modify_payments_to_medicare_advantage_plans_for_health_risk,2025,0,,0.0,https://www.cbo.gov/budget-options/60907,CBO_BUDGET_OPTION_ANNUAL
CBO_2024_modify_payments_to_medicare_advantage_plans_for_health_risk__increase_coding_pattern_adjustment_to_8_percent,CBO_2024_modify_payments_to_medicare_advantage_plans_for_health_risk,2026,0,,0.0,https://www.cbo.gov/budget-options/60907,CBO_BUDGET_OPTION_ANNUAL
CBO_2024_modify_payments_to_medicare_advantage_plans_for_health_risk__increase_coding_pattern_adjustment_to_8_percent,CBO_2024_modify_payments_to_medicare_advantage_plans_for_health_risk,2027,-15,,-15.0,https://www.cbo.gov/budget-options/60907,CBO_BUDGET_OPTION_ANNUAL
CBO_2024_modify_payments_to_medicare_advantage_plans_for_health_risk__increase_coding_pattern_adjustment_to_8_percent,CBO_2024_modify_payments_to_medicare_advantage_plans_for_health_risk,2028,-17,,-17.0,https://www.cbo.gov/budget-options/60907,CBO_BUDGET_OPTION_ANNUAL
CBO_2024_modify_payments_to_medicare_advantage_plans_for_health_risk__increase_coding_pattern_adjustment_to_8_percent,CBO_2024_modify_payments_to_medicare_advantage_plans_for_health_risk,2029,-16,,-16.0,https://www.cbo.gov/budget-options/60907,CBO_BUDGET_OPTION_ANNUAL
CBO_2024_modify_payments_to_medicare_advantage_plans_for_health_risk__increase_coding_pattern_adjustment_to_8_percent,CBO_2024_modify_payments_to_medicare_advantage_plans_for_health_risk,2030,-18,,-18.0,https://www.cbo.gov/budget-options/60907,CBO_BUDGET_OPTION_ANNUAL
CBO_2024_modify_payments_to_medicare_advantage_plans_for_health_risk__increase_coding_pattern_adjustment_to_8_percent,CBO_2024_modify_payments_to_medicare_advantage_plans_for_health_risk,2031,-20,,-20.0,https://www.cbo.gov/budget-options/60907,CBO_BUDGET_OPTION_ANNUAL
CBO_2024_modify_payments_to_medicare_advantage_plans_for_health_risk__increase_coding_pattern_adjustment_to_8_percent,CBO_2024_modify_payments_to_medicare_advantage_plans_for_health_risk,2032,-22,,-22.0,https://www.cbo.gov/budget-options/60907,CBO_BUDGET_OPTION_ANNUAL
CBO_2024_modify_payments_to_medicare_advantage_plans_for_health_risk__increase_coding_pattern_adjustment_to_8_percent,CBO_2024_modify_payments_to_medicare_advantage_plans_for_health_risk,2033,-26,,-26.0,https://www.cbo.gov/budget-options/60907,CBO_BUDGET_OPTION_ANNUAL
CBO_2024_modify_payments_to_medicare_advantage_plans_for_health_risk__increase_coding_pattern_adjustment_to_8_percent,CBO_2024_modify_payments_to_medicare_advantage_plans_for_health_risk,2034,-25,,-25.0,https://www.cbo.gov/budget-options/60907,CBO_BUDGET_OPTION_ANNUAL
CBO_2024_modify_payments_to_medicare_advantage_plans_for_health_risk__increase_coding_pattern_adjustment_to_20_percent,CBO_2024_modify_payments_to_medicare_advantage_plans_for_health_risk,2025,0,,0.0,https://www.cbo.gov/budget-options/60907,CBO_BUDGET_OPTION_ANNUAL
CBO_2024_modify_payments_to_medicare_advantage_plans_for_health_risk__increase_coding_pattern_adjustment_to_20_percent,CBO_2024_modify_payments_to_medicare_advantage_plans_for_health_risk,2026,0,,0.0,https://www.cbo.gov/budget-options/60907,CBO_BUDGET_OPTION_ANNUAL
CBO_2024_modify_payments_to_medicare_advantage_plans_for_health_risk__increase_coding_pattern_adjustment_to_20_percent,CBO_2024_modify_payments_to_medicare_advantage_plans_for_health_risk,2027,-98,,-98.0,https://www.cbo.gov/budget-options/60907,CBO_BUDGET_OPTION_ANNUAL
CBO_2024_modify_payments_to_medicare_advantage_plans_for_health_risk__increase_coding_pattern_adjustment_to_20_percent,CBO_2024_modify_payments_to_medicare_advantage_plans_for_health_risk,2028,-113,,-113.0,https://www.cbo.gov/budget-options/60907,CBO_BUDGET_OPTION_ANNUAL
CBO_2024_modify_payments_to_medicare_advantage_plans_for_health_risk__increase_coding_pattern_adjustment_to_20_percent,CBO_2024_modify_payments_to_medicare_advantage_plans_for_health_risk,2029,-103,,-103.0,https://www.cbo.gov/budget-options/60907,CBO_BUDGET_OPTION_ANNUAL
CBO_2024_modify_payments_to_medicare_advantage_plans_for_health_risk__increase_coding_pattern_adjustment_to_20_percent,CBO_2024_modify_payments_to_medicare_advantage_plans_for_health_risk,2030,-122,,-122.0,https://www.cbo.gov/budget-options/60907,CBO_BUDGET_OPTION_ANNUAL
CBO_2024_modify_payments_to_medicare_advantage_plans_for_health_risk__increase_coding_pattern_adjustment_to_20_percent,CBO_2024_modify_payments_to_medicare_advantage_plans_for_health_risk,2031,-132,,-132.0,https://www.cbo.gov/budget-options/60907,CBO_BUDGET_OPTION_ANNUAL
CBO_2024_modify_payments_to_medicare_advantage_plans_for_health_risk__increase_coding_pattern_adjustment_to_20_percent,CBO_2024_modify_payments_to_medicare_advantage_plans_for_health_risk,2032,-143,,-143.0,https://www.cbo.gov/budget-options/60907,CBO_BUDGET_OPTION_ANNUAL
CBO_2024_modify_payments_to_medicare_advantage_plans_for_health_risk__increase_coding_pattern_adjustment_to_20_percent,CBO_2024_modify_payments_to_medicare_advantage_plans_for_health_risk,2033,-170,,-170.0,https://www.cbo.gov/budget-options/60907,CBO_BUDGET_OPTION_ANNUAL
CBO_2024_modify_payments_to_medicare_advantage_plans_for_health_risk__increase_coding_pattern_adjustment_to_20_percent,CBO_2024_modify_payments_to_medicare_advantage_plans_for_health_risk,2034,-168,,-168.0,https://www.cbo.gov/budget-options/60907,CBO_BUDGET_OPTION_ANNUAL
CBO_2024_modify_payments_to_medicare_advantage_plans_for_health_risk__use_two_years_of_diagnoses_and_exclude_hras,CBO_2024_modify_payments_to_medicare_advantage_plans_for_health_risk,2025,0,,0.0,https://www.cbo.gov/budget-options/60907,CBO_BUDGET_OPTION_ANNUAL
CBO_2024_modify_payments_to_medicare_advantage_plans_for_health_risk__use_two_years_of_diagnoses_and_exclude_hras,CBO_2024_modify_payments_to_medicare_advantage_plans_for_health_risk,2026,0,,0.0,https://www.cbo.gov/budget-options/60907,CBO_BUDGET_OPTION_ANNUAL
CBO_2024_modify_payments_to_medicare_advantage_plans_for_health_risk__use_two_years_of_diagnoses_and_exclude_hras,CBO_2024_modify_payments_to_medicare_advantage_plans_for_health_risk,2027,-12,,-12.0,https://www.cbo.gov/budget-options/60907,CBO_BUDGET_OPTION_ANNUAL
CBO_2024_modify_payments_to_medicare_advantage_plans_for_health_risk__use_two_years_of_diagnoses_and_exclude_hras,CBO_2024_modify_payments_to_medicare_advantage_plans_for_health_risk,2028,-13,,-13.0,https://www.cbo.gov/budget-options/60907,CBO_BUDGET_OPTION_ANNUAL
CBO_2024_modify_payments_to_medicare_advantage_plans_for_health_risk__use_two_years_of_diagnoses_and_exclude_hras,CBO_2024_modify_payments_to_medicare_advantage_plans_for_health_risk,2029,-12,,-12.0,https://www.cbo.gov/budget-options/60907,CBO_BUDGET_OPTION_ANNUAL
CBO_2024_modify_payments_to_medicare_advantage_plans_for_health_risk__use_two_years_of_diagnoses_and_exclude_hras,CBO_2024_modify_payments_to_medicare_advantage_plans_for_health_risk,2030,-14,,-14.0,https://www.cbo.gov/budget-options/60907,CBO_BUDGET_OPTION_ANNUAL
CBO_2024_modify_payments_to_medicare_advantage_plans_for_health_risk__use_two_years_of_diagnoses_and_exclude_hras,CBO_2024_modify_payments_to_medicare_advantage_plans_for_health_risk,2031,-16,,-16.0,https://www.cbo.gov/budget-options/60907,CBO_BUDGET_OPTION_ANNUAL
CBO_2024_modify_payments_to_medicare_advantage_plans_for_health_risk__use_two_years_of_diagnoses_and_exclude_hras,CBO_2024_modify_payments_to_medicare_advantage_plans_for_health_risk,2032,-17,,-17.0,https://www.cbo.gov/budget-options/60907,CBO_BUDGET_OPTION_ANNUAL
CBO_2024_modify_payments_to_medicare_advantage_plans_for_health_risk__use_two_years_of_diagnoses_and_exclude_hras,CBO_2024_modify_payments_to_medicare_advantage_plans_for_health_risk,2033,-20,,-20.0,https://www.cbo.gov/budget-options/60907,CBO_BUDGET_OPTION_ANNUAL
CBO_2024_modify_payments_to_medicare_advantage_plans_for_health_risk__use_two_years_of_diagnoses_and_exclude_hras,CBO_2024_modify_payments_to_medicare_advantage_plans_for_health_risk,2034,-20,,-20.0,https://www.cbo.gov/budget-options/60907,CBO_BUDGET_OPTION_ANNUAL
CBO_2024_reduce_payments_for_hospital_outpatient_departments__broaden_site_neutral_payments,CBO_2024_reduce_payments_for_hospital_outpatient_departments,2025,0,,0.0,https://www.cbo.gov/budget-options/60908,CBO_BUDGET_OPTION_ANNUAL
CBO_2024_reduce_payments_for_hospital_outpatient_departments__broaden_site_neutral_payments,CBO_2024_reduce_payments_for_hospital_outpatient_departments,2026,-7.4,,-7.4,https://www.cbo.gov/budget-options/60908,CBO_BUDGET_OPTION_ANNUAL
CBO_2024_reduce_payments_for_hospital_outpatient_departments__broaden_site_neutral_payments,CBO_2024_reduce_payments_for_hospital_outpatient_departments,2027,-12.5,,-12.5,https://www.cbo.gov/budget-options/60908,CBO_BUDGET_OPTION_ANNUAL
CBO_2024_reduce_payments_for_hospital_outpatient_departments__broaden_site_neutral_payments,CBO_2024_reduce_payments_for_hospital_outpatient_departments,2028,-14.4,,-14.4,https://www.cbo.gov/budget-options/60908,CBO_BUDGET_OPTION_ANNUAL
CBO_2024_reduce_payments_for_hospital_outpatient_departments__broaden_site_neutral_payments,CBO_2024_reduce_payments_for_hospital_outpatient_departments,2029,-14.6,,-14.6,https://www.cbo.gov/budget-options/60908,CBO_BUDGET_OPTION_ANNUAL
CBO_2024_reduce_payments_for_hospital_outpatient_departments__broaden_site_neutral_payments,CBO_2024_reduce_payments_for_hospital_outpatient_departments,2030,-16.9,,-16.9,https://www.cbo.gov/budget-options/60908,CBO_BUDGET_OPTION_ANNUAL
CBO_2024_reduce_payments_for_hospital_outpatient_departments__broaden_site_neutral_payments,CBO_2024_reduce_payments_for_hospital_outpatient_departments,2031,-18.9,,-18.9,https://www.cbo.gov/budget-options/60908,CBO_BUDGET_OPTION_ANNUAL
CBO_2024_reduce_payments_for_hospital_outpatient_departments__broaden_site_neutral_payments,CBO_2024_reduce_payments_for_hospital_outpatient_departments,2032,-21.0,,-21.0,https://www.cbo.gov/budget-options/60908,CBO_BUDGET_OPTION_ANNUAL
CBO_2024_reduce_payments_for_hospital_outpatient_departments__broaden_site_neutral_payments,CBO_2024_reduce_payments_for_hospital_outpatient_departments,2033,-24.8,,-24.8,https://www.cbo.gov/budget-options/60908,CBO_BUDGET_OPTION_ANNUAL
CBO_2024_reduce_payments_for_hospital_outpatient_departments__broaden_site_neutral_payments,CBO_2024_reduce_payments_for_hospital_outpatient_departments,2034,-26.4,,-26.4,https://www.cbo.gov/budget-options/60908,CBO_BUDGET_OPTION_ANNUAL
CBO_2024_reduce_payments_for_hospital_outpatient_departments__drug_administration_in_off_campus_departments,CBO_2024_reduce_payments_for_hospital_outpatient_departments,2025,0,,0.0,https://www.cbo.gov/budget-options/60908,CBO_BUDGET_OPTION_ANNUAL
CBO_2024_reduce_payments_for_hospital_outpatient_departments__drug_administration_in_off_campus_departments,CBO_2024_reduce_payments_for_hospital_outpatient_departments,2026,-0.3,,-0.3,https://www.cbo.gov/budget-options/60908,CBO_BUDGET_OPTION_ANNUAL
CBO_2024_reduce_payments_for_hospital_outpatient_departments__drug_administration_in_off_campus_departments,CBO_2024_reduce_payments_for_hospital_outpatient_departments,2027,-0.4,,-0.4,https://www.cbo.gov/budget-options/60908,CBO_BUDGET_OPTION_ANNUAL
CBO_2024_reduce_payments_for_hospital_outpatient_departments__drug_administration_in_off_campus_departments,CBO_2024_reduce_payments_for_hospital_outpatient_departments,2028,-0.5,,-0.5,https://www.cbo.gov/budget-options/60908,CBO_BUDGET_OPTION_ANNUAL
CBO_2024_reduce_payments_for_hospital_outpatient_departments__drug_administration_in_off_campus_departments,CBO_2024_reduce_payments_for_hospital_outpatient_departments,2029,-0.5,,-0.5,https://www.cbo.gov/budget-options/60908,CBO_BUDGET_OPTION_ANNUAL
CBO_2024_reduce_payments_for_hospital_outpatient_departments__drug_administration_in_off_campus_departments,CBO_2024_reduce_payments_for_hospital_outpatient_departments,2030,-0.6,,-0.6,https://www.cbo.gov/budget-options/60908,CBO_BUDGET_OPTION_ANNUAL
CBO_2024_reduce_payments_for_hospital_outpatient_departments__drug_administration_in_off_campus_departments,CBO_2024_reduce_payments_for_hospital_outpatient_departments,2031,-0.7,,-0.7,https://www.cbo.gov/budget-options/60908,CBO_BUDGET_OPTION_ANNUAL
CBO_2024_reduce_payments_for_hospital_outpatient_departments__drug_administration_in_off_campus_departments,CBO_2024_reduce_payments_for_hospital_outpatient_departments,2032,-0.8,,-0.8,https://www.cbo.gov/budget-options/60908,CBO_BUDGET_OPTION_ANNUAL
CBO_2024_reduce_payments_for_hospital_outpatient_departments__drug_administration_in_off_campus_departments,CBO_2024_reduce_payments_for_hospital_outpatient_departments,2033,-0.9,,-0.9,https://www.cbo.gov/budget-options/60908,CBO_BUDGET_OPTION_ANNUAL
CBO_2024_reduce_payments_for_hospital_outpatient_departments__drug_administration_in_off_campus_departments,CBO_2024_reduce_payments_for_hospital_outpatient_departments,2034,-0.9,,-0.9,https://www.cbo.gov/budget-options/60908,CBO_BUDGET_OPTION_ANNUAL
CBO_2024_reduce_payments_for_hospital_outpatient_departments__imaging_in_off_campus_departments,CBO_2024_reduce_payments_for_hospital_outpatient_departments,2025,0,,0.0,https://www.cbo.gov/budget-options/60908,CBO_BUDGET_OPTION_ANNUAL
CBO_2024_reduce_payments_for_hospital_outpatient_departments__imaging_in_off_campus_departments,CBO_2024_reduce_payments_for_hospital_outpatient_departments,2026,-0.4,,-0.4,https://www.cbo.gov/budget-options/60908,CBO_BUDGET_OPTION_ANNUAL
CBO_2024_reduce_payments_for_hospital_outpatient_departments__imaging_in_off_campus_departments,CBO_2024_reduce_payments_for_hospital_outpatient_departments,2027,-0.6,,-0.6,https://www.cbo.gov/budget-options/60908,CBO_BUDGET_OPTION_ANNUAL
CBO_2024_reduce_payments_for_hospital_outpatient_departments__imaging_in_off_campus_departments,CBO_2024_reduce_payments_for_hospital_outpatient_departments,2028,-0.7,,-0.7,https://www.cbo.gov/budget-options/60908,CBO_BUDGET_OPTION_ANNUAL
CBO_2024_reduce_payments_for_hospital_outpatient_departments__imaging_in_off_campus_departments,CBO_2024_reduce_payments_for_hospital_outpatient_departments,2029,-0.7,,-0.7,https://www.cbo.gov/budget-options/60908,CBO_BUDGET_OPTION_ANNUAL
CBO_2024_reduce_payments_for_hospital_outpatient_departments__imaging_in_off_campus_departments,CBO_2024_reduce_payments_for_hospital_outpatient_departments,2030,-0.8,,-0.8,https://www.cbo.gov/budget-options/60908,CBO_BUDGET_OPTION_ANNUAL
CBO_2024_reduce_payments_for_hospital_outpatient_departments__imaging_in_off_campus_departments,CBO_2024_reduce_payments_for_hospital_outpatient_departments,2031,-0.9,,-0.9,https://www.cbo.gov/budget-options/60908,CBO_BUDGET_OPTION_ANNUAL
CBO_2024_reduce_payments_for_hospital_outpatient_departments__imaging_in_off_campus_departments,CBO_2024_reduce_payments_for_hospital_outpatient_departments,2032,-1.0,,-1.0,https://www.cbo.gov/budget-options/60908,CBO_BUDGET_OPTION_ANNUAL
CBO_2024_reduce_payments_for_hospital_outpatient_departments__imaging_in_off_campus_departments,CBO_2024_reduce_payments_for_hospital_outpatient_departments,2033,-1.2,,-1.2,https://www.cbo.gov/budget-options/60908,CBO_BUDGET_OPTION_ANNUAL
CBO_2024_reduce_payments_for_hospital_outpatient_departments__imaging_in_off_campus_departments,CBO_2024_reduce_payments_for_hospital_outpatient_departments,2034,-1.3,,-1.3,https://www.cbo.gov/budget-options/60908,CBO_BUDGET_OPTION_ANNUAL
CBO_2024_reduce_payments_for_drugs_delivered_by_340b_hospitals__asp_minus_22_5_percent,CBO_2024_reduce_payments_for_drugs_delivered_by_340b_hospitals,2025,0,,0.0,https://www.cbo.gov/budget-options/60909,CBO_BUDGET_OPTION_ANNUAL
CBO_2024_reduce_payments_for_drugs_delivered_by_340b_hospitals__asp_minus_22_5_percent,CBO_2024_reduce_payments_for_drugs_delivered_by_340b_hospitals,2026,-5.2,,-5.2,https://www.cbo.gov/budget-options/60909,CBO_BUDGET_OPTION_ANNUAL
CBO_2024_reduce_payments_for_drugs_delivered_by_340b_hospitals__asp_minus_22_5_percent,CBO_2024_reduce_payments_for_drugs_delivered_by_340b_hospitals,2027,-5.7,,-5.7,https://www.cbo.gov/budget-options/60909,CBO_BUDGET_OPTION_ANNUAL
CBO_2024_reduce_payments_for_drugs_delivered_by_340b_hospitals__asp_minus_22_5_percent,CBO_2024_reduce_payments_for_drugs_delivered_by_340b_hospitals,2028,-6.6,,-6.6,https://www.cbo.gov/budget-options/60909,CBO_BUDGET_OPTION_ANNUAL
CBO_2024_reduce_payments_for_drugs_delivered_by_340b_hospitals__asp_minus_22_5_percent,CBO_2024_reduce_payments_for_drugs_delivered_by_340b_hospitals,2029,-6.7,,-6.7,https://www.cbo.gov/budget-options/60909,CBO_BUDGET_OPTION_ANNUAL
CBO_2024_reduce_payments_for_drugs_delivered_by_340b_hospitals__asp_minus_22_5_percent,CBO_2024_reduce_payments_for_drugs_delivered_by_340b_hospitals,2030,-7.7,,-7.7,https://www.cbo.gov/budget-options/60909,CBO_BUDGET_OPTION_ANNUAL
CBO_2024_reduce_payments_for_drugs_delivered_by_340b_hospitals__asp_minus_22_5_percent,CBO_2024_reduce_payments_for_drugs_delivered_by_340b_hospitals,2031,-8.6,,-8.6,https://www.cbo.gov/budget-options/60909,CBO_BUDGET_OPTION_ANNUAL
CBO_2024_reduce_payments_for_drugs_delivered_by_340b_hospitals__asp_minus_22_5_percent,CBO_2024_reduce_payments_for_drugs_delivered_by_340b_hospitals,2032,-9.6,,-9.6,https://www.cbo.gov/budget-options/60909,CBO_BUDGET_OPTION_ANNUAL
CBO_2024_reduce_payments_for_drugs_delivered_by_340b_hospitals__asp_minus_22_5_percent,CBO_2024_reduce_payments_for_drugs_delivered_by_340b_hospitals,2033,-11.3,,-11.3,https://www.cbo.gov/budget-options/60909,CBO_BUDGET_OPTION_ANNUAL
CBO_2024_reduce_payments_for_drugs_delivered_by_340b_hospitals__asp_minus_22_5_percent,CBO_2024_reduce_payments_for_drugs_delivered_by_340b_hospitals,2034,-12.1,,-12.1,https://www.cbo.gov/budget-options/60909,CBO_BUDGET_OPTION_ANNUAL
CBO_2024_reduce_payments_for_drugs_delivered_by_340b_hospitals__asp,CBO_2024_reduce_payments_for_drugs_delivered_by_340b_hospitals,2025,0,,0.0,https://www.cbo.gov/budget-options/60909,CBO_BUDGET_OPTION_ANNUAL
CBO_2024_reduce_payments_for_drugs_delivered_by_340b_hospitals__asp,CBO_2024_reduce_payments_for_drugs_delivered_by_340b_hospitals,2026,-1.1,,-1.1,https://www.cbo.gov/budget-options/60909,CBO_BUDGET_OPTION_ANNUAL
CBO_2024_reduce_payments_for_drugs_delivered_by_340b_hospitals__asp,CBO_2024_reduce_payments_for_drugs_delivered_by_340b_hospitals,2027,-1.2,,-1.2,https://www.cbo.gov/budget-options/60909,CBO_BUDGET_OPTION_ANNUAL
CBO_2024_reduce_payments_for_drugs_delivered_by_340b_hospitals__asp,CBO_2024_reduce_payments_for_drugs_delivered_by_340b_hospitals,2028,-1.4,,-1.4,https://www.cbo.gov/budget-options/60909,CBO_BUDGET_OPTION_ANNUAL
CBO_2024_reduce_payments_for_drugs_delivered_by_340b_hospitals__asp,CBO_2024_reduce_payments_for_drugs_delivered_by_340b_hospitals,2029,-1.4,,-1.4,https://www.cbo.gov/budget-options/60909,CBO_BUDGET_OPTION_ANNUAL
CBO_2024_reduce_payments_for_drugs_delivered_by_340b_hospitals__asp,CBO_2024_reduce_payments_for_drugs_delivered_by_340b_hospitals,2030,-1.6,,-1.6,https://www.cbo.gov/budget-options/60909,CBO_BUDGET_OPTION_ANNUAL
CBO_2024_reduce_payments_for_drugs_delivered_by_340b_hospitals__asp,CBO_2024_reduce_payments_for_drugs_delivered_by_340b_hospitals,2031,-1.8,,-1.8,https://www.cbo.gov/budget-options/60909,CBO_BUDGET_OPTION_ANNUAL
CBO_2024_reduce_payments_for_drugs_delivered_by_340b_hospitals__asp,CBO_2024_reduce_payments_for_drugs_delivered_by_340b_hospitals,2032,-2.0,,-2.0,https://www.cbo.gov/budget-options/60909,CBO_BUDGET_OPTION_ANNUAL
CBO_2024_reduce_payments_for_drugs_delivered_by_340b_hospitals__asp,CBO_2024_reduce_payments_for_drugs_delivered_by_340b_hospitals,2033,-2.4,,-2.4,https://www.cbo.gov/budget-options/60909,CBO_BUDGET_OPTION_ANNUAL
CBO_2024_reduce_payments_for_drugs_delivered_by_340b_hospitals__asp,CBO_2024_reduce_payments_for_drugs_delivered_by_340b_hospitals,2034,-2.5,,-2.5,https://www.cbo.gov/budget-options/60909,CBO_BUDGET_OPTION_ANNUAL
CBO_2024_eliminate_subsidies_for_certain_meals_in_the_national_school_lunch_school_breakfast_and_child_and_adult_care_food_progra__eliminate_specified_subsidies,CBO_2024_eliminate_subsidies_for_certain_meals_in_the_national_school_lunch_school_breakfast_and_child_and_adult_care_food_progra,2025,-0.1,,-0.1,https://www.cbo.gov/budget-options/60910,CBO_BUDGET_OPTION_ANNUAL
CBO_2024_eliminate_subsidies_for_certain_meals_in_the_national_school_lunch_school_breakfast_and_child_and_adult_care_food_progra__eliminate_specified_subsidies,CBO_2024_eliminate_subsidies_for_certain_meals_in_the_national_school_lunch_school_breakfast_and_child_and_adult_care_food_progra,2026,-1.1,,-1.1,https://www.cbo.gov/budget-options/60910,CBO_BUDGET_OPTION_ANNUAL
CBO_2024_eliminate_subsidies_for_certain_meals_in_the_national_school_lunch_school_breakfast_and_child_and_adult_care_food_progra__eliminate_specified_subsidies,CBO_2024_eliminate_subsidies_for_certain_meals_in_the_national_school_lunch_school_breakfast_and_child_and_adult_care_food_progra,2027,-1.4,,-1.4,https://www.cbo.gov/budget-options/60910,CBO_BUDGET_OPTION_ANNUAL
CBO_2024_eliminate_subsidies_for_certain_meals_in_the_national_school_lunch_school_breakfast_and_child_and_adult_care_food_progra__eliminate_specified_subsidies,CBO_2024_eliminate_subsidies_for_certain_meals_in_the_national_school_lunch_school_breakfast_and_child_and_adult_care_food_progra,2028,-1.5,,-1.5,https://www.cbo.gov/budget-options/60910,CBO_BUDGET_OPTION_ANNUAL
CBO_2024_eliminate_subsidies_for_certain_meals_in_the_national_school_lunch_school_breakfast_and_child_and_adult_care_food_progra__eliminate_specified_subsidies,CBO_2024_eliminate_subsidies_for_certain_meals_in_the_national_school_lunch_school_breakfast_and_child_and_adult_care_food_progra,2029,-1.6,,-1.6,https://www.cbo.gov/budget-options/60910,CBO_BUDGET_OPTION_ANNUAL
CBO_2024_eliminate_subsidies_for_certain_meals_in_the_national_school_lunch_school_breakfast_and_child_and_adult_care_food_progra__eliminate_specified_subsidies,CBO_2024_eliminate_subsidies_for_certain_meals_in_the_national_school_lunch_school_breakfast_and_child_and_adult_care_food_progra,2030,-1.6,,-1.6,https://www.cbo.gov/budget-options/60910,CBO_BUDGET_OPTION_ANNUAL
CBO_2024_eliminate_subsidies_for_certain_meals_in_the_national_school_lunch_school_breakfast_and_child_and_adult_care_food_progra__eliminate_specified_subsidies,CBO_2024_eliminate_subsidies_for_certain_meals_in_the_national_school_lunch_school_breakfast_and_child_and_adult_care_food_progra,2031,-1.6,,-1.6,https://www.cbo.gov/budget-options/60910,CBO_BUDGET_OPTION_ANNUAL
CBO_2024_eliminate_subsidies_for_certain_meals_in_the_national_school_lunch_school_breakfast_and_child_and_adult_care_food_progra__eliminate_specified_subsidies,CBO_2024_eliminate_subsidies_for_certain_meals_in_the_national_school_lunch_school_breakfast_and_child_and_adult_care_food_progra,2032,-1.7,,-1.7,https://www.cbo.gov/budget-options/60910,CBO_BUDGET_OPTION_ANNUAL
CBO_2024_eliminate_subsidies_for_certain_meals_in_the_national_school_lunch_school_breakfast_and_child_and_adult_care_food_progra__eliminate_specified_subsidies,CBO_2024_eliminate_subsidies_for_certain_meals_in_the_national_school_lunch_school_breakfast_and_child_and_adult_care_food_progra,2033,-1.7,,-1.7,https://www.cbo.gov/budget-options/60910,CBO_BUDGET_OPTION_ANNUAL
CBO_2024_eliminate_subsidies_for_certain_meals_in_the_national_school_lunch_school_breakfast_and_child_and_adult_care_food_progra__eliminate_specified_subsidies,CBO_2024_eliminate_subsidies_for_certain_meals_in_the_national_school_lunch_school_breakfast_and_child_and_adult_care_food_progra,2034,-1.8,,-1.8,https://www.cbo.gov/budget-options/60910,CBO_BUDGET_OPTION_ANNUAL
CBO_2024_reduce_social_security_benefits_for_high_earners__70th_percentile_threshold_9_year_phase_in,CBO_2024_reduce_social_security_benefits_for_high_earners,2025,0,,0.0,https://www.cbo.gov/budget-options/60911,CBO_BUDGET_OPTION_ANNUAL
CBO_2024_reduce_social_security_benefits_for_high_earners__70th_percentile_threshold_9_year_phase_in,CBO_2024_reduce_social_security_benefits_for_high_earners,2026,0,,0.0,https://www.cbo.gov/budget-options/60911,CBO_BUDGET_OPTION_ANNUAL
CBO_2024_reduce_social_security_benefits_for_high_earners__70th_percentile_threshold_9_year_phase_in,CBO_2024_reduce_social_security_benefits_for_high_earners,2027,0,,0.0,https://www.cbo.gov/budget-options/60911,CBO_BUDGET_OPTION_ANNUAL
CBO_2024_reduce_social_security_benefits_for_high_earners__70th_percentile_threshold_9_year_phase_in,CBO_2024_reduce_social_security_benefits_for_high_earners,2028,-1,,-1.0,https://www.cbo.gov/budget-options/60911,CBO_BUDGET_OPTION_ANNUAL
CBO_2024_reduce_social_security_benefits_for_high_earners__70th_percentile_threshold_9_year_phase_in,CBO_2024_reduce_social_security_benefits_for_high_earners,2029,-2,,-2.0,https://www.cbo.gov/budget-options/60911,CBO_BUDGET_OPTION_ANNUAL
CBO_2024_reduce_social_security_benefits_for_high_earners__70th_percentile_threshold_9_year_phase_in,CBO_2024_reduce_social_security_benefits_for_high_earners,2030,-3,,-3.0,https://www.cbo.gov/budget-options/60911,CBO_BUDGET_OPTION_ANNUAL
CBO_2024_reduce_social_security_benefits_for_high_earners__70th_percentile_threshold_9_year_phase_in,CBO_2024_reduce_social_security_benefits_for_high_earners,2031,-6,,-6.0,https://www.cbo.gov/budget-options/60911,CBO_BUDGET_OPTION_ANNUAL
CBO_2024_reduce_social_security_benefits_for_high_earners__70th_percentile_threshold_9_year_phase_in,CBO_2024_reduce_social_security_benefits_for_high_earners,2032,-8,,-8.0,https://www.cbo.gov/budget-options/60911,CBO_BUDGET_OPTION_ANNUAL
CBO_2024_reduce_social_security_benefits_for_high_earners__70th_percentile_threshold_9_year_phase_in,CBO_2024_reduce_social_security_benefits_for_high_earners,2033,-12,,-12.0,https://www.cbo.gov/budget-options/60911,CBO_BUDGET_OPTION_ANNUAL
CBO_2024_reduce_social_security_benefits_for_high_earners__70th_percentile_threshold_9_year_phase_in,CBO_2024_reduce_social_security_benefits_for_high_earners,2034,-16,,-16.0,https://www.cbo.gov/budget-options/60911,CBO_BUDGET_OPTION_ANNUAL
CBO_2024_reduce_social_security_benefits_for_high_earners__50th_percentile_threshold_9_year_phase_in,CBO_2024_reduce_social_security_benefits_for_high_earners,2025,0,,0.0,https://www.cbo.gov/budget-options/60911,CBO_BUDGET_OPTION_ANNUAL
CBO_2024_reduce_social_security_benefits_for_high_earners__50th_percentile_threshold_9_year_phase_in,CBO_2024_reduce_social_security_benefits_for_high_earners,2026,0,,0.0,https://www.cbo.gov/budget-options/60911,CBO_BUDGET_OPTION_ANNUAL
CBO_2024_reduce_social_security_benefits_for_high_earners__50th_percentile_threshold_9_year_phase_in,CBO_2024_reduce_social_security_benefits_for_high_earners,2027,-1,,-1.0,https://www.cbo.gov/budget-options/60911,CBO_BUDGET_OPTION_ANNUAL
CBO_2024_reduce_social_security_benefits_for_high_earners__50th_percentile_threshold_9_year_phase_in,CBO_2024_reduce_social_security_benefits_for_high_earners,2028,-2,,-2.0,https://www.cbo.gov/budget-options/60911,CBO_BUDGET_OPTION_ANNUAL
CBO_2024_reduce_social_security_benefits_for_high_earners__50th_percentile_threshold_9_year_phase_in,CBO_2024_reduce_social_security_benefits_for_high_earners,2029,-5,,-5.0,https://www.cbo.gov/budget-options/60911,CBO_BUDGET_OPTION_ANNUAL
CBO_2024_reduce_social_security_benefits_for_high_earners__50th_percentile_threshold_9_year_phase_in,CBO_2024_reduce_social_security_benefits_for_high_earners,2030,-8,,-8.0,https://www.cbo.gov/budget-options/60911,CBO_BUDGET_OPTION_ANNUAL
CBO_2024_reduce_social_security_benefits_for_high_earners__50th_percentile_threshold_9_year_phase_in,CBO_2024_reduce_social_security_benefits_for_high_earners,2031,-13,,-13.0,https://www.cbo.gov/budget-options/60911,CBO_BUDGET_OPTION_ANNUAL
CBO_2024_reduce_social_security_benefits_for_high_earners__50th_percentile_threshold_9_year_phase_in,CBO_2024_reduce_social_security_benefits_for_high_earners,2032,-20,,-20.0,https://www.cbo.gov/budget-options/60911,CBO_BUDGET_OPTION_ANNUAL
CBO_2024_reduce_social_security_benefits_for_high_earners__50th_percentile_threshold_9_year_phase_in,CBO_2024_reduce_social_security_benefits_for_high_earners,2033,-29,,-29.0,https://www.cbo.gov/budget-options/60911,CBO_BUDGET_OPTION_ANNUAL
CBO_2024_reduce_social_security_benefits_for_high_earners__50th_percentile_threshold_9_year_phase_in,CBO_2024_reduce_social_security_benefits_for_high_earners,2034,-39,,-39.0,https://www.cbo.gov/budget-options/60911,CBO_BUDGET_OPTION_ANNUAL
CBO_2024_reduce_social_security_benefits_for_high_earners__50th_percentile_threshold_5_year_phase_in,CBO_2024_reduce_social_security_benefits_for_high_earners,2025,0,,0.0,https://www.cbo.gov/budget-options/60911,CBO_BUDGET_OPTION_ANNUAL
CBO_2024_reduce_social_security_benefits_for_high_earners__50th_percentile_threshold_5_year_phase_in,CBO_2024_reduce_social_security_benefits_for_high_earners,2026,0,,0.0,https://www.cbo.gov/budget-options/60911,CBO_BUDGET_OPTION_ANNUAL
CBO_2024_reduce_social_security_benefits_for_high_earners__50th_percentile_threshold_5_year_phase_in,CBO_2024_reduce_social_security_benefits_for_high_earners,2027,-2,,-2.0,https://www.cbo.gov/budget-options/60911,CBO_BUDGET_OPTION_ANNUAL
CBO_2024_reduce_social_security_benefits_for_high_earners__50th_percentile_threshold_5_year_phase_in,CBO_2024_reduce_social_security_benefits_for_high_earners,2028,-4,,-4.0,https://www.cbo.gov/budget-options/60911,CBO_BUDGET_OPTION_ANNUAL
CBO_2024_reduce_social_security_benefits_for_high_earners__50th_percentile_threshold_5_year_phase_in,CBO_2024_reduce_social_security_benefits_for_high_earners,2029,-9,,-9.0,https://www.cbo.gov/budget-options/60911,CBO_BUDGET_OPTION_ANNUAL
CBO_2024_reduce_social_security_benefits_for_high_earners__50th_percentile_threshold_5_year_phase_in,CBO_2024_reduce_social_security_benefits_for_high_earners,2030,-15,,-15.0,https://www.cbo.gov/budget-options/60911,CBO_BUDGET_OPTION_ANNUAL
CBO_2024_reduce_social_security_benefits_for_high_earners__50th_percentile_threshold_5_year_phase_in,CBO_2024_reduce_social_security_benefits_for_high_earners,2031,-24,,-24.0,https://www.cbo.gov/budget-options/60911,CBO_BUDGET_OPTION_ANNUAL
CBO_2024_reduce_social_security_benefits_for_high_earners__50th_percentile_threshold_5_year_phase_in,CBO_2024_reduce_social_security_benefits_for_high_earners,2032,-35,,-35.0,https://www.cbo.gov/budget-options/60911,CBO_BUDGET_OPTION_ANNUAL
CBO_2024_reduce_social_security_benefits_for_high_earners__50th_percentile_threshold_5_year_phase_in,CBO_2024_reduce_social_security_benefits_for_high_earners,2033,-47,,-47.0,https://www.cbo.gov/budget-options/60911,CBO_BUDGET_OPTION_ANNUAL
CBO_2024_reduce_social_security_benefits_for_high_earners__50th_percentile_threshold_5_year_phase_in,CBO_2024_reduce_social_security_benefits_for_high_earners,2034,-61,,-61.0,https://www.cbo.gov/budget-options/60911,CBO_BUDGET_OPTION_ANNUAL
CBO_2024_establish_a_uniform_social_security_benefit__150_percent_of_federal_poverty_level,CBO_2024_establish_a_uniform_social_security_benefit,2025,0,,0.0,https://www.cbo.gov/budget-options/60912,CBO_BUDGET_OPTION_ANNUAL
CBO_2024_establish_a_uniform_social_security_benefit__150_percent_of_federal_poverty_level,CBO_2024_establish_a_uniform_social_security_benefit,2026,-1,,-1.0,https://www.cbo.gov/budget-options/60912,CBO_BUDGET_OPTION_ANNUAL
CBO_2024_establish_a_uniform_social_security_benefit__150_percent_of_federal_poverty_level,CBO_2024_establish_a_uniform_social_security_benefit,2027,-4,,-4.0,https://www.cbo.gov/budget-options/60912,CBO_BUDGET_OPTION_ANNUAL
CBO_2024_establish_a_uniform_social_security_benefit__150_percent_of_federal_poverty_level,CBO_2024_establish_a_uniform_social_security_benefit,2028,-8,,-8.0,https://www.cbo.gov/budget-options/60912,CBO_BUDGET_OPTION_ANNUAL
CBO_2024_establish_a_uniform_social_security_benefit__150_percent_of_federal_poverty_level,CBO_2024_establish_a_uniform_social_security_benefit,2029,-14,,-14.0,https://www.cbo.gov/budget-options/60912,CBO_BUDGET_OPTION_ANNUAL
CBO_2024_establish_a_uniform_social_security_benefit__150_percent_of_federal_poverty_level,CBO_2024_establish_a_uniform_social_security_benefit,2030,-22,,-22.0,https://www.cbo.gov/budget-options/60912,CBO_BUDGET_OPTION_ANNUAL
CBO_2024_establish_a_uniform_social_security_benefit__150_percent_of_federal_poverty_level,CBO_2024_establish_a_uniform_social_security_benefit,2031,-34,,-34.0,https://www.cbo.gov/budget-options/60912,CBO_BUDGET_OPTION_ANNUAL
CBO_2024_establish_a_uniform_social_security_benefit__150_percent_of_federal_poverty_level,CBO_2024_establish_a_uniform_social_security_benefit,2032,-50,,-50.0,https://www.cbo.gov/budget-options/60912,CBO_BUDGET_OPTION_ANNUAL
CBO_2024_establish_a_uniform_social_security_benefit__150_percent_of_federal_poverty_level,CBO_2024_establish_a_uniform_social_security_benefit,2033,-65,,-65.0,https://www.cbo.gov/budget-options/60912,CBO_BUDGET_OPTION_ANNUAL
CBO_2024_establish_a_uniform_social_security_benefit__150_percent_of_federal_poverty_level,CBO_2024_establish_a_uniform_social_security_benefit,2034,-85,,-85.0,https://www.cbo.gov/budget-options/60912,CBO_BUDGET_OPTION_ANNUAL
CBO_2024_establish_a_uniform_social_security_benefit__125_percent_of_federal_poverty_level,CBO_2024_establish_a_uniform_social_security_benefit,2025,0,,0.0,https://www.cbo.gov/budget-options/60912,CBO_BUDGET_OPTION_ANNUAL
CBO_2024_establish_a_uniform_social_security_benefit__125_percent_of_federal_poverty_level,CBO_2024_establish_a_uniform_social_security_benefit,2026,-3,,-3.0,https://www.cbo.gov/budget-options/60912,CBO_BUDGET_OPTION_ANNUAL
CBO_2024_establish_a_uniform_social_security_benefit__125_percent_of_federal_poverty_level,CBO_2024_establish_a_uniform_social_security_benefit,2027,-10,,-10.0,https://www.cbo.gov/budget-options/60912,CBO_BUDGET_OPTION_ANNUAL
CBO_2024_establish_a_uniform_social_security_benefit__125_percent_of_federal_poverty_level,CBO_2024_establish_a_uniform_social_security_benefit,2028,-21,,-21.0,https://www.cbo.gov/budget-options/60912,CBO_BUDGET_OPTION_ANNUAL
CBO_2024_establish_a_uniform_social_security_benefit__125_percent_of_federal_poverty_level,CBO_2024_establish_a_uniform_social_security_benefit,2029,-35,,-35.0,https://www.cbo.gov/budget-options/60912,CBO_BUDGET_OPTION_ANNUAL
CBO_2024_establish_a_uniform_social_security_benefit__125_percent_of_federal_poverty_level,CBO_2024_establish_a_uniform_social_security_benefit,2030,-52,,-52.0,https://www.cbo.gov/budget-options/60912,CBO_BUDGET_OPTION_ANNUAL
CBO_2024_establish_a_uniform_social_security_benefit__125_percent_of_federal_poverty_level,CBO_2024_establish_a_uniform_social_security_benefit,2031,-75,,-75.0,https://www.cbo.gov/budget-options/60912,CBO_BUDGET_OPTION_ANNUAL
CBO_2024_establish_a_uniform_social_security_benefit__125_percent_of_federal_poverty_level,CBO_2024_establish_a_uniform_social_security_benefit,2032,-106,,-106.0,https://www.cbo.gov/budget-options/60912,CBO_BUDGET_OPTION_ANNUAL
CBO_2024_establish_a_uniform_social_security_benefit__125_percent_of_federal_poverty_level,CBO_2024_establish_a_uniform_social_security_benefit,2033,-135,,-135.0,https://www.cbo.gov/budget-options/60912,CBO_BUDGET_OPTION_ANNUAL
CBO_2024_establish_a_uniform_social_security_benefit__125_percent_of_federal_poverty_level,CBO_2024_establish_a_uniform_social_security_benefit,2034,-170,,-170.0,https://www.cbo.gov/budget-options/60912,CBO_BUDGET_OPTION_ANNUAL
CBO_2024_raise_the_full_retirement_age_for_social_security__raise_fra,CBO_2024_raise_the_full_retirement_age_for_social_security,2025,0,,0.0,https://www.cbo.gov/budget-options/60913,CBO_BUDGET_OPTION_ANNUAL
CBO_2024_raise_the_full_retirement_age_for_social_security__raise_fra,CBO_2024_raise_the_full_retirement_age_for_social_security,2026,-0.1,,-0.1,https://www.cbo.gov/budget-options/60913,CBO_BUDGET_OPTION_ANNUAL
CBO_2024_raise_the_full_retirement_age_for_social_security__raise_fra,CBO_2024_raise_the_full_retirement_age_for_social_security,2027,-0.3,,-0.3,https://www.cbo.gov/budget-options/60913,CBO_BUDGET_OPTION_ANNUAL
CBO_2024_raise_the_full_retirement_age_for_social_security__raise_fra,CBO_2024_raise_the_full_retirement_age_for_social_security,2028,-0.9,,-0.9,https://www.cbo.gov/budget-options/60913,CBO_BUDGET_OPTION_ANNUAL
CBO_2024_raise_the_full_retirement_age_for_social_security__raise_fra,CBO_2024_raise_the_full_retirement_age_for_social_security,2029,-1.8,,-1.8,https://www.cbo.gov/budget-options/60913,CBO_BUDGET_OPTION_ANNUAL
CBO_2024_raise_the_full_retirement_age_for_social_security__raise_fra,CBO_2024_raise_the_full_retirement_age_for_social_security,2030,-3.2,,-3.2,https://www.cbo.gov/budget-options/60913,CBO_BUDGET_OPTION_ANNUAL
CBO_2024_raise_the_full_retirement_age_for_social_security__raise_fra,CBO_2024_raise_the_full_retirement_age_for_social_security,2031,-9.6,,-9.6,https://www.cbo.gov/budget-options/60913,CBO_BUDGET_OPTION_ANNUAL
CBO_2024_raise_the_full_retirement_age_for_social_security__raise_fra,CBO_2024_raise_the_full_retirement_age_for_social_security,2032,-16.6,,-16.6,https://www.cbo.gov/budget-options/60913,CBO_BUDGET_OPTION_ANNUAL
CBO_2024_raise_the_full_retirement_age_for_social_security__raise_fra,CBO_2024_raise_the_full_retirement_age_for_social_security,2033,-25.4,,-25.4,https://www.cbo.gov/budget-options/60913,CBO_BUDGET_OPTION_ANNUAL
CBO_2024_raise_the_full_retirement_age_for_social_security__raise_fra,CBO_2024_raise_the_full_retirement_age_for_social_security,2034,-36.8,,-36.8,https://www.cbo.gov/budget-options/60913,CBO_BUDGET_OPTION_ANNUAL
CBO_2024_require_social_security_disability_insurance_applicants_to_have_worked_more_in_recent_years__tighten_recent_work_requirement,CBO_2024_require_social_security_disability_insurance_applicants_to_have_worked_more_in_recent_years,2025,0,,0.0,https://www.cbo.gov/budget-options/60914,CBO_BUDGET_OPTION_ANNUAL
CBO_2024_require_social_security_disability_insurance_applicants_to_have_worked_more_in_recent_years__tighten_recent_work_requirement,CBO_2024_require_social_security_disability_insurance_applicants_to_have_worked_more_in_recent_years,2026,-0.9,,-0.9,https://www.cbo.gov/budget-options/60914,CBO_BUDGET_OPTION_ANNUAL
CBO_2024_require_social_security_disability_insurance_applicants_to_have_worked_more_in_recent_years__tighten_recent_work_requirement,CBO_2024_require_social_security_disability_insurance_applicants_to_have_worked_more_in_recent_years,2027,-2.3,,-2.3,https://www.cbo.gov/budget-options/60914,CBO_BUDGET_OPTION_ANNUAL
CBO_2024_require_social_security_disability_insurance_applicants_to_have_worked_more_in_recent_years__tighten_recent_work_requirement,CBO_2024_require_social_security_disability_insurance_applicants_to_have_worked_more_in_recent_years,2028,-3.9,,-3.9,https://www.cbo.gov/budget-options/60914,CBO_BUDGET_OPTION_ANNUAL
CBO_2024_require_social_security_disability_insurance_applicants_to_have_worked_more_in_recent_years__tighten_recent_work_requirement,CBO_2024_require_social_security_disability_insurance_applicants_to_have_worked_more_in_recent_years,2029,-5.3,,-5.3,https://www.cbo.gov/budget-options/60914,CBO_BUDGET_OPTION_ANNUAL
CBO_2024_require_social_security_disability_insurance_applicants_to_have_worked_more_in_recent_years__tighten_recent_work_requirement,CBO_2024_require_social_security_disability_insurance_applicants_to_have_worked_more_in_recent_years,2030,-6.7,,-6.7,https://www.cbo.gov/budget-options/60914,CBO_BUDGET_OPTION_ANNUAL
CBO_2024_require_social_security_disability_insurance_applicants_to_have_worked_more_in_recent_years__tighten_recent_work_requirement,CBO_2024_require_social_security_disability_insurance_applicants_to_have_worked_more_in_recent_years,2031,-8.1,,-8.1,https://www.cbo.gov/budget-options/60914,CBO_BUDGET_OPTION_ANNUAL
CBO_2024_require_social_security_disability_insurance_applicants_to_have_worked_more_in_recent_years__tighten_recent_work_requirement,CBO_2024_require_social_security_disability_insurance_applicants_to_have_worked_more_in_recent_years,2032,-9.5,,-9.5,https://www.cbo.gov/budget-options/60914,CBO_BUDGET_OPTION_ANNUAL
CBO_2024_require_social_security_disability_insurance_applicants_to_have_worked_more_in_recent_years__tighten_recent_work_requirement,CBO_2024_require_social_security_disability_insurance_applicants_to_have_worked_more_in_recent_years,2033,-10.9,,-10.9,https://www.cbo.gov/budget-options/60914,CBO_BUDGET_OPTION_ANNUAL
CBO_2024_require_social_security_disability_insurance_applicants_to_have_worked_more_in_recent_years__tighten_recent_work_requirement,CBO_2024_require_social_security_disability_insurance_applicants_to_have_worked_more_in_recent_years,2034,-12.2,,-12.2,https://www.cbo.gov/budget-options/60914,CBO_BUDGET_OPTION_ANNUAL
CBO_2024_introduce_means_testing_for_eligibility_for_va_s_disability_compensation__means_test,CBO_2024_introduce_means_testing_for_eligibility_for_va_s_disability_compensation,2025,0,,0.0,https://www.cbo.gov/budget-options/60915,CBO_BUDGET_OPTION_ANNUAL
CBO_2024_introduce_means_testing_for_eligibility_for_va_s_disability_compensation__means_test,CBO_2024_introduce_means_testing_for_eligibility_for_va_s_disability_compensation,2026,-26,,-26.0,https://www.cbo.gov/budget-options/60915,CBO_BUDGET_OPTION_ANNUAL
CBO_2024_introduce_means_testing_for_eligibility_for_va_s_disability_compensation__means_test,CBO_2024_introduce_means_testing_for_eligibility_for_va_s_disability_compensation,2027,-37,,-37.0,https://www.cbo.gov/budget-options/60915,CBO_BUDGET_OPTION_ANNUAL
CBO_2024_introduce_means_testing_for_eligibility_for_va_s_disability_compensation__means_test,CBO_2024_introduce_means_testing_for_eligibility_for_va_s_disability_compensation,2028,-43,,-43.0,https://www.cbo.gov/budget-options/60915,CBO_BUDGET_OPTION_ANNUAL
CBO_2024_introduce_means_testing_for_eligibility_for_va_s_disability_compensation__means_test,CBO_2024_introduce_means_testing_for_eligibility_for_va_s_disability_compensation,2029,-38,,-38.0,https://www.cbo.gov/budget-options/60915,CBO_BUDGET_OPTION_ANNUAL
CBO_2024_introduce_means_testing_for_eligibility_for_va_s_disability_compensation__means_test,CBO_2024_introduce_means_testing_for_eligibility_for_va_s_disability_compensation,2030,-43,,-43.0,https://www.cbo.gov/budget-options/60915,CBO_BUDGET_OPTION_ANNUAL
CBO_2024_introduce_means_testing_for_eligibility_for_va_s_disability_compensation__means_test,CBO_2024_introduce_means_testing_for_eligibility_for_va_s_disability_compensation,2031,-45,,-45.0,https://www.cbo.gov/budget-options/60915,CBO_BUDGET_OPTION_ANNUAL
CBO_2024_introduce_means_testing_for_eligibility_for_va_s_disability_compensation__means_test,CBO_2024_introduce_means_testing_for_eligibility_for_va_s_disability_compensation,2032,-47,,-47.0,https://www.cbo.gov/budget-options/60915,CBO_BUDGET_OPTION_ANNUAL
CBO_2024_introduce_means_testing_for_eligibility_for_va_s_disability_compensation__means_test,CBO_2024_introduce_means_testing_for_eligibility_for_va_s_disability_compensation,2033,-53,,-53.0,https://www.cbo.gov/budget-options/60915,CBO_BUDGET_OPTION_ANNUAL
CBO_2024_introduce_means_testing_for_eligibility_for_va_s_disability_compensation__means_test,CBO_2024_introduce_means_testing_for_eligibility_for_va_s_disability_compensation,2034,-52,,-52.0,https://www.cbo.gov/budget-options/60915,CBO_BUDGET_OPTION_ANNUAL
CBO_2024_end_va_s_individual_unemployability_payments_to_disabled_veterans_at_the_full_retirement_age_for_social_security__all_affected_recipients,CBO_2024_end_va_s_individual_unemployability_payments_to_disabled_veterans_at_the_full_retirement_age_for_social_security,2025,0,,0.0,https://www.cbo.gov/budget-options/60916,CBO_BUDGET_OPTION_ANNUAL
CBO_2024_end_va_s_individual_unemployability_payments_to_disabled_veterans_at_the_full_retirement_age_for_social_security__all_affected_recipients,CBO_2024_end_va_s_individual_unemployability_payments_to_disabled_veterans_at_the_full_retirement_age_for_social_security,2026,-4.3,,-4.3,https://www.cbo.gov/budget-options/60916,CBO_BUDGET_OPTION_ANNUAL
CBO_2024_end_va_s_individual_unemployability_payments_to_disabled_veterans_at_the_full_retirement_age_for_social_security__all_affected_recipients,CBO_2024_end_va_s_individual_unemployability_payments_to_disabled_veterans_at_the_full_retirement_age_for_social_security,2027,-6.1,,-6.1,https://www.cbo.gov/budget-options/60916,CBO_BUDGET_OPTION_ANNUAL
CBO_2024_end_va_s_individual_unemployability_payments_to_disabled_veterans_at_the_full_retirement_age_for_social_security__all_affected_recipients,CBO_2024_end_va_s_individual_unemployability_payments_to_disabled_veterans_at_the_full_retirement_age_for_social_security,2028,-7,,-7.0,https://www.cbo.gov/budget-options/60916,CBO_BUDGET_OPTION_ANNUAL
CBO_2024_end_va_s_individual_unemployability_payments_to_disabled_veterans_at_the_full_retirement_age_for_social_security__all_affected_recipients,CBO_2024_end_va_s_individual_unemployability_payments_to_disabled_veterans_at_the_full_retirement_age_for_social_security,2029,-6,,-6.0,https://www.cbo.gov/budget-options/60916,CBO_BUDGET_OPTION_ANNUAL
CBO_2024_end_va_s_individual_unemployability_payments_to_disabled_veterans_at_the_full_retirement_age_for_social_security__all_affected_recipients,CBO_2024_end_va_s_individual_unemployability_payments_to_disabled_veterans_at_the_full_retirement_age_for_social_security,2030,-6.9,,-6.9,https://www.cbo.gov/budget-options/60916,CBO_BUDGET_OPTION_ANNUAL
CBO_2024_end_va_s_individual_unemployability_payments_to_disabled_veterans_at_the_full_retirement_age_for_social_security__all_affected_recipients,CBO_2024_end_va_s_individual_unemployability_payments_to_disabled_veterans_at_the_full_retirement_age_for_social_security,2031,-7.1,,-7.1,https://www.cbo.gov/budget-options/60916,CBO_BUDGET_OPTION_ANNUAL
CBO_2024_end_va_s_individual_unemployability_payments_to_disabled_veterans_at_the_full_retirement_age_for_social_security__all_affected_recipients,CBO_2024_end_va_s_individual_unemployability_payments_to_disabled_veterans_at_the_full_retirement_age_for_social_security,2032,-7.4,,-7.4,https://www.cbo.gov/budget-options/60916,CBO_BUDGET_OPTION_ANNUAL
CBO_2024_end_va_s_individual_unemployability_payments_to_disabled_veterans_at_the_full_retirement_age_for_social_security__all_affected_recipients,CBO_2024_end_va_s_individual_unemployability_payments_to_disabled_veterans_at_the_full_retirement_age_for_social_security,2033,-8.3,,-8.3,https://www.cbo.gov/budget-options/60916,CBO_BUDGET_OPTION_ANNUAL
CBO_2024_end_va_s_individual_unemployability_payments_to_disabled_veterans_at_the_full_retirement_age_for_social_security__all_affected_recipients,CBO_2024_end_va_s_individual_unemployability_payments_to_disabled_veterans_at_the_full_retirement_age_for_social_security,2034,-8,,-8.0,https://www.cbo.gov/budget-options/60916,CBO_BUDGET_OPTION_ANNUAL
CBO_2024_end_va_s_individual_unemployability_payments_to_disabled_veterans_at_the_full_retirement_age_for_social_security__new_recipients_only,CBO_2024_end_va_s_individual_unemployability_payments_to_disabled_veterans_at_the_full_retirement_age_for_social_security,2025,0,,0.0,https://www.cbo.gov/budget-options/60916,CBO_BUDGET_OPTION_ANNUAL
CBO_2024_end_va_s_individual_unemployability_payments_to_disabled_veterans_at_the_full_retirement_age_for_social_security__new_recipients_only,CBO_2024_end_va_s_individual_unemployability_payments_to_disabled_veterans_at_the_full_retirement_age_for_social_security,2026,-0.1,,-0.1,https://www.cbo.gov/budget-options/60916,CBO_BUDGET_OPTION_ANNUAL
CBO_2024_end_va_s_individual_unemployability_payments_to_disabled_veterans_at_the_full_retirement_age_for_social_security__new_recipients_only,CBO_2024_end_va_s_individual_unemployability_payments_to_disabled_veterans_at_the_full_retirement_age_for_social_security,2027,-0.4,,-0.4,https://www.cbo.gov/budget-options/60916,CBO_BUDGET_OPTION_ANNUAL
CBO_2024_end_va_s_individual_unemployability_payments_to_disabled_veterans_at_the_full_retirement_age_for_social_security__new_recipients_only,CBO_2024_end_va_s_individual_unemployability_payments_to_disabled_veterans_at_the_full_retirement_age_for_social_security,2028,-0.9,,-0.9,https://www.cbo.gov/budget-options/60916,CBO_BUDGET_OPTION_ANNUAL
CBO_2024_end_va_s_individual_unemployability_payments_to_disabled_veterans_at_the_full_retirement_age_for_social_security__new_recipients_only,CBO_2024_end_va_s_individual_unemployability_payments_to_disabled_veterans_at_the_full_retirement_age_for_social_security,2029,-1,,-1.0,https://www.cbo.gov/budget-options/60916,CBO_BUDGET_OPTION_ANNUAL
CBO_2024_end_va_s_individual_unemployability_payments_to_disabled_veterans_at_the_full_retirement_age_for_social_security__new_recipients_only,CBO_2024_end_va_s_individual_unemployability_payments_to_disabled_veterans_at_the_full_retirement_age_for_social_security,2030,-1.5,,-1.5,https://www.cbo.gov/budget-options/60916,CBO_BUDGET_OPTION_ANNUAL
CBO_2024_end_va_s_individual_unemployability_payments_to_disabled_veterans_at_the_full_retirement_age_for_social_security__new_recipients_only,CBO_2024_end_va_s_individual_unemployability_payments_to_disabled_veterans_at_the_full_retirement_age_for_social_security,2031,-1.8,,-1.8,https://www.cbo.gov/budget-options/60916,CBO_BUDGET_OPTION_ANNUAL
CBO_2024_end_va_s_individual_unemployability_payments_to_disabled_veterans_at_the_full_retirement_age_for_social_security__new_recipients_only,CBO_2024_end_va_s_individual_unemployability_payments_to_disabled_veterans_at_the_full_retirement_age_for_social_security,2032,-2.2,,-2.2,https://www.cbo.gov/budget-options/60916,CBO_BUDGET_OPTION_ANNUAL
CBO_2024_end_va_s_individual_unemployability_payments_to_disabled_veterans_at_the_full_retirement_age_for_social_security__new_recipients_only,CBO_2024_end_va_s_individual_unemployability_payments_to_disabled_veterans_at_the_full_retirement_age_for_social_security,2033,-2.7,,-2.7,https://www.cbo.gov/budget-options/60916,CBO_BUDGET_OPTION_ANNUAL
CBO_2024_end_va_s_individual_unemployability_payments_to_disabled_veterans_at_the_full_retirement_age_for_social_security__new_recipients_only,CBO_2024_end_va_s_individual_unemployability_payments_to_disabled_veterans_at_the_full_retirement_age_for_social_security,2034,-2.9,,-2.9,https://www.cbo.gov/budget-options/60916,CBO_BUDGET_OPTION_ANNUAL
CBO_2024_reduce_va_s_disability_benefits_for_veterans_who_are_older_than_the_full_retirement_age_for_social_security__reduce_benefits,CBO_2024_reduce_va_s_disability_benefits_for_veterans_who_are_older_than_the_full_retirement_age_for_social_security,2025,0,,0.0,https://www.cbo.gov/budget-options/60917,CBO_BUDGET_OPTION_ANNUAL
CBO_2024_reduce_va_s_disability_benefits_for_veterans_who_are_older_than_the_full_retirement_age_for_social_security__reduce_benefits,CBO_2024_reduce_va_s_disability_benefits_for_veterans_who_are_older_than_the_full_retirement_age_for_social_security,2026,-0.6,,-0.6,https://www.cbo.gov/budget-options/60917,CBO_BUDGET_OPTION_ANNUAL
CBO_2024_reduce_va_s_disability_benefits_for_veterans_who_are_older_than_the_full_retirement_age_for_social_security__reduce_benefits,CBO_2024_reduce_va_s_disability_benefits_for_veterans_who_are_older_than_the_full_retirement_age_for_social_security,2027,-1.6,,-1.6,https://www.cbo.gov/budget-options/60917,CBO_BUDGET_OPTION_ANNUAL
CBO_2024_reduce_va_s_disability_benefits_for_veterans_who_are_older_than_the_full_retirement_age_for_social_security__reduce_benefits,CBO_2024_reduce_va_s_disability_benefits_for_veterans_who_are_older_than_the_full_retirement_age_for_social_security,2028,-2.4,,-2.4,https://www.cbo.gov/budget-options/60917,CBO_BUDGET_OPTION_ANNUAL
CBO_2024_reduce_va_s_disability_benefits_for_veterans_who_are_older_than_the_full_retirement_age_for_social_security__reduce_benefits,CBO_2024_reduce_va_s_disability_benefits_for_veterans_who_are_older_than_the_full_retirement_age_for_social_security,2029,-3.1,,-3.1,https://www.cbo.gov/budget-options/60917,CBO_BUDGET_OPTION_ANNUAL
CBO_2024_reduce_va_s_disability_benefits_for_veterans_who_are_older_than_the_full_retirement_age_for_social_security__reduce_benefits,CBO_2024_reduce_va_s_disability_benefits_for_veterans_who_are_older_than_the_full_retirement_age_for_social_security,2030,-3.8,,-3.8,https://www.cbo.gov/budget-options/60917,CBO_BUDGET_OPTION_ANNUAL
CBO_2024_reduce_va_s_disability_benefits_for_veterans_who_are_older_than_the_full_retirement_age_for_social_security__reduce_benefits,CBO_2024_reduce_va_s_disability_benefits_for_veterans_who_are_older_than_the_full_retirement_age_for_social_security,2031,-4.5,,-4.5,https://www.cbo.gov/budget-options/60917,CBO_BUDGET_OPTION_ANNUAL
CBO_2024_reduce_va_s_disability_benefits_for_veterans_who_are_older_than_the_full_retirement_age_for_social_security__reduce_benefits,CBO_2024_reduce_va_s_disability_benefits_for_veterans_who_are_older_than_the_full_retirement_age_for_social_security,2032,-5.2,,-5.2,https://www.cbo.gov/budget-options/60917,CBO_BUDGET_OPTION_ANNUAL
CBO_2024_reduce_va_s_disability_benefits_for_veterans_who_are_older_than_the_full_retirement_age_for_social_security__reduce_benefits,CBO_2024_reduce_va_s_disability_benefits_for_veterans_who_are_older_than_the_full_retirement_age_for_social_security,2033,-5.9,,-5.9,https://www.cbo.gov/budget-options/60917,CBO_BUDGET_OPTION_ANNUAL
CBO_2024_reduce_va_s_disability_benefits_for_veterans_who_are_older_than_the_full_retirement_age_for_social_security__reduce_benefits,CBO_2024_reduce_va_s_disability_benefits_for_veterans_who_are_older_than_the_full_retirement_age_for_social_security,2034,-6.7,,-6.7,https://www.cbo.gov/budget-options/60917,CBO_BUDGET_OPTION_ANNUAL
CBO_2024_narrow_eligibility_for_va_s_disability_compensation_by_excluding_veterans_with_low_disability_ratings__all_recipients,CBO_2024_narrow_eligibility_for_va_s_disability_compensation_by_excluding_veterans_with_low_disability_ratings,2025,0,,0.0,https://www.cbo.gov/budget-options/60918,CBO_BUDGET_OPTION_ANNUAL
CBO_2024_narrow_eligibility_for_va_s_disability_compensation_by_excluding_veterans_with_low_disability_ratings__all_recipients,CBO_2024_narrow_eligibility_for_va_s_disability_compensation_by_excluding_veterans_with_low_disability_ratings,2026,-3.2,,-3.2,https://www.cbo.gov/budget-options/60918,CBO_BUDGET_OPTION_ANNUAL
CBO_2024_narrow_eligibility_for_va_s_disability_compensation_by_excluding_veterans_with_low_disability_ratings__all_recipients,CBO_2024_narrow_eligibility_for_va_s_disability_compensation_by_excluding_veterans_with_low_disability_ratings,2027,-4.9,,-4.9,https://www.cbo.gov/budget-options/60918,CBO_BUDGET_OPTION_ANNUAL
CBO_2024_narrow_eligibility_for_va_s_disability_compensation_by_excluding_veterans_with_low_disability_ratings__all_recipients,CBO_2024_narrow_eligibility_for_va_s_disability_compensation_by_excluding_veterans_with_low_disability_ratings,2028,-5.4,,-5.4,https://www.cbo.gov/budget-options/60918,CBO_BUDGET_OPTION_ANNUAL
CBO_2024_narrow_eligibility_for_va_s_disability_compensation_by_excluding_veterans_with_low_disability_ratings__all_recipients,CBO_2024_narrow_eligibility_for_va_s_disability_compensation_by_excluding_veterans_with_low_disability_ratings,2029,-6,,-6.0,https://www.cbo.gov/budget-options/60918,CBO_BUDGET_OPTION_ANNUAL
CBO_2024_narrow_eligibility_for_va_s_disability_compensation_by_excluding_veterans_with_low_disability_ratings__all_recipients,CBO_2024_narrow_eligibility_for_va_s_disability_compensation_by_excluding_veterans_with_low_disability_ratings,2030,-6.6,,-6.6,https://www.cbo.gov/budget-options/60918,CBO_BUDGET_OPTION_ANNUAL
CBO_2024_narrow_eligibility_for_va_s_disability_compensation_by_excluding_veterans_with_low_disability_ratings__all_recipients,CBO_2024_narrow_eligibility_for_va_s_disability_compensation_by_excluding_veterans_with_low_disability_ratings,2031,-7.2,,-7.2,https://www.cbo.gov/budget-options/60918,CBO_BUDGET_OPTION_ANNUAL
CBO_2024_narrow_eligibility_for_va_s_disability_compensation_by_excluding_veterans_with_low_disability_ratings__all_recipients,CBO_2024_narrow_eligibility_for_va_s_disability_compensation_by_excluding_veterans_with_low_disability_ratings,2032,-7.8,,-7.8,https://www.cbo.gov/budget-options/60918,CBO_BUDGET_OPTION_ANNUAL
CBO_2024_narrow_eligibility_for_va_s_disability_compensation_by_excluding_veterans_with_low_disability_ratings__all_recipients,CBO_2024_narrow_eligibility_for_va_s_disability_compensation_by_excluding_veterans_with_low_disability_ratings,2033,-8.4,,-8.4,https://www.cbo.gov/budget-options/60918,CBO_BUDGET_OPTION_ANNUAL
CBO_2024_narrow_eligibility_for_va_s_disability_compensation_by_excluding_veterans_with_low_disability_ratings__all_recipients,CBO_2024_narrow_eligibility_for_va_s_disability_compensation_by_excluding_veterans_with_low_disability_ratings,2034,-9.1,,-9.1,https://www.cbo.gov/budget-options/60918,CBO_BUDGET_OPTION_ANNUAL
CBO_2024_narrow_eligibility_for_va_s_disability_compensation_by_excluding_veterans_with_low_disability_ratings__new_applicants_only,CBO_2024_narrow_eligibility_for_va_s_disability_compensation_by_excluding_veterans_with_low_disability_ratings,2025,0,,0.0,https://www.cbo.gov/budget-options/60918,CBO_BUDGET_OPTION_ANNUAL
CBO_2024_narrow_eligibility_for_va_s_disability_compensation_by_excluding_veterans_with_low_disability_ratings__new_applicants_only,CBO_2024_narrow_eligibility_for_va_s_disability_compensation_by_excluding_veterans_with_low_disability_ratings,2026,-0.1,,-0.1,https://www.cbo.gov/budget-options/60918,CBO_BUDGET_OPTION_ANNUAL
CBO_2024_narrow_eligibility_for_va_s_disability_compensation_by_excluding_veterans_with_low_disability_ratings__new_applicants_only,CBO_2024_narrow_eligibility_for_va_s_disability_compensation_by_excluding_veterans_with_low_disability_ratings,2027,-0.4,,-0.4,https://www.cbo.gov/budget-options/60918,CBO_BUDGET_OPTION_ANNUAL
CBO_2024_narrow_eligibility_for_va_s_disability_compensation_by_excluding_veterans_with_low_disability_ratings__new_applicants_only,CBO_2024_narrow_eligibility_for_va_s_disability_compensation_by_excluding_veterans_with_low_disability_ratings,2028,-0.7,,-0.7,https://www.cbo.gov/budget-options/60918,CBO_BUDGET_OPTION_ANNUAL
CBO_2024_narrow_eligibility_for_va_s_disability_compensation_by_excluding_veterans_with_low_disability_ratings__new_applicants_only,CBO_2024_narrow_eligibility_for_va_s_disability_compensation_by_excluding_veterans_with_low_disability_ratings,2029,-1,,-1.0,https://www.cbo.gov/budget-options/60918,CBO_BUDGET_OPTION_ANNUAL
CBO_2024_narrow_eligibility_for_va_s_disability_compensation_by_excluding_veterans_with_low_disability_ratings__new_applicants_only,CBO_2024_narrow_eligibility_for_va_s_disability_compensation_by_excluding_veterans_with_low_disability_ratings,2030,-1.3,,-1.3,https://www.cbo.gov/budget-options/60918,CBO_BUDGET_OPTION_ANNUAL
CBO_2024_narrow_eligibility_for_va_s_disability_compensation_by_excluding_veterans_with_low_disability_ratings__new_applicants_only,CBO_2024_narrow_eligibility_for_va_s_disability_compensation_by_excluding_veterans_with_low_disability_ratings,2031,-1.5,,-1.5,https://www.cbo.gov/budget-options/60918,CBO_BUDGET_OPTION_ANNUAL
CBO_2024_narrow_eligibility_for_va_s_disability_compensation_by_excluding_veterans_with_low_disability_ratings__new_applicants_only,CBO_2024_narrow_eligibility_for_va_s_disability_compensation_by_excluding_veterans_with_low_disability_ratings,2032,-1.8,,-1.8,https://www.cbo.gov/budget-options/60918,CBO_BUDGET_OPTION_ANNUAL
CBO_2024_narrow_eligibility_for_va_s_disability_compensation_by_excluding_veterans_with_low_disability_ratings__new_applicants_only,CBO_2024_narrow_eligibility_for_va_s_disability_compensation_by_excluding_veterans_with_low_disability_ratings,2033,-2.1,,-2.1,https://www.cbo.gov/budget-options/60918,CBO_BUDGET_OPTION_ANNUAL
CBO_2024_narrow_eligibility_for_va_s_disability_compensation_by_excluding_veterans_with_low_disability_ratings__new_applicants_only,CBO_2024_narrow_eligibility_for_va_s_disability_compensation_by_excluding_veterans_with_low_disability_ratings,2034,-2.3,,-2.3,https://www.cbo.gov/budget-options/60918,CBO_BUDGET_OPTION_ANNUAL
CBO_2024_use_an_alternative_measure_of_inflation_to_index_social_security_and_other_mandatory_programs__chained_cpi,CBO_2024_use_an_alternative_measure_of_inflation_to_index_social_security_and_other_mandatory_programs,2025,,,0.0,https://www.cbo.gov/budget-options/60919,CBO_BUDGET_OPTION_ANNUAL
CBO_2024_use_an_alternative_measure_of_inflation_to_index_social_security_and_other_mandatory_programs__chained_cpi,CBO_2024_use_an_alternative_measure_of_inflation_to_index_social_security_and_other_mandatory_programs,2026,,,-3.9,https://www.cbo.gov/budget-options/60919,CBO_BUDGET_OPTION_ANNUAL
CBO_2024_use_an_alternative_measure_of_inflation_to_index_social_security_and_other_mandatory_programs__chained_cpi,CBO_2024_use_an_alternative_measure_of_inflation_to_index_social_security_and_other_mandatory_programs,2027,,,-9.8,https://www.cbo.gov/budget-options/60919,CBO_BUDGET_OPTION_ANNUAL
CBO_2024_use_an_alternative_measure_of_inflation_to_index_social_security_and_other_mandatory_programs__chained_cpi,CBO_2024_use_an_alternative_measure_of_inflation_to_index_social_security_and_other_mandatory_programs,2028,,,-16.1,https://www.cbo.gov/budget-options/60919,CBO_BUDGET_OPTION_ANNUAL
CBO_2024_use_an_alternative_measure_of_inflation_to_index_social_security_and_other_mandatory_programs__chained_cpi,CBO_2024_use_an_alternative_measure_of_inflation_to_index_social_security_and_other_mandatory_programs,2029,,,-22.5,https://www.cbo.gov/budget-options/60919,CBO_BUDGET_OPTION_ANNUAL
CBO_2024_use_an_alternative_measure_of_inflation_to_index_social_security_and_other_mandatory_programs__chained_cpi,CBO_2024_use_an_alternative_measure_of_inflation_to_index_social_security_and_other_mandatory_programs,2030,,,-29.5,https://www.cbo.gov/budget-options/60919,CBO_BUDGET_OPTION_ANNUAL
CBO_2024_use_an_alternative_measure_of_inflation_to_index_social_security_and_other_mandatory_programs__chained_cpi,CBO_2024_use_an_alternative_measure_of_inflation_to_index_social_security_and_other_mandatory_programs,2031,,,-37.1,https://www.cbo.gov/budget-options/60919,CBO_BUDGET_OPTION_ANNUAL
CBO_2024_use_an_alternative_measure_of_inflation_to_index_social_security_and_other_mandatory_programs__chained_cpi,CBO_2024_use_an_alternative_measure_of_inflation_to_index_social_security_and_other_mandatory_programs,2032,,,-46.7,https://www.cbo.gov/budget-options/60919,CBO_BUDGET_OPTION_ANNUAL
CBO_2024_use_an_alternative_measure_of_inflation_to_index_social_security_and_other_mandatory_programs__chained_cpi,CBO_2024_use_an_alternative_measure_of_inflation_to_index_social_security_and_other_mandatory_programs,2033,,,-52.3,https://www.cbo.gov/budget-options/60919,CBO_BUDGET_OPTION_ANNUAL
CBO_2024_use_an_alternative_measure_of_inflation_to_index_social_security_and_other_mandatory_programs__chained_cpi,CBO_2024_use_an_alternative_measure_of_inflation_to_index_social_security_and_other_mandatory_programs,2034,,,-60.1,https://www.cbo.gov/budget-options/60919,CBO_BUDGET_OPTION_ANNUAL
CBO_2024_reduce_the_department_of_defense_s_annual_budget__reduce_annual_dod_budget,CBO_2024_reduce_the_department_of_defense_s_annual_budget,2025,0,,0.0,https://www.cbo.gov/budget-options/60920,CBO_BUDGET_OPTION_ANNUAL
CBO_2024_reduce_the_department_of_defense_s_annual_budget__reduce_annual_dod_budget,CBO_2024_reduce_the_department_of_defense_s_annual_budget,2026,-15,,-15.0,https://www.cbo.gov/budget-options/60920,CBO_BUDGET_OPTION_ANNUAL
CBO_2024_reduce_the_department_of_defense_s_annual_budget__reduce_annual_dod_budget,CBO_2024_reduce_the_department_of_defense_s_annual_budget,2027,-38,,-38.0,https://www.cbo.gov/budget-options/60920,CBO_BUDGET_OPTION_ANNUAL
CBO_2024_reduce_the_department_of_defense_s_annual_budget__reduce_annual_dod_budget,CBO_2024_reduce_the_department_of_defense_s_annual_budget,2028,-64,,-64.0,https://www.cbo.gov/budget-options/60920,CBO_BUDGET_OPTION_ANNUAL
CBO_2024_reduce_the_department_of_defense_s_annual_budget__reduce_annual_dod_budget,CBO_2024_reduce_the_department_of_defense_s_annual_budget,2029,-93,,-93.0,https://www.cbo.gov/budget-options/60920,CBO_BUDGET_OPTION_ANNUAL
CBO_2024_reduce_the_department_of_defense_s_annual_budget__reduce_annual_dod_budget,CBO_2024_reduce_the_department_of_defense_s_annual_budget,2030,-125,,-125.0,https://www.cbo.gov/budget-options/60920,CBO_BUDGET_OPTION_ANNUAL
CBO_2024_reduce_the_department_of_defense_s_annual_budget__reduce_annual_dod_budget,CBO_2024_reduce_the_department_of_defense_s_annual_budget,2031,-143,,-143.0,https://www.cbo.gov/budget-options/60920,CBO_BUDGET_OPTION_ANNUAL
CBO_2024_reduce_the_department_of_defense_s_annual_budget__reduce_annual_dod_budget,CBO_2024_reduce_the_department_of_defense_s_annual_budget,2032,-153,,-153.0,https://www.cbo.gov/budget-options/60920,CBO_BUDGET_OPTION_ANNUAL
CBO_2024_reduce_the_department_of_defense_s_annual_budget__reduce_annual_dod_budget,CBO_2024_reduce_the_department_of_defense_s_annual_budget,2033,-161,,-161.0,https://www.cbo.gov/budget-options/60920,CBO_BUDGET_OPTION_ANNUAL
CBO_2024_reduce_the_department_of_defense_s_annual_budget__reduce_annual_dod_budget,CBO_2024_reduce_the_department_of_defense_s_annual_budget,2034,-167,,-167.0,https://www.cbo.gov/budget-options/60920,CBO_BUDGET_OPTION_ANNUAL
CBO_2024_cap_increases_in_basic_pay_for_military_service_members__cap_basic_pay_increases,CBO_2024_cap_increases_in_basic_pay_for_military_service_members,2025,0,,0.0,https://www.cbo.gov/budget-options/60921,CBO_BUDGET_OPTION_ANNUAL
CBO_2024_cap_increases_in_basic_pay_for_military_service_members__cap_basic_pay_increases,CBO_2024_cap_increases_in_basic_pay_for_military_service_members,2026,-0.3,,-0.3,https://www.cbo.gov/budget-options/60921,CBO_BUDGET_OPTION_ANNUAL
CBO_2024_cap_increases_in_basic_pay_for_military_service_members__cap_basic_pay_increases,CBO_2024_cap_increases_in_basic_pay_for_military_service_members,2027,-0.8,,-0.8,https://www.cbo.gov/budget-options/60921,CBO_BUDGET_OPTION_ANNUAL
CBO_2024_cap_increases_in_basic_pay_for_military_service_members__cap_basic_pay_increases,CBO_2024_cap_increases_in_basic_pay_for_military_service_members,2028,-1.2,,-1.2,https://www.cbo.gov/budget-options/60921,CBO_BUDGET_OPTION_ANNUAL
CBO_2024_cap_increases_in_basic_pay_for_military_service_members__cap_basic_pay_increases,CBO_2024_cap_increases_in_basic_pay_for_military_service_members,2029,-1.6,,-1.6,https://www.cbo.gov/budget-options/60921,CBO_BUDGET_OPTION_ANNUAL
CBO_2024_cap_increases_in_basic_pay_for_military_service_members__cap_basic_pay_increases,CBO_2024_cap_increases_in_basic_pay_for_military_service_members,2030,-2.1,,-2.1,https://www.cbo.gov/budget-options/60921,CBO_BUDGET_OPTION_ANNUAL
CBO_2024_cap_increases_in_basic_pay_for_military_service_members__cap_basic_pay_increases,CBO_2024_cap_increases_in_basic_pay_for_military_service_members,2031,-2.4,,-2.4,https://www.cbo.gov/budget-options/60921,CBO_BUDGET_OPTION_ANNUAL
CBO_2024_cap_increases_in_basic_pay_for_military_service_members__cap_basic_pay_increases,CBO_2024_cap_increases_in_basic_pay_for_military_service_members,2032,-2.4,,-2.4,https://www.cbo.gov/budget-options/60921,CBO_BUDGET_OPTION_ANNUAL
CBO_2024_cap_increases_in_basic_pay_for_military_service_members__cap_basic_pay_increases,CBO_2024_cap_increases_in_basic_pay_for_military_service_members,2033,-2.5,,-2.5,https://www.cbo.gov/budget-options/60921,CBO_BUDGET_OPTION_ANNUAL
CBO_2024_cap_increases_in_basic_pay_for_military_service_members__cap_basic_pay_increases,CBO_2024_cap_increases_in_basic_pay_for_military_service_members,2034,-2.6,,-2.6,https://www.cbo.gov/budget-options/60921,CBO_BUDGET_OPTION_ANNUAL
CBO_2024_replace_some_military_personnel_with_civilian_employees__replace_personnel,CBO_2024_replace_some_military_personnel_with_civilian_employees,2025,0,,0.0,https://www.cbo.gov/budget-options/60922,CBO_BUDGET_OPTION_ANNUAL
CBO_2024_replace_some_military_personnel_with_civilian_employees__replace_personnel,CBO_2024_replace_some_military_personnel_with_civilian_employees,2026,-0.1,,-0.1,https://www.cbo.gov/budget-options/60922,CBO_BUDGET_OPTION_ANNUAL
CBO_2024_replace_some_military_personnel_with_civilian_employees__replace_personnel,CBO_2024_replace_some_military_personnel_with_civilian_employees,2027,-0.3,,-0.3,https://www.cbo.gov/budget-options/60922,CBO_BUDGET_OPTION_ANNUAL
CBO_2024_replace_some_military_personnel_with_civilian_employees__replace_personnel,CBO_2024_replace_some_military_personnel_with_civilian_employees,2028,-0.6,,-0.6,https://www.cbo.gov/budget-options/60922,CBO_BUDGET_OPTION_ANNUAL
CBO_2024_replace_some_military_personnel_with_civilian_employees__replace_personnel,CBO_2024_replace_some_military_personnel_with_civilian_employees,2029,-0.9,,-0.9,https://www.cbo.gov/budget-options/60922,CBO_BUDGET_OPTION_ANNUAL
CBO_2024_replace_some_military_personnel_with_civilian_employees__replace_personnel,CBO_2024_replace_some_military_personnel_with_civilian_employees,2030,-1.1,,-1.1,https://www.cbo.gov/budget-options/60922,CBO_BUDGET_OPTION_ANNUAL
CBO_2024_replace_some_military_personnel_with_civilian_employees__replace_personnel,CBO_2024_replace_some_military_personnel_with_civilian_employees,2031,-1.3,,-1.3,https://www.cbo.gov/budget-options/60922,CBO_BUDGET_OPTION_ANNUAL
CBO_2024_replace_some_military_personnel_with_civilian_employees__replace_personnel,CBO_2024_replace_some_military_personnel_with_civilian_employees,2032,-1.4,,-1.4,https://www.cbo.gov/budget-options/60922,CBO_BUDGET_OPTION_ANNUAL
CBO_2024_replace_some_military_personnel_with_civilian_employees__replace_personnel,CBO_2024_replace_some_military_personnel_with_civilian_employees,2033,-1.5,,-1.5,https://www.cbo.gov/budget-options/60922,CBO_BUDGET_OPTION_ANNUAL
CBO_2024_replace_some_military_personnel_with_civilian_employees__replace_personnel,CBO_2024_replace_some_military_personnel_with_civilian_employees,2034,-1.7,,-1.7,https://www.cbo.gov/budget-options/60922,CBO_BUDGET_OPTION_ANNUAL
CBO_2024_stop_building_ford_class_aircraft_carriers__stop_construction,CBO_2024_stop_building_ford_class_aircraft_carriers,2025,0,,0.0,https://www.cbo.gov/budget-options/60923,CBO_BUDGET_OPTION_ANNUAL
CBO_2024_stop_building_ford_class_aircraft_carriers__stop_construction,CBO_2024_stop_building_ford_class_aircraft_carriers,2026,0,,0.0,https://www.cbo.gov/budget-options/60923,CBO_BUDGET_OPTION_ANNUAL
CBO_2024_stop_building_ford_class_aircraft_carriers__stop_construction,CBO_2024_stop_building_ford_class_aircraft_carriers,2027,0,,0.0,https://www.cbo.gov/budget-options/60923,CBO_BUDGET_OPTION_ANNUAL
CBO_2024_stop_building_ford_class_aircraft_carriers__stop_construction,CBO_2024_stop_building_ford_class_aircraft_carriers,2028,-0.2,,-0.2,https://www.cbo.gov/budget-options/60923,CBO_BUDGET_OPTION_ANNUAL
CBO_2024_stop_building_ford_class_aircraft_carriers__stop_construction,CBO_2024_stop_building_ford_class_aircraft_carriers,2029,-0.8,,-0.8,https://www.cbo.gov/budget-options/60923,CBO_BUDGET_OPTION_ANNUAL
CBO_2024_stop_building_ford_class_aircraft_carriers__stop_construction,CBO_2024_stop_building_ford_class_aircraft_carriers,2030,-1.4,,-1.4,https://www.cbo.gov/budget-options/60923,CBO_BUDGET_OPTION_ANNUAL
CBO_2024_stop_building_ford_class_aircraft_carriers__stop_construction,CBO_2024_stop_building_ford_class_aircraft_carriers,2031,-2,,-2.0,https://www.cbo.gov/budget-options/60923,CBO_BUDGET_OPTION_ANNUAL
CBO_2024_stop_building_ford_class_aircraft_carriers__stop_construction,CBO_2024_stop_building_ford_class_aircraft_carriers,2032,-2.7,,-2.7,https://www.cbo.gov/budget-options/60923,CBO_BUDGET_OPTION_ANNUAL
CBO_2024_stop_building_ford_class_aircraft_carriers__stop_construction,CBO_2024_stop_building_ford_class_aircraft_carriers,2033,-3.5,,-3.5,https://www.cbo.gov/budget-options/60923,CBO_BUDGET_OPTION_ANNUAL
CBO_2024_stop_building_ford_class_aircraft_carriers__stop_construction,CBO_2024_stop_building_ford_class_aircraft_carriers,2034,-4,,-4.0,https://www.cbo.gov/budget-options/60923,CBO_BUDGET_OPTION_ANNUAL
CBO_2024_cancel_the_long_range_standoff_weapon__cancel_lrso,CBO_2024_cancel_the_long_range_standoff_weapon,2025,0,,0.0,https://www.cbo.gov/budget-options/60924,CBO_BUDGET_OPTION_ANNUAL
CBO_2024_cancel_the_long_range_standoff_weapon__cancel_lrso,CBO_2024_cancel_the_long_range_standoff_weapon,2026,-0.9,,-0.9,https://www.cbo.gov/budget-options/60924,CBO_BUDGET_OPTION_ANNUAL
CBO_2024_cancel_the_long_range_standoff_weapon__cancel_lrso,CBO_2024_cancel_the_long_range_standoff_weapon,2027,-1.6,,-1.6,https://www.cbo.gov/budget-options/60924,CBO_BUDGET_OPTION_ANNUAL
CBO_2024_cancel_the_long_range_standoff_weapon__cancel_lrso,CBO_2024_cancel_the_long_range_standoff_weapon,2028,-1.9,,-1.9,https://www.cbo.gov/budget-options/60924,CBO_BUDGET_OPTION_ANNUAL
CBO_2024_cancel_the_long_range_standoff_weapon__cancel_lrso,CBO_2024_cancel_the_long_range_standoff_weapon,2029,-2.2,,-2.2,https://www.cbo.gov/budget-options/60924,CBO_BUDGET_OPTION_ANNUAL
CBO_2024_cancel_the_long_range_standoff_weapon__cancel_lrso,CBO_2024_cancel_the_long_range_standoff_weapon,2030,-2.3,,-2.3,https://www.cbo.gov/budget-options/60924,CBO_BUDGET_OPTION_ANNUAL
CBO_2024_cancel_the_long_range_standoff_weapon__cancel_lrso,CBO_2024_cancel_the_long_range_standoff_weapon,2031,-2.4,,-2.4,https://www.cbo.gov/budget-options/60924,CBO_BUDGET_OPTION_ANNUAL
CBO_2024_cancel_the_long_range_standoff_weapon__cancel_lrso,CBO_2024_cancel_the_long_range_standoff_weapon,2032,-2,,-2.0,https://www.cbo.gov/budget-options/60924,CBO_BUDGET_OPTION_ANNUAL
CBO_2024_cancel_the_long_range_standoff_weapon__cancel_lrso,CBO_2024_cancel_the_long_range_standoff_weapon,2033,-1.3,,-1.3,https://www.cbo.gov/budget-options/60924,CBO_BUDGET_OPTION_ANNUAL
CBO_2024_cancel_the_long_range_standoff_weapon__cancel_lrso,CBO_2024_cancel_the_long_range_standoff_weapon,2034,-0.6,,-0.6,https://www.cbo.gov/budget-options/60924,CBO_BUDGET_OPTION_ANNUAL
CBO_2024_cancel_the_army_s_future_long_range_assault_aircraft__cancel_flraa,CBO_2024_cancel_the_army_s_future_long_range_assault_aircraft,2025,0,,0.0,https://www.cbo.gov/budget-options/60925,CBO_BUDGET_OPTION_ANNUAL
CBO_2024_cancel_the_army_s_future_long_range_assault_aircraft__cancel_flraa,CBO_2024_cancel_the_army_s_future_long_range_assault_aircraft,2026,-0.3,,-0.3,https://www.cbo.gov/budget-options/60925,CBO_BUDGET_OPTION_ANNUAL
CBO_2024_cancel_the_army_s_future_long_range_assault_aircraft__cancel_flraa,CBO_2024_cancel_the_army_s_future_long_range_assault_aircraft,2027,-0.7,,-0.7,https://www.cbo.gov/budget-options/60925,CBO_BUDGET_OPTION_ANNUAL
CBO_2024_cancel_the_army_s_future_long_range_assault_aircraft__cancel_flraa,CBO_2024_cancel_the_army_s_future_long_range_assault_aircraft,2028,-0.9,,-0.9,https://www.cbo.gov/budget-options/60925,CBO_BUDGET_OPTION_ANNUAL
CBO_2024_cancel_the_army_s_future_long_range_assault_aircraft__cancel_flraa,CBO_2024_cancel_the_army_s_future_long_range_assault_aircraft,2029,-1,,-1.0,https://www.cbo.gov/budget-options/60925,CBO_BUDGET_OPTION_ANNUAL
CBO_2024_cancel_the_army_s_future_long_range_assault_aircraft__cancel_flraa,CBO_2024_cancel_the_army_s_future_long_range_assault_aircraft,2030,-1.2,,-1.2,https://www.cbo.gov/budget-options/60925,CBO_BUDGET_OPTION_ANNUAL
CBO_2024_cancel_the_army_s_future_long_range_assault_aircraft__cancel_flraa,CBO_2024_cancel_the_army_s_future_long_range_assault_aircraft,2031,-1.4,,-1.4,https://www.cbo.gov/budget-options/60925,CBO_BUDGET_OPTION_ANNUAL
CBO_2024_cancel_the_army_s_future_long_range_assault_aircraft__cancel_flraa,CBO_2024_cancel_the_army_s_future_long_range_assault_aircraft,2032,-1.5,,-1.5,https://www.cbo.gov/budget-options/60925,CBO_BUDGET_OPTION_ANNUAL
CBO_2024_cancel_the_army_s_future_long_range_assault_aircraft__cancel_flraa,CBO_2024_cancel_the_army_s_future_long_range_assault_aircraft,2033,-1.7,,-1.7,https://www.cbo.gov/budget-options/60925,CBO_BUDGET_OPTION_ANNUAL
CBO_2024_cancel_the_army_s_future_long_range_assault_aircraft__cancel_flraa,CBO_2024_cancel_the_army_s_future_long_range_assault_aircraft,2034,-1.8,,-1.8,https://www.cbo.gov/budget-options/60925,CBO_BUDGET_OPTION_ANNUAL
CBO_2024_reduce_the_size_of_the_bomber_force_by_retiring_the_b_1b__retire_b_1b,CBO_2024_reduce_the_size_of_the_bomber_force_by_retiring_the_b_1b,2025,0,,0.0,https://www.cbo.gov/budget-options/60926,CBO_BUDGET_OPTION_ANNUAL
CBO_2024_reduce_the_size_of_the_bomber_force_by_retiring_the_b_1b__retire_b_1b,CBO_2024_reduce_the_size_of_the_bomber_force_by_retiring_the_b_1b,2026,-0.9,,-0.9,https://www.cbo.gov/budget-options/60926,CBO_BUDGET_OPTION_ANNUAL
CBO_2024_reduce_the_size_of_the_bomber_force_by_retiring_the_b_1b__retire_b_1b,CBO_2024_reduce_the_size_of_the_bomber_force_by_retiring_the_b_1b,2027,-1.2,,-1.2,https://www.cbo.gov/budget-options/60926,CBO_BUDGET_OPTION_ANNUAL
CBO_2024_reduce_the_size_of_the_bomber_force_by_retiring_the_b_1b__retire_b_1b,CBO_2024_reduce_the_size_of_the_bomber_force_by_retiring_the_b_1b,2028,-1.1,,-1.1,https://www.cbo.gov/budget-options/60926,CBO_BUDGET_OPTION_ANNUAL
CBO_2024_reduce_the_size_of_the_bomber_force_by_retiring_the_b_1b__retire_b_1b,CBO_2024_reduce_the_size_of_the_bomber_force_by_retiring_the_b_1b,2029,-1,,-1.0,https://www.cbo.gov/budget-options/60926,CBO_BUDGET_OPTION_ANNUAL
CBO_2024_reduce_the_size_of_the_bomber_force_by_retiring_the_b_1b__retire_b_1b,CBO_2024_reduce_the_size_of_the_bomber_force_by_retiring_the_b_1b,2030,-0.8,,-0.8,https://www.cbo.gov/budget-options/60926,CBO_BUDGET_OPTION_ANNUAL
CBO_2024_reduce_the_size_of_the_bomber_force_by_retiring_the_b_1b__retire_b_1b,CBO_2024_reduce_the_size_of_the_bomber_force_by_retiring_the_b_1b,2031,-0.6,,-0.6,https://www.cbo.gov/budget-options/60926,CBO_BUDGET_OPTION_ANNUAL
CBO_2024_reduce_the_size_of_the_bomber_force_by_retiring_the_b_1b__retire_b_1b,CBO_2024_reduce_the_size_of_the_bomber_force_by_retiring_the_b_1b,2032,-0.2,,-0.2,https://www.cbo.gov/budget-options/60926,CBO_BUDGET_OPTION_ANNUAL
CBO_2024_reduce_the_size_of_the_bomber_force_by_retiring_the_b_1b__retire_b_1b,CBO_2024_reduce_the_size_of_the_bomber_force_by_retiring_the_b_1b,2033,0,,0.0,https://www.cbo.gov/budget-options/60926,CBO_BUDGET_OPTION_ANNUAL
CBO_2024_reduce_the_size_of_the_bomber_force_by_retiring_the_b_1b__retire_b_1b,CBO_2024_reduce_the_size_of_the_bomber_force_by_retiring_the_b_1b,2034,0,,0.0,https://www.cbo.gov/budget-options/60926,CBO_BUDGET_OPTION_ANNUAL
CBO_2024_reduce_the_size_of_the_fighter_force_by_retiring_the_f_22__retire_f_22,CBO_2024_reduce_the_size_of_the_fighter_force_by_retiring_the_f_22,2025,0,,0.0,https://www.cbo.gov/budget-options/60927,CBO_BUDGET_OPTION_ANNUAL
CBO_2024_reduce_the_size_of_the_fighter_force_by_retiring_the_f_22__retire_f_22,CBO_2024_reduce_the_size_of_the_fighter_force_by_retiring_the_f_22,2026,-1.8,,-1.8,https://www.cbo.gov/budget-options/60927,CBO_BUDGET_OPTION_ANNUAL
CBO_2024_reduce_the_size_of_the_fighter_force_by_retiring_the_f_22__retire_f_22,CBO_2024_reduce_the_size_of_the_fighter_force_by_retiring_the_f_22,2027,-2.8,,-2.8,https://www.cbo.gov/budget-options/60927,CBO_BUDGET_OPTION_ANNUAL
CBO_2024_reduce_the_size_of_the_fighter_force_by_retiring_the_f_22__retire_f_22,CBO_2024_reduce_the_size_of_the_fighter_force_by_retiring_the_f_22,2028,-3.3,,-3.3,https://www.cbo.gov/budget-options/60927,CBO_BUDGET_OPTION_ANNUAL
CBO_2024_reduce_the_size_of_the_fighter_force_by_retiring_the_f_22__retire_f_22,CBO_2024_reduce_the_size_of_the_fighter_force_by_retiring_the_f_22,2029,-3.6,,-3.6,https://www.cbo.gov/budget-options/60927,CBO_BUDGET_OPTION_ANNUAL
CBO_2024_reduce_the_size_of_the_fighter_force_by_retiring_the_f_22__retire_f_22,CBO_2024_reduce_the_size_of_the_fighter_force_by_retiring_the_f_22,2030,-3.6,,-3.6,https://www.cbo.gov/budget-options/60927,CBO_BUDGET_OPTION_ANNUAL
CBO_2024_reduce_the_size_of_the_fighter_force_by_retiring_the_f_22__retire_f_22,CBO_2024_reduce_the_size_of_the_fighter_force_by_retiring_the_f_22,2031,-3.6,,-3.6,https://www.cbo.gov/budget-options/60927,CBO_BUDGET_OPTION_ANNUAL
CBO_2024_reduce_the_size_of_the_fighter_force_by_retiring_the_f_22__retire_f_22,CBO_2024_reduce_the_size_of_the_fighter_force_by_retiring_the_f_22,2032,-3.5,,-3.5,https://www.cbo.gov/budget-options/60927,CBO_BUDGET_OPTION_ANNUAL
CBO_2024_reduce_the_size_of_the_fighter_force_by_retiring_the_f_22__retire_f_22,CBO_2024_reduce_the_size_of_the_fighter_force_by_retiring_the_f_22,2033,-3.3,,-3.3,https://www.cbo.gov/budget-options/60927,CBO_BUDGET_OPTION_ANNUAL
CBO_2024_reduce_the_size_of_the_fighter_force_by_retiring_the_f_22__retire_f_22,CBO_2024_reduce_the_size_of_the_fighter_force_by_retiring_the_f_22,2034,-3.2,,-3.2,https://www.cbo.gov/budget-options/60927,CBO_BUDGET_OPTION_ANNUAL
CBO_2024_reduce_the_basic_allowance_for_housing_to_80_percent_of_average_housing_costs__reduce_bah,CBO_2024_reduce_the_basic_allowance_for_housing_to_80_percent_of_average_housing_costs,2025,0,,0.0,https://www.cbo.gov/budget-options/60928,CBO_BUDGET_OPTION_ANNUAL
CBO_2024_reduce_the_basic_allowance_for_housing_to_80_percent_of_average_housing_costs__reduce_bah,CBO_2024_reduce_the_basic_allowance_for_housing_to_80_percent_of_average_housing_costs,2026,-0.1,,-0.1,https://www.cbo.gov/budget-options/60928,CBO_BUDGET_OPTION_ANNUAL
CBO_2024_reduce_the_basic_allowance_for_housing_to_80_percent_of_average_housing_costs__reduce_bah,CBO_2024_reduce_the_basic_allowance_for_housing_to_80_percent_of_average_housing_costs,2027,-0.3,,-0.3,https://www.cbo.gov/budget-options/60928,CBO_BUDGET_OPTION_ANNUAL
CBO_2024_reduce_the_basic_allowance_for_housing_to_80_percent_of_average_housing_costs__reduce_bah,CBO_2024_reduce_the_basic_allowance_for_housing_to_80_percent_of_average_housing_costs,2028,-0.9,,-0.9,https://www.cbo.gov/budget-options/60928,CBO_BUDGET_OPTION_ANNUAL
CBO_2024_reduce_the_basic_allowance_for_housing_to_80_percent_of_average_housing_costs__reduce_bah,CBO_2024_reduce_the_basic_allowance_for_housing_to_80_percent_of_average_housing_costs,2029,-1.4,,-1.4,https://www.cbo.gov/budget-options/60928,CBO_BUDGET_OPTION_ANNUAL
CBO_2024_reduce_the_basic_allowance_for_housing_to_80_percent_of_average_housing_costs__reduce_bah,CBO_2024_reduce_the_basic_allowance_for_housing_to_80_percent_of_average_housing_costs,2030,-2.0,,-2.0,https://www.cbo.gov/budget-options/60928,CBO_BUDGET_OPTION_ANNUAL
CBO_2024_reduce_the_basic_allowance_for_housing_to_80_percent_of_average_housing_costs__reduce_bah,CBO_2024_reduce_the_basic_allowance_for_housing_to_80_percent_of_average_housing_costs,2031,-2.7,,-2.7,https://www.cbo.gov/budget-options/60928,CBO_BUDGET_OPTION_ANNUAL
CBO_2024_reduce_the_basic_allowance_for_housing_to_80_percent_of_average_housing_costs__reduce_bah,CBO_2024_reduce_the_basic_allowance_for_housing_to_80_percent_of_average_housing_costs,2032,-3.4,,-3.4,https://www.cbo.gov/budget-options/60928,CBO_BUDGET_OPTION_ANNUAL
CBO_2024_reduce_the_basic_allowance_for_housing_to_80_percent_of_average_housing_costs__reduce_bah,CBO_2024_reduce_the_basic_allowance_for_housing_to_80_percent_of_average_housing_costs,2033,-4.2,,-4.2,https://www.cbo.gov/budget-options/60928,CBO_BUDGET_OPTION_ANNUAL
CBO_2024_reduce_the_basic_allowance_for_housing_to_80_percent_of_average_housing_costs__reduce_bah,CBO_2024_reduce_the_basic_allowance_for_housing_to_80_percent_of_average_housing_costs,2034,-4.8,,-4.8,https://www.cbo.gov/budget-options/60928,CBO_BUDGET_OPTION_ANNUAL
CBO_2024_reduce_funding_for_international_affairs_programs__reduce_funding,CBO_2024_reduce_funding_for_international_affairs_programs,2025,0,,0.0,https://www.cbo.gov/budget-options/60929,CBO_BUDGET_OPTION_ANNUAL
CBO_2024_reduce_funding_for_international_affairs_programs__reduce_funding,CBO_2024_reduce_funding_for_international_affairs_programs,2026,-8,,-8.0,https://www.cbo.gov/budget-options/60929,CBO_BUDGET_OPTION_ANNUAL
CBO_2024_reduce_funding_for_international_affairs_programs__reduce_funding,CBO_2024_reduce_funding_for_international_affairs_programs,2027,-15,,-15.0,https://www.cbo.gov/budget-options/60929,CBO_BUDGET_OPTION_ANNUAL
CBO_2024_reduce_funding_for_international_affairs_programs__reduce_funding,CBO_2024_reduce_funding_for_international_affairs_programs,2028,-19,,-19.0,https://www.cbo.gov/budget-options/60929,CBO_BUDGET_OPTION_ANNUAL
CBO_2024_reduce_funding_for_international_affairs_programs__reduce_funding,CBO_2024_reduce_funding_for_international_affairs_programs,2029,-22,,-22.0,https://www.cbo.gov/budget-options/60929,CBO_BUDGET_OPTION_ANNUAL
CBO_2024_reduce_funding_for_international_affairs_programs__reduce_funding,CBO_2024_reduce_funding_for_international_affairs_programs,2030,-23,,-23.0,https://www.cbo.gov/budget-options/60929,CBO_BUDGET_OPTION_ANNUAL
CBO_2024_reduce_funding_for_international_affairs_programs__reduce_funding,CBO_2024_reduce_funding_for_international_affairs_programs,2031,-24,,-24.0,https://www.cbo.gov/budget-options/60929,CBO_BUDGET_OPTION_ANNUAL
CBO_2024_reduce_funding_for_international_affairs_programs__reduce_funding,CBO_2024_reduce_funding_for_international_affairs_programs,2032,-25,,-25.0,https://www.cbo.gov/budget-options/60929,CBO_BUDGET_OPTION_ANNUAL
CBO_2024_reduce_funding_for_international_affairs_programs__reduce_funding,CBO_2024_reduce_funding_for_international_affairs_programs,2033,-25,,-25.0,https://www.cbo.gov/budget-options/60929,CBO_BUDGET_OPTION_ANNUAL
CBO_2024_reduce_funding_for_international_affairs_programs__reduce_funding,CBO_2024_reduce_funding_for_international_affairs_programs,2034,-26,,-26.0,https://www.cbo.gov/budget-options/60929,CBO_BUDGET_OPTION_ANNUAL
CBO_2024_eliminate_federal_funding_for_national_community_service__eliminate_funding,CBO_2024_eliminate_federal_funding_for_national_community_service,2025,0,,0.0,https://www.cbo.gov/budget-options/60930,CBO_BUDGET_OPTION_ANNUAL
CBO_2024_eliminate_federal_funding_for_national_community_service__eliminate_funding,CBO_2024_eliminate_federal_funding_for_national_community_service,2026,-0.3,,-0.3,https://www.cbo.gov/budget-options/60930,CBO_BUDGET_OPTION_ANNUAL
CBO_2024_eliminate_federal_funding_for_national_community_service__eliminate_funding,CBO_2024_eliminate_federal_funding_for_national_community_service,2027,-0.9,,-0.9,https://www.cbo.gov/budget-options/60930,CBO_BUDGET_OPTION_ANNUAL
CBO_2024_eliminate_federal_funding_for_national_community_service__eliminate_funding,CBO_2024_eliminate_federal_funding_for_national_community_service,2028,-1.1,,-1.1,https://www.cbo.gov/budget-options/60930,CBO_BUDGET_OPTION_ANNUAL
CBO_2024_eliminate_federal_funding_for_national_community_service__eliminate_funding,CBO_2024_eliminate_federal_funding_for_national_community_service,2029,-1.2,,-1.2,https://www.cbo.gov/budget-options/60930,CBO_BUDGET_OPTION_ANNUAL
CBO_2024_eliminate_federal_funding_for_national_community_service__eliminate_funding,CBO_2024_eliminate_federal_funding_for_national_community_service,2030,-1.2,,-1.2,https://www.cbo.gov/budget-options/60930,CBO_BUDGET_OPTION_ANNUAL
CBO_2024_eliminate_federal_funding_for_national_community_service__eliminate_funding,CBO_2024_eliminate_federal_funding_for_national_community_service,2031,-1.3,,-1.3,https://www.cbo.gov/budget-options/60930,CBO_BUDGET_OPTION_ANNUAL
CBO_2024_eliminate_federal_funding_for_national_community_service__eliminate_funding,CBO_2024_eliminate_federal_funding_for_national_community_service,2032,-1.4,,-1.4,https://www.cbo.gov/budget-options/60930,CBO_BUDGET_OPTION_ANNUAL
CBO_2024_eliminate_federal_funding_for_national_community_service__eliminate_funding,CBO_2024_eliminate_federal_funding_for_national_community_service,2033,-1.4,,-1.4,https://www.cbo.gov/budget-options/60930,CBO_BUDGET_OPTION_ANNUAL
CBO_2024_eliminate_federal_funding_for_national_community_service__eliminate_funding,CBO_2024_eliminate_federal_funding_for_national_community_service,2034,-1.5,,-1.5,https://www.cbo.gov/budget-options/60930,CBO_BUDGET_OPTION_ANNUAL
CBO_2024_tighten_eligibility_for_pell_grants__tighten_eligibility,CBO_2024_tighten_eligibility_for_pell_grants,2025,0,,0.0,https://www.cbo.gov/budget-options/60931,CBO_BUDGET_OPTION_ANNUAL
CBO_2024_tighten_eligibility_for_pell_grants__tighten_eligibility,CBO_2024_tighten_eligibility_for_pell_grants,2026,-0.9,,-0.9,https://www.cbo.gov/budget-options/60931,CBO_BUDGET_OPTION_ANNUAL
CBO_2024_tighten_eligibility_for_pell_grants__tighten_eligibility,CBO_2024_tighten_eligibility_for_pell_grants,2027,-3.5,,-3.5,https://www.cbo.gov/budget-options/60931,CBO_BUDGET_OPTION_ANNUAL
CBO_2024_tighten_eligibility_for_pell_grants__tighten_eligibility,CBO_2024_tighten_eligibility_for_pell_grants,2028,-3.7,,-3.7,https://www.cbo.gov/budget-options/60931,CBO_BUDGET_OPTION_ANNUAL
CBO_2024_tighten_eligibility_for_pell_grants__tighten_eligibility,CBO_2024_tighten_eligibility_for_pell_grants,2029,-3.7,,-3.7,https://www.cbo.gov/budget-options/60931,CBO_BUDGET_OPTION_ANNUAL
CBO_2024_tighten_eligibility_for_pell_grants__tighten_eligibility,CBO_2024_tighten_eligibility_for_pell_grants,2030,-3.8,,-3.8,https://www.cbo.gov/budget-options/60931,CBO_BUDGET_OPTION_ANNUAL
CBO_2024_tighten_eligibility_for_pell_grants__tighten_eligibility,CBO_2024_tighten_eligibility_for_pell_grants,2031,-3.8,,-3.8,https://www.cbo.gov/budget-options/60931,CBO_BUDGET_OPTION_ANNUAL
CBO_2024_tighten_eligibility_for_pell_grants__tighten_eligibility,CBO_2024_tighten_eligibility_for_pell_grants,2032,-3.9,,-3.9,https://www.cbo.gov/budget-options/60931,CBO_BUDGET_OPTION_ANNUAL
CBO_2024_tighten_eligibility_for_pell_grants__tighten_eligibility,CBO_2024_tighten_eligibility_for_pell_grants,2033,-4,,-4.0,https://www.cbo.gov/budget-options/60931,CBO_BUDGET_OPTION_ANNUAL
CBO_2024_tighten_eligibility_for_pell_grants__tighten_eligibility,CBO_2024_tighten_eligibility_for_pell_grants,2034,-4,,-4.0,https://www.cbo.gov/budget-options/60931,CBO_BUDGET_OPTION_ANNUAL
CBO_2024_end_enrollment_in_va_medical_care_for_veterans_in_priority_groups_7_and_8__end_enrollment,CBO_2024_end_enrollment_in_va_medical_care_for_veterans_in_priority_groups_7_and_8,2025,0,,0.0,https://www.cbo.gov/budget-options/60932,CBO_BUDGET_OPTION_ANNUAL
CBO_2024_end_enrollment_in_va_medical_care_for_veterans_in_priority_groups_7_and_8__end_enrollment,CBO_2024_end_enrollment_in_va_medical_care_for_veterans_in_priority_groups_7_and_8,2026,-4.0,,-4.0,https://www.cbo.gov/budget-options/60932,CBO_BUDGET_OPTION_ANNUAL
CBO_2024_end_enrollment_in_va_medical_care_for_veterans_in_priority_groups_7_and_8__end_enrollment,CBO_2024_end_enrollment_in_va_medical_care_for_veterans_in_priority_groups_7_and_8,2027,-4.6,,-4.6,https://www.cbo.gov/budget-options/60932,CBO_BUDGET_OPTION_ANNUAL
CBO_2024_end_enrollment_in_va_medical_care_for_veterans_in_priority_groups_7_and_8__end_enrollment,CBO_2024_end_enrollment_in_va_medical_care_for_veterans_in_priority_groups_7_and_8,2028,-4.0,,-4.0,https://www.cbo.gov/budget-options/60932,CBO_BUDGET_OPTION_ANNUAL
CBO_2024_end_enrollment_in_va_medical_care_for_veterans_in_priority_groups_7_and_8__end_enrollment,CBO_2024_end_enrollment_in_va_medical_care_for_veterans_in_priority_groups_7_and_8,2029,-3.9,,-3.9,https://www.cbo.gov/budget-options/60932,CBO_BUDGET_OPTION_ANNUAL
CBO_2024_end_enrollment_in_va_medical_care_for_veterans_in_priority_groups_7_and_8__end_enrollment,CBO_2024_end_enrollment_in_va_medical_care_for_veterans_in_priority_groups_7_and_8,2030,-3.3,,-3.3,https://www.cbo.gov/budget-options/60932,CBO_BUDGET_OPTION_ANNUAL
CBO_2024_end_enrollment_in_va_medical_care_for_veterans_in_priority_groups_7_and_8__end_enrollment,CBO_2024_end_enrollment_in_va_medical_care_for_veterans_in_priority_groups_7_and_8,2031,-3.1,,-3.1,https://www.cbo.gov/budget-options/60932,CBO_BUDGET_OPTION_ANNUAL
CBO_2024_end_enrollment_in_va_medical_care_for_veterans_in_priority_groups_7_and_8__end_enrollment,CBO_2024_end_enrollment_in_va_medical_care_for_veterans_in_priority_groups_7_and_8,2032,-2.8,,-2.8,https://www.cbo.gov/budget-options/60932,CBO_BUDGET_OPTION_ANNUAL
CBO_2024_end_enrollment_in_va_medical_care_for_veterans_in_priority_groups_7_and_8__end_enrollment,CBO_2024_end_enrollment_in_va_medical_care_for_veterans_in_priority_groups_7_and_8,2033,-2.7,,-2.7,https://www.cbo.gov/budget-options/60932,CBO_BUDGET_OPTION_ANNUAL
CBO_2024_end_enrollment_in_va_medical_care_for_veterans_in_priority_groups_7_and_8__end_enrollment,CBO_2024_end_enrollment_in_va_medical_care_for_veterans_in_priority_groups_7_and_8,2034,-2.6,,-2.6,https://www.cbo.gov/budget-options/60932,CBO_BUDGET_OPTION_ANNUAL
CBO_2024_reduce_the_annual_across_the_board_adjustment_for_federal_civilian_employees_pay__reduce_pay_adjustment,CBO_2024_reduce_the_annual_across_the_board_adjustment_for_federal_civilian_employees_pay,2025,0,,0.0,https://www.cbo.gov/budget-options/60933,CBO_BUDGET_OPTION_ANNUAL
CBO_2024_reduce_the_annual_across_the_board_adjustment_for_federal_civilian_employees_pay__reduce_pay_adjustment,CBO_2024_reduce_the_annual_across_the_board_adjustment_for_federal_civilian_employees_pay,2026,-0.8,,-0.8,https://www.cbo.gov/budget-options/60933,CBO_BUDGET_OPTION_ANNUAL
CBO_2024_reduce_the_annual_across_the_board_adjustment_for_federal_civilian_employees_pay__reduce_pay_adjustment,CBO_2024_reduce_the_annual_across_the_board_adjustment_for_federal_civilian_employees_pay,2027,-2.0,,-2.0,https://www.cbo.gov/budget-options/60933,CBO_BUDGET_OPTION_ANNUAL
CBO_2024_reduce_the_annual_across_the_board_adjustment_for_federal_civilian_employees_pay__reduce_pay_adjustment,CBO_2024_reduce_the_annual_across_the_board_adjustment_for_federal_civilian_employees_pay,2028,-3.3,,-3.3,https://www.cbo.gov/budget-options/60933,CBO_BUDGET_OPTION_ANNUAL
CBO_2024_reduce_the_annual_across_the_board_adjustment_for_federal_civilian_employees_pay__reduce_pay_adjustment,CBO_2024_reduce_the_annual_across_the_board_adjustment_for_federal_civilian_employees_pay,2029,-4.7,,-4.7,https://www.cbo.gov/budget-options/60933,CBO_BUDGET_OPTION_ANNUAL
CBO_2024_reduce_the_annual_across_the_board_adjustment_for_federal_civilian_employees_pay__reduce_pay_adjustment,CBO_2024_reduce_the_annual_across_the_board_adjustment_for_federal_civilian_employees_pay,2030,-6.2,,-6.2,https://www.cbo.gov/budget-options/60933,CBO_BUDGET_OPTION_ANNUAL
CBO_2024_reduce_the_annual_across_the_board_adjustment_for_federal_civilian_employees_pay__reduce_pay_adjustment,CBO_2024_reduce_the_annual_across_the_board_adjustment_for_federal_civilian_employees_pay,2031,-7.7,,-7.7,https://www.cbo.gov/budget-options/60933,CBO_BUDGET_OPTION_ANNUAL
CBO_2024_reduce_the_annual_across_the_board_adjustment_for_federal_civilian_employees_pay__reduce_pay_adjustment,CBO_2024_reduce_the_annual_across_the_board_adjustment_for_federal_civilian_employees_pay,2032,-9.3,,-9.3,https://www.cbo.gov/budget-options/60933,CBO_BUDGET_OPTION_ANNUAL
CBO_2024_reduce_the_annual_across_the_board_adjustment_for_federal_civilian_employees_pay__reduce_pay_adjustment,CBO_2024_reduce_the_annual_across_the_board_adjustment_for_federal_civilian_employees_pay,2033,-10.9,,-10.9,https://www.cbo.gov/budget-options/60933,CBO_BUDGET_OPTION_ANNUAL
CBO_2024_reduce_the_annual_across_the_board_adjustment_for_federal_civilian_employees_pay__reduce_pay_adjustment,CBO_2024_reduce_the_annual_across_the_board_adjustment_for_federal_civilian_employees_pay,2034,-12.7,,-12.7,https://www.cbo.gov/budget-options/60933,CBO_BUDGET_OPTION_ANNUAL
CBO_2024_reduce_selected_nondefense_discretionary_spending__selected_ndd_reduction,CBO_2024_reduce_selected_nondefense_discretionary_spending,2025,0,,0.0,https://www.cbo.gov/budget-options/60934,CBO_BUDGET_OPTION_ANNUAL
CBO_2024_reduce_selected_nondefense_discretionary_spending__selected_ndd_reduction,CBO_2024_reduce_selected_nondefense_discretionary_spending,2026,-13,,-13.0,https://www.cbo.gov/budget-options/60934,CBO_BUDGET_OPTION_ANNUAL
CBO_2024_reduce_selected_nondefense_discretionary_spending__selected_ndd_reduction,CBO_2024_reduce_selected_nondefense_discretionary_spending,2027,-30,,-30.0,https://www.cbo.gov/budget-options/60934,CBO_BUDGET_OPTION_ANNUAL
CBO_2024_reduce_selected_nondefense_discretionary_spending__selected_ndd_reduction,CBO_2024_reduce_selected_nondefense_discretionary_spending,2028,-36,,-36.0,https://www.cbo.gov/budget-options/60934,CBO_BUDGET_OPTION_ANNUAL
CBO_2024_reduce_selected_nondefense_discretionary_spending__selected_ndd_reduction,CBO_2024_reduce_selected_nondefense_discretionary_spending,2029,-39,,-39.0,https://www.cbo.gov/budget-options/60934,CBO_BUDGET_OPTION_ANNUAL
CBO_2024_reduce_selected_nondefense_discretionary_spending__selected_ndd_reduction,CBO_2024_reduce_selected_nondefense_discretionary_spending,2030,-41,,-41.0,https://www.cbo.gov/budget-options/60934,CBO_BUDGET_OPTION_ANNUAL
CBO_2024_reduce_selected_nondefense_discretionary_spending__selected_ndd_reduction,CBO_2024_reduce_selected_nondefense_discretionary_spending,2031,-43,,-43.0,https://www.cbo.gov/budget-options/60934,CBO_BUDGET_OPTION_ANNUAL
CBO_2024_reduce_selected_nondefense_discretionary_spending__selected_ndd_reduction,CBO_2024_reduce_selected_nondefense_discretionary_spending,2032,-44,,-44.0,https://www.cbo.gov/budget-options/60934,CBO_BUDGET_OPTION_ANNUAL
CBO_2024_reduce_selected_nondefense_discretionary_spending__selected_ndd_reduction,CBO_2024_reduce_selected_nondefense_discretionary_spending,2033,-46,,-46.0,https://www.cbo.gov/budget-options/60934,CBO_BUDGET_OPTION_ANNUAL
CBO_2024_reduce_selected_nondefense_discretionary_spending__selected_ndd_reduction,CBO_2024_reduce_selected_nondefense_discretionary_spending,2034,-47,,-47.0,https://www.cbo.gov/budget-options/60934,CBO_BUDGET_OPTION_ANNUAL
CBO_2024_reduce_funding_for_certain_grants_to_state_and_local_governments__reduce_grants,CBO_2024_reduce_funding_for_certain_grants_to_state_and_local_governments,2025,0,,0.0,https://www.cbo.gov/budget-options/60935,CBO_BUDGET_OPTION_ANNUAL
CBO_2024_reduce_funding_for_certain_grants_to_state_and_local_governments__reduce_grants,CBO_2024_reduce_funding_for_certain_grants_to_state_and_local_governments,2026,-0.4,,-0.4,https://www.cbo.gov/budget-options/60935,CBO_BUDGET_OPTION_ANNUAL
CBO_2024_reduce_funding_for_certain_grants_to_state_and_local_governments__reduce_grants,CBO_2024_reduce_funding_for_certain_grants_to_state_and_local_governments,2027,-2.7,,-2.7,https://www.cbo.gov/budget-options/60935,CBO_BUDGET_OPTION_ANNUAL
CBO_2024_reduce_funding_for_certain_grants_to_state_and_local_governments__reduce_grants,CBO_2024_reduce_funding_for_certain_grants_to_state_and_local_governments,2028,-5.6,,-5.6,https://www.cbo.gov/budget-options/60935,CBO_BUDGET_OPTION_ANNUAL
CBO_2024_reduce_funding_for_certain_grants_to_state_and_local_governments__reduce_grants,CBO_2024_reduce_funding_for_certain_grants_to_state_and_local_governments,2029,-7.6,,-7.6,https://www.cbo.gov/budget-options/60935,CBO_BUDGET_OPTION_ANNUAL
CBO_2024_reduce_funding_for_certain_grants_to_state_and_local_governments__reduce_grants,CBO_2024_reduce_funding_for_certain_grants_to_state_and_local_governments,2030,-9,,-9.0,https://www.cbo.gov/budget-options/60935,CBO_BUDGET_OPTION_ANNUAL
CBO_2024_reduce_funding_for_certain_grants_to_state_and_local_governments__reduce_grants,CBO_2024_reduce_funding_for_certain_grants_to_state_and_local_governments,2031,-9.9,,-9.9,https://www.cbo.gov/budget-options/60935,CBO_BUDGET_OPTION_ANNUAL
CBO_2024_reduce_funding_for_certain_grants_to_state_and_local_governments__reduce_grants,CBO_2024_reduce_funding_for_certain_grants_to_state_and_local_governments,2032,-10.2,,-10.2,https://www.cbo.gov/budget-options/60935,CBO_BUDGET_OPTION_ANNUAL
CBO_2024_reduce_funding_for_certain_grants_to_state_and_local_governments__reduce_grants,CBO_2024_reduce_funding_for_certain_grants_to_state_and_local_governments,2033,-10.5,,-10.5,https://www.cbo.gov/budget-options/60935,CBO_BUDGET_OPTION_ANNUAL
CBO_2024_reduce_funding_for_certain_grants_to_state_and_local_governments__reduce_grants,CBO_2024_reduce_funding_for_certain_grants_to_state_and_local_governments,2034,-10.8,,-10.8,https://www.cbo.gov/budget-options/60935,CBO_BUDGET_OPTION_ANNUAL
CBO_2024_repeal_the_davis_bacon_act__repeal_davis_bacon,CBO_2024_repeal_the_davis_bacon_act,2025,0,,0.0,https://www.cbo.gov/budget-options/60936,CBO_BUDGET_OPTION_ANNUAL
CBO_2024_repeal_the_davis_bacon_act__repeal_davis_bacon,CBO_2024_repeal_the_davis_bacon_act,2026,-0.8,,-0.8,https://www.cbo.gov/budget-options/60936,CBO_BUDGET_OPTION_ANNUAL
CBO_2024_repeal_the_davis_bacon_act__repeal_davis_bacon,CBO_2024_repeal_the_davis_bacon_act,2027,-1.9,,-1.9,https://www.cbo.gov/budget-options/60936,CBO_BUDGET_OPTION_ANNUAL
CBO_2024_repeal_the_davis_bacon_act__repeal_davis_bacon,CBO_2024_repeal_the_davis_bacon_act,2028,-2.0,,-2.0,https://www.cbo.gov/budget-options/60936,CBO_BUDGET_OPTION_ANNUAL
CBO_2024_repeal_the_davis_bacon_act__repeal_davis_bacon,CBO_2024_repeal_the_davis_bacon_act,2029,-2.1,,-2.1,https://www.cbo.gov/budget-options/60936,CBO_BUDGET_OPTION_ANNUAL
CBO_2024_repeal_the_davis_bacon_act__repeal_davis_bacon,CBO_2024_repeal_the_davis_bacon_act,2030,-2.2,,-2.2,https://www.cbo.gov/budget-options/60936,CBO_BUDGET_OPTION_ANNUAL
CBO_2024_repeal_the_davis_bacon_act__repeal_davis_bacon,CBO_2024_repeal_the_davis_bacon_act,2031,-2.2,,-2.2,https://www.cbo.gov/budget-options/60936,CBO_BUDGET_OPTION_ANNUAL
CBO_2024_repeal_the_davis_bacon_act__repeal_davis_bacon,CBO_2024_repeal_the_davis_bacon_act,2032,-2.2,,-2.2,https://www.cbo.gov/budget-options/60936,CBO_BUDGET_OPTION_ANNUAL
CBO_2024_repeal_the_davis_bacon_act__repeal_davis_bacon,CBO_2024_repeal_the_davis_bacon_act,2033,-2.2,,-2.2,https://www.cbo.gov/budget-options/60936,CBO_BUDGET_OPTION_ANNUAL
CBO_2024_repeal_the_davis_bacon_act__repeal_davis_bacon,CBO_2024_repeal_the_davis_bacon_act,2034,-2.2,,-2.2,https://www.cbo.gov/budget-options/60936,CBO_BUDGET_OPTION_ANNUAL
CBO_2024_increase_individual_income_tax_rates_on_ordinary_income__increase_all_ordinary_income_rates_by_1_percentage_point,CBO_2024_increase_individual_income_tax_rates_on_ordinary_income,2025,,82.3,-82.3,https://www.cbo.gov/budget-options/60937,CBO_BUDGET_OPTION_ANNUAL
CBO_2024_increase_individual_income_tax_rates_on_ordinary_income__increase_all_ordinary_income_rates_by_1_percentage_point,CBO_2024_increase_individual_income_tax_rates_on_ordinary_income,2026,,106.3,-106.3,https://www.cbo.gov/budget-options/60937,CBO_BUDGET_OPTION_ANNUAL
CBO_2024_increase_individual_income_tax_rates_on_ordinary_income__increase_all_ordinary_income_rates_by_1_percentage_point,CBO_2024_increase_individual_income_tax_rates_on_ordinary_income,2027,,106.4,-106.4,https://www.cbo.gov/budget-options/60937,CBO_BUDGET_OPTION_ANNUAL
CBO_2024_increase_individual_income_tax_rates_on_ordinary_income__increase_all_ordinary_income_rates_by_1_percentage_point,CBO_2024_increase_individual_income_tax_rates_on_ordinary_income,2028,,111.7,-111.7,https://www.cbo.gov/budget-options/60937,CBO_BUDGET_OPTION_ANNUAL
CBO_2024_increase_individual_income_tax_rates_on_ordinary_income__increase_all_ordinary_income_rates_by_1_percentage_point,CBO_2024_increase_individual_income_tax_rates_on_ordinary_income,2029,,116.5,-116.5,https://www.cbo.gov/budget-options/60937,CBO_BUDGET_OPTION_ANNUAL
CBO_2024_increase_individual_income_tax_rates_on_ordinary_income__increase_all_ordinary_income_rates_by_1_percentage_point,CBO_2024_increase_individual_income_tax_rates_on_ordinary_income,2030,,121.5,-121.5,https://www.cbo.gov/budget-options/60937,CBO_BUDGET_OPTION_ANNUAL
CBO_2024_increase_individual_income_tax_rates_on_ordinary_income__increase_all_ordinary_income_rates_by_1_percentage_point,CBO_2024_increase_individual_income_tax_rates_on_ordinary_income,2031,,126.8,-126.8,https://www.cbo.gov/budget-options/60937,CBO_BUDGET_OPTION_ANNUAL
CBO_2024_increase_individual_income_tax_rates_on_ordinary_income__increase_all_ordinary_income_rates_by_1_percentage_point,CBO_2024_increase_individual_income_tax_rates_on_ordinary_income,2032,,132.4,-132.4,https://www.cbo.gov/budget-options/60937,CBO_BUDGET_OPTION_ANNUAL
CBO_2024_increase_individual_income_tax_rates_on_ordinary_income__increase_all_ordinary_income_rates_by_1_percentage_point,CBO_2024_increase_individual_income_tax_rates_on_ordinary_income,2033,,137.9,-137.9,https://www.cbo.gov/budget-options/60937,CBO_BUDGET_OPTION_ANNUAL
CBO_2024_increase_individual_income_tax_rates_on_ordinary_income__increase_all_ordinary_income_rates_by_1_percentage_point,CBO_2024_increase_individual_income_tax_rates_on_ordinary_income,2034,,143.5,-143.5,https://www.cbo.gov/budget-options/60937,CBO_BUDGET_OPTION_ANNUAL
CBO_2024_increase_individual_income_tax_rates_on_ordinary_income__increase_top_four_ordinary_income_rates_by_2_percentage_points,CBO_2024_increase_individual_income_tax_rates_on_ordinary_income,2025,,45.1,-45.1,https://www.cbo.gov/budget-options/60937,CBO_BUDGET_OPTION_ANNUAL
CBO_2024_increase_individual_income_tax_rates_on_ordinary_income__increase_top_four_ordinary_income_rates_by_2_percentage_points,CBO_2024_increase_individual_income_tax_rates_on_ordinary_income,2026,,53,-53.0,https://www.cbo.gov/budget-options/60937,CBO_BUDGET_OPTION_ANNUAL
CBO_2024_increase_individual_income_tax_rates_on_ordinary_income__increase_top_four_ordinary_income_rates_by_2_percentage_points,CBO_2024_increase_individual_income_tax_rates_on_ordinary_income,2027,,50.7,-50.7,https://www.cbo.gov/budget-options/60937,CBO_BUDGET_OPTION_ANNUAL
CBO_2024_increase_individual_income_tax_rates_on_ordinary_income__increase_top_four_ordinary_income_rates_by_2_percentage_points,CBO_2024_increase_individual_income_tax_rates_on_ordinary_income,2028,,53.3,-53.3,https://www.cbo.gov/budget-options/60937,CBO_BUDGET_OPTION_ANNUAL
CBO_2024_increase_individual_income_tax_rates_on_ordinary_income__increase_top_four_ordinary_income_rates_by_2_percentage_points,CBO_2024_increase_individual_income_tax_rates_on_ordinary_income,2029,,55.1,-55.1,https://www.cbo.gov/budget-options/60937,CBO_BUDGET_OPTION_ANNUAL
CBO_2024_increase_individual_income_tax_rates_on_ordinary_income__increase_top_four_ordinary_income_rates_by_2_percentage_points,CBO_2024_increase_individual_income_tax_rates_on_ordinary_income,2030,,57.2,-57.2,https://www.cbo.gov/budget-options/60937,CBO_BUDGET_OPTION_ANNUAL
CBO_2024_increase_individual_income_tax_rates_on_ordinary_income__increase_top_four_ordinary_income_rates_by_2_percentage_points,CBO_2024_increase_individual_income_tax_rates_on_ordinary_income,2031,,59.7,-59.7,https://www.cbo.gov/budget-options/60937,CBO_BUDGET_OPTION_ANNUAL
CBO_2024_increase_individual_income_tax_rates_on_ordinary_income__increase_top_four_ordinary_income_rates_by_2_percentage_points,CBO_2024_increase_individual_income_tax_rates_on_ordinary_income,2032,,62.4,-62.4,https://www.cbo.gov/budget-options/60937,CBO_BUDGET_OPTION_ANNUAL
CBO_2024_increase_individual_income_tax_rates_on_ordinary_income__increase_top_four_ordinary_income_rates_by_2_percentage_points,CBO_2024_increase_individual_income_tax_rates_on_ordinary_income,2033,,65,-65.0,https://www.cbo.gov/budget-options/60937,CBO_BUDGET_OPTION_ANNUAL
CBO_2024_increase_individual_income_tax_rates_on_ordinary_income__increase_top_four_ordinary_income_rates_by_2_percentage_points,CBO_2024_increase_individual_income_tax_rates_on_ordinary_income,2034,,67.9,-67.9,https://www.cbo.gov/budget-options/60937,CBO_BUDGET_OPTION_ANNUAL
CBO_2024_impose_a_surtax_on_individuals_adjusted_gross_income__1_percent_surtax_above_20_000_40_000_thresholds,CBO_2024_impose_a_surtax_on_individuals_adjusted_gross_income,2025,,70.7,-70.7,https://www.cbo.gov/budget-options/60938,CBO_BUDGET_OPTION_ANNUAL
CBO_2024_impose_a_surtax_on_individuals_adjusted_gross_income__1_percent_surtax_above_20_000_40_000_thresholds,CBO_2024_impose_a_surtax_on_individuals_adjusted_gross_income,2026,,124.4,-124.4,https://www.cbo.gov/budget-options/60938,CBO_BUDGET_OPTION_ANNUAL
CBO_2024_impose_a_surtax_on_individuals_adjusted_gross_income__1_percent_surtax_above_20_000_40_000_thresholds,CBO_2024_impose_a_surtax_on_individuals_adjusted_gross_income,2027,,131.3,-131.3,https://www.cbo.gov/budget-options/60938,CBO_BUDGET_OPTION_ANNUAL
CBO_2024_impose_a_surtax_on_individuals_adjusted_gross_income__1_percent_surtax_above_20_000_40_000_thresholds,CBO_2024_impose_a_surtax_on_individuals_adjusted_gross_income,2028,,139,-139.0,https://www.cbo.gov/budget-options/60938,CBO_BUDGET_OPTION_ANNUAL
CBO_2024_impose_a_surtax_on_individuals_adjusted_gross_income__1_percent_surtax_above_20_000_40_000_thresholds,CBO_2024_impose_a_surtax_on_individuals_adjusted_gross_income,2029,,145.2,-145.2,https://www.cbo.gov/budget-options/60938,CBO_BUDGET_OPTION_ANNUAL
CBO_2024_impose_a_surtax_on_individuals_adjusted_gross_income__1_percent_surtax_above_20_000_40_000_thresholds,CBO_2024_impose_a_surtax_on_individuals_adjusted_gross_income,2030,,151.7,-151.7,https://www.cbo.gov/budget-options/60938,CBO_BUDGET_OPTION_ANNUAL
CBO_2024_impose_a_surtax_on_individuals_adjusted_gross_income__1_percent_surtax_above_20_000_40_000_thresholds,CBO_2024_impose_a_surtax_on_individuals_adjusted_gross_income,2031,,158.6,-158.6,https://www.cbo.gov/budget-options/60938,CBO_BUDGET_OPTION_ANNUAL
CBO_2024_impose_a_surtax_on_individuals_adjusted_gross_income__1_percent_surtax_above_20_000_40_000_thresholds,CBO_2024_impose_a_surtax_on_individuals_adjusted_gross_income,2032,,165.9,-165.9,https://www.cbo.gov/budget-options/60938,CBO_BUDGET_OPTION_ANNUAL
CBO_2024_impose_a_surtax_on_individuals_adjusted_gross_income__1_percent_surtax_above_20_000_40_000_thresholds,CBO_2024_impose_a_surtax_on_individuals_adjusted_gross_income,2033,,173.1,-173.1,https://www.cbo.gov/budget-options/60938,CBO_BUDGET_OPTION_ANNUAL
CBO_2024_impose_a_surtax_on_individuals_adjusted_gross_income__1_percent_surtax_above_20_000_40_000_thresholds,CBO_2024_impose_a_surtax_on_individuals_adjusted_gross_income,2034,,180.4,-180.4,https://www.cbo.gov/budget-options/60938,CBO_BUDGET_OPTION_ANNUAL
CBO_2024_impose_a_surtax_on_individuals_adjusted_gross_income__2_percent_surtax_above_100_000_200_000_thresholds,CBO_2024_impose_a_surtax_on_individuals_adjusted_gross_income,2025,,49.5,-49.5,https://www.cbo.gov/budget-options/60938,CBO_BUDGET_OPTION_ANNUAL
CBO_2024_impose_a_surtax_on_individuals_adjusted_gross_income__2_percent_surtax_above_100_000_200_000_thresholds,CBO_2024_impose_a_surtax_on_individuals_adjusted_gross_income,2026,,89.1,-89.1,https://www.cbo.gov/budget-options/60938,CBO_BUDGET_OPTION_ANNUAL
CBO_2024_impose_a_surtax_on_individuals_adjusted_gross_income__2_percent_surtax_above_100_000_200_000_thresholds,CBO_2024_impose_a_surtax_on_individuals_adjusted_gross_income,2027,,94.2,-94.2,https://www.cbo.gov/budget-options/60938,CBO_BUDGET_OPTION_ANNUAL
CBO_2024_impose_a_surtax_on_individuals_adjusted_gross_income__2_percent_surtax_above_100_000_200_000_thresholds,CBO_2024_impose_a_surtax_on_individuals_adjusted_gross_income,2028,,101.2,-101.2,https://www.cbo.gov/budget-options/60938,CBO_BUDGET_OPTION_ANNUAL
CBO_2024_impose_a_surtax_on_individuals_adjusted_gross_income__2_percent_surtax_above_100_000_200_000_thresholds,CBO_2024_impose_a_surtax_on_individuals_adjusted_gross_income,2029,,105.8,-105.8,https://www.cbo.gov/budget-options/60938,CBO_BUDGET_OPTION_ANNUAL
CBO_2024_impose_a_surtax_on_individuals_adjusted_gross_income__2_percent_surtax_above_100_000_200_000_thresholds,CBO_2024_impose_a_surtax_on_individuals_adjusted_gross_income,2030,,110.8,-110.8,https://www.cbo.gov/budget-options/60938,CBO_BUDGET_OPTION_ANNUAL
CBO_2024_impose_a_surtax_on_individuals_adjusted_gross_income__2_percent_surtax_above_100_000_200_000_thresholds,CBO_2024_impose_a_surtax_on_individuals_adjusted_gross_income,2031,,116.3,-116.3,https://www.cbo.gov/budget-options/60938,CBO_BUDGET_OPTION_ANNUAL
CBO_2024_impose_a_surtax_on_individuals_adjusted_gross_income__2_percent_surtax_above_100_000_200_000_thresholds,CBO_2024_impose_a_surtax_on_individuals_adjusted_gross_income,2032,,122.1,-122.1,https://www.cbo.gov/budget-options/60938,CBO_BUDGET_OPTION_ANNUAL
CBO_2024_impose_a_surtax_on_individuals_adjusted_gross_income__2_percent_surtax_above_100_000_200_000_thresholds,CBO_2024_impose_a_surtax_on_individuals_adjusted_gross_income,2033,,127.9,-127.9,https://www.cbo.gov/budget-options/60938,CBO_BUDGET_OPTION_ANNUAL
CBO_2024_impose_a_surtax_on_individuals_adjusted_gross_income__2_percent_surtax_above_100_000_200_000_thresholds,CBO_2024_impose_a_surtax_on_individuals_adjusted_gross_income,2034,,133.9,-133.9,https://www.cbo.gov/budget-options/60938,CBO_BUDGET_OPTION_ANNUAL
CBO_2024_eliminate_or_limit_itemized_deductions__eliminate_all_itemized_deductions,CBO_2024_eliminate_or_limit_itemized_deductions,2025,,66.4,-66.4,https://www.cbo.gov/budget-options/60939,CBO_BUDGET_OPTION_ANNUAL
CBO_2024_eliminate_or_limit_itemized_deductions__eliminate_all_itemized_deductions,CBO_2024_eliminate_or_limit_itemized_deductions,2026,,240.7,-240.7,https://www.cbo.gov/budget-options/60939,CBO_BUDGET_OPTION_ANNUAL
CBO_2024_eliminate_or_limit_itemized_deductions__eliminate_all_itemized_deductions,CBO_2024_eliminate_or_limit_itemized_deductions,2027,,340.6,-340.6,https://www.cbo.gov/budget-options/60939,CBO_BUDGET_OPTION_ANNUAL
CBO_2024_eliminate_or_limit_itemized_deductions__eliminate_all_itemized_deductions,CBO_2024_eliminate_or_limit_itemized_deductions,2028,,350.3,-350.3,https://www.cbo.gov/budget-options/60939,CBO_BUDGET_OPTION_ANNUAL
CBO_2024_eliminate_or_limit_itemized_deductions__eliminate_all_itemized_deductions,CBO_2024_eliminate_or_limit_itemized_deductions,2029,,357.9,-357.9,https://www.cbo.gov/budget-options/60939,CBO_BUDGET_OPTION_ANNUAL
CBO_2024_eliminate_or_limit_itemized_deductions__eliminate_all_itemized_deductions,CBO_2024_eliminate_or_limit_itemized_deductions,2030,,375.7,-375.7,https://www.cbo.gov/budget-options/60939,CBO_BUDGET_OPTION_ANNUAL
CBO_2024_eliminate_or_limit_itemized_deductions__eliminate_all_itemized_deductions,CBO_2024_eliminate_or_limit_itemized_deductions,2031,,396.9,-396.9,https://www.cbo.gov/budget-options/60939,CBO_BUDGET_OPTION_ANNUAL
CBO_2024_eliminate_or_limit_itemized_deductions__eliminate_all_itemized_deductions,CBO_2024_eliminate_or_limit_itemized_deductions,2032,,414.4,-414.4,https://www.cbo.gov/budget-options/60939,CBO_BUDGET_OPTION_ANNUAL
CBO_2024_eliminate_or_limit_itemized_deductions__eliminate_all_itemized_deductions,CBO_2024_eliminate_or_limit_itemized_deductions,2033,,431.8,-431.8,https://www.cbo.gov/budget-options/60939,CBO_BUDGET_OPTION_ANNUAL
CBO_2024_eliminate_or_limit_itemized_deductions__eliminate_all_itemized_deductions,CBO_2024_eliminate_or_limit_itemized_deductions,2034,,448.7,-448.7,https://www.cbo.gov/budget-options/60939,CBO_BUDGET_OPTION_ANNUAL
CBO_2024_eliminate_or_limit_itemized_deductions__eliminate_state_and_local_tax_deduction,CBO_2024_eliminate_or_limit_itemized_deductions,2025,,8.8,-8.8,https://www.cbo.gov/budget-options/60939,CBO_BUDGET_OPTION_ANNUAL
CBO_2024_eliminate_or_limit_itemized_deductions__eliminate_state_and_local_tax_deduction,CBO_2024_eliminate_or_limit_itemized_deductions,2026,,89.2,-89.2,https://www.cbo.gov/budget-options/60939,CBO_BUDGET_OPTION_ANNUAL
CBO_2024_eliminate_or_limit_itemized_deductions__eliminate_state_and_local_tax_deduction,CBO_2024_eliminate_or_limit_itemized_deductions,2027,,166.9,-166.9,https://www.cbo.gov/budget-options/60939,CBO_BUDGET_OPTION_ANNUAL
CBO_2024_eliminate_or_limit_itemized_deductions__eliminate_state_and_local_tax_deduction,CBO_2024_eliminate_or_limit_itemized_deductions,2028,,168.4,-168.4,https://www.cbo.gov/budget-options/60939,CBO_BUDGET_OPTION_ANNUAL
CBO_2024_eliminate_or_limit_itemized_deductions__eliminate_state_and_local_tax_deduction,CBO_2024_eliminate_or_limit_itemized_deductions,2029,,176.5,-176.5,https://www.cbo.gov/budget-options/60939,CBO_BUDGET_OPTION_ANNUAL
CBO_2024_eliminate_or_limit_itemized_deductions__eliminate_state_and_local_tax_deduction,CBO_2024_eliminate_or_limit_itemized_deductions,2030,,184.7,-184.7,https://www.cbo.gov/budget-options/60939,CBO_BUDGET_OPTION_ANNUAL
CBO_2024_eliminate_or_limit_itemized_deductions__eliminate_state_and_local_tax_deduction,CBO_2024_eliminate_or_limit_itemized_deductions,2031,,193.3,-193.3,https://www.cbo.gov/budget-options/60939,CBO_BUDGET_OPTION_ANNUAL
CBO_2024_eliminate_or_limit_itemized_deductions__eliminate_state_and_local_tax_deduction,CBO_2024_eliminate_or_limit_itemized_deductions,2032,,202.1,-202.1,https://www.cbo.gov/budget-options/60939,CBO_BUDGET_OPTION_ANNUAL
CBO_2024_eliminate_or_limit_itemized_deductions__eliminate_state_and_local_tax_deduction,CBO_2024_eliminate_or_limit_itemized_deductions,2033,,211.2,-211.2,https://www.cbo.gov/budget-options/60939,CBO_BUDGET_OPTION_ANNUAL
CBO_2024_eliminate_or_limit_itemized_deductions__eliminate_state_and_local_tax_deduction,CBO_2024_eliminate_or_limit_itemized_deductions,2034,,220,-220.0,https://www.cbo.gov/budget-options/60939,CBO_BUDGET_OPTION_ANNUAL
CBO_2024_eliminate_or_limit_itemized_deductions__limit_deductions_to_15_percent,CBO_2024_eliminate_or_limit_itemized_deductions,2025,,41.5,-41.5,https://www.cbo.gov/budget-options/60939,CBO_BUDGET_OPTION_ANNUAL
CBO_2024_eliminate_or_limit_itemized_deductions__limit_deductions_to_15_percent,CBO_2024_eliminate_or_limit_itemized_deductions,2026,,134.9,-134.9,https://www.cbo.gov/budget-options/60939,CBO_BUDGET_OPTION_ANNUAL
CBO_2024_eliminate_or_limit_itemized_deductions__limit_deductions_to_15_percent,CBO_2024_eliminate_or_limit_itemized_deductions,2027,,184.1,-184.1,https://www.cbo.gov/budget-options/60939,CBO_BUDGET_OPTION_ANNUAL
CBO_2024_eliminate_or_limit_itemized_deductions__limit_deductions_to_15_percent,CBO_2024_eliminate_or_limit_itemized_deductions,2028,,193.8,-193.8,https://www.cbo.gov/budget-options/60939,CBO_BUDGET_OPTION_ANNUAL
CBO_2024_eliminate_or_limit_itemized_deductions__limit_deductions_to_15_percent,CBO_2024_eliminate_or_limit_itemized_deductions,2029,,201.8,-201.8,https://www.cbo.gov/budget-options/60939,CBO_BUDGET_OPTION_ANNUAL
CBO_2024_eliminate_or_limit_itemized_deductions__limit_deductions_to_15_percent,CBO_2024_eliminate_or_limit_itemized_deductions,2030,,210.8,-210.8,https://www.cbo.gov/budget-options/60939,CBO_BUDGET_OPTION_ANNUAL
CBO_2024_eliminate_or_limit_itemized_deductions__limit_deductions_to_15_percent,CBO_2024_eliminate_or_limit_itemized_deductions,2031,,220.3,-220.3,https://www.cbo.gov/budget-options/60939,CBO_BUDGET_OPTION_ANNUAL
CBO_2024_eliminate_or_limit_itemized_deductions__limit_deductions_to_15_percent,CBO_2024_eliminate_or_limit_itemized_deductions,2032,,232,-232.0,https://www.cbo.gov/budget-options/60939,CBO_BUDGET_OPTION_ANNUAL
CBO_2024_eliminate_or_limit_itemized_deductions__limit_deductions_to_15_percent,CBO_2024_eliminate_or_limit_itemized_deductions,2033,,241.1,-241.1,https://www.cbo.gov/budget-options/60939,CBO_BUDGET_OPTION_ANNUAL
CBO_2024_eliminate_or_limit_itemized_deductions__limit_deductions_to_15_percent,CBO_2024_eliminate_or_limit_itemized_deductions,2034,,249.5,-249.5,https://www.cbo.gov/budget-options/60939,CBO_BUDGET_OPTION_ANNUAL
CBO_2024_eliminate_or_limit_itemized_deductions__floor_at_4_percent_of_agi,CBO_2024_eliminate_or_limit_itemized_deductions,2025,,20.4,-20.4,https://www.cbo.gov/budget-options/60939,CBO_BUDGET_OPTION_ANNUAL
CBO_2024_eliminate_or_limit_itemized_deductions__floor_at_4_percent_of_agi,CBO_2024_eliminate_or_limit_itemized_deductions,2026,,54,-54.0,https://www.cbo.gov/budget-options/60939,CBO_BUDGET_OPTION_ANNUAL
CBO_2024_eliminate_or_limit_itemized_deductions__floor_at_4_percent_of_agi,CBO_2024_eliminate_or_limit_itemized_deductions,2027,,68.3,-68.3,https://www.cbo.gov/budget-options/60939,CBO_BUDGET_OPTION_ANNUAL
CBO_2024_eliminate_or_limit_itemized_deductions__floor_at_4_percent_of_agi,CBO_2024_eliminate_or_limit_itemized_deductions,2028,,72.2,-72.2,https://www.cbo.gov/budget-options/60939,CBO_BUDGET_OPTION_ANNUAL
CBO_2024_eliminate_or_limit_itemized_deductions__floor_at_4_percent_of_agi,CBO_2024_eliminate_or_limit_itemized_deductions,2029,,75.7,-75.7,https://www.cbo.gov/budget-options/60939,CBO_BUDGET_OPTION_ANNUAL
CBO_2024_eliminate_or_limit_itemized_deductions__floor_at_4_percent_of_agi,CBO_2024_eliminate_or_limit_itemized_deductions,2030,,79.8,-79.8,https://www.cbo.gov/budget-options/60939,CBO_BUDGET_OPTION_ANNUAL
CBO_2024_eliminate_or_limit_itemized_deductions__floor_at_4_percent_of_agi,CBO_2024_eliminate_or_limit_itemized_deductions,2031,,84.3,-84.3,https://www.cbo.gov/budget-options/60939,CBO_BUDGET_OPTION_ANNUAL
CBO_2024_eliminate_or_limit_itemized_deductions__floor_at_4_percent_of_agi,CBO_2024_eliminate_or_limit_itemized_deductions,2032,,89.1,-89.1,https://www.cbo.gov/budget-options/60939,CBO_BUDGET_OPTION_ANNUAL
CBO_2024_eliminate_or_limit_itemized_deductions__floor_at_4_percent_of_agi,CBO_2024_eliminate_or_limit_itemized_deductions,2033,,94,-94.0,https://www.cbo.gov/budget-options/60939,CBO_BUDGET_OPTION_ANNUAL
CBO_2024_eliminate_or_limit_itemized_deductions__floor_at_4_percent_of_agi,CBO_2024_eliminate_or_limit_itemized_deductions,2034,,98.5,-98.5,https://www.cbo.gov/budget-options/60939,CBO_BUDGET_OPTION_ANNUAL
CBO_2024_raise_the_tax_rates_on_long_term_capital_gains_and_qualified_dividends_by_2_percentage_points__increase_rates_by_2_percentage_points,CBO_2024_raise_the_tax_rates_on_long_term_capital_gains_and_qualified_dividends_by_2_percentage_points,2025,,2.4,-2.4,https://www.cbo.gov/budget-options/60940,CBO_BUDGET_OPTION_ANNUAL
CBO_2024_raise_the_tax_rates_on_long_term_capital_gains_and_qualified_dividends_by_2_percentage_points__increase_rates_by_2_percentage_points,CBO_2024_raise_the_tax_rates_on_long_term_capital_gains_and_qualified_dividends_by_2_percentage_points,2026,,8.3,-8.3,https://www.cbo.gov/budget-options/60940,CBO_BUDGET_OPTION_ANNUAL
CBO_2024_raise_the_tax_rates_on_long_term_capital_gains_and_qualified_dividends_by_2_percentage_points__increase_rates_by_2_percentage_points,CBO_2024_raise_the_tax_rates_on_long_term_capital_gains_and_qualified_dividends_by_2_percentage_points,2027,,8.4,-8.4,https://www.cbo.gov/budget-options/60940,CBO_BUDGET_OPTION_ANNUAL
CBO_2024_raise_the_tax_rates_on_long_term_capital_gains_and_qualified_dividends_by_2_percentage_points__increase_rates_by_2_percentage_points,CBO_2024_raise_the_tax_rates_on_long_term_capital_gains_and_qualified_dividends_by_2_percentage_points,2028,,10.8,-10.8,https://www.cbo.gov/budget-options/60940,CBO_BUDGET_OPTION_ANNUAL
CBO_2024_raise_the_tax_rates_on_long_term_capital_gains_and_qualified_dividends_by_2_percentage_points__increase_rates_by_2_percentage_points,CBO_2024_raise_the_tax_rates_on_long_term_capital_gains_and_qualified_dividends_by_2_percentage_points,2029,,11.2,-11.2,https://www.cbo.gov/budget-options/60940,CBO_BUDGET_OPTION_ANNUAL
CBO_2024_raise_the_tax_rates_on_long_term_capital_gains_and_qualified_dividends_by_2_percentage_points__increase_rates_by_2_percentage_points,CBO_2024_raise_the_tax_rates_on_long_term_capital_gains_and_qualified_dividends_by_2_percentage_points,2030,,11.5,-11.5,https://www.cbo.gov/budget-options/60940,CBO_BUDGET_OPTION_ANNUAL
CBO_2024_raise_the_tax_rates_on_long_term_capital_gains_and_qualified_dividends_by_2_percentage_points__increase_rates_by_2_percentage_points,CBO_2024_raise_the_tax_rates_on_long_term_capital_gains_and_qualified_dividends_by_2_percentage_points,2031,,12,-12.0,https://www.cbo.gov/budget-options/60940,CBO_BUDGET_OPTION_ANNUAL
CBO_2024_raise_the_tax_rates_on_long_term_capital_gains_and_qualified_dividends_by_2_percentage_points__increase_rates_by_2_percentage_points,CBO_2024_raise_the_tax_rates_on_long_term_capital_gains_and_qualified_dividends_by_2_percentage_points,2032,,12.5,-12.5,https://www.cbo.gov/budget-options/60940,CBO_BUDGET_OPTION_ANNUAL
CBO_2024_raise_the_tax_rates_on_long_term_capital_gains_and_qualified_dividends_by_2_percentage_points__increase_rates_by_2_percentage_points,CBO_2024_raise_the_tax_rates_on_long_term_capital_gains_and_qualified_dividends_by_2_percentage_points,2033,,12.9,-12.9,https://www.cbo.gov/budget-options/60940,CBO_BUDGET_OPTION_ANNUAL
CBO_2024_raise_the_tax_rates_on_long_term_capital_gains_and_qualified_dividends_by_2_percentage_points__increase_rates_by_2_percentage_points,CBO_2024_raise_the_tax_rates_on_long_term_capital_gains_and_qualified_dividends_by_2_percentage_points,2034,,13.4,-13.4,https://www.cbo.gov/budget-options/60940,CBO_BUDGET_OPTION_ANNUAL
CBO_2024_eliminate_or_modify_head_of_household_filing_status__eliminate_filing_status,CBO_2024_eliminate_or_modify_head_of_household_filing_status,2025,,17.8,-17.8,https://www.cbo.gov/budget-options/60941,CBO_BUDGET_OPTION_ANNUAL
CBO_2024_eliminate_or_modify_head_of_household_filing_status__eliminate_filing_status,CBO_2024_eliminate_or_modify_head_of_household_filing_status,2026,,19.8,-19.8,https://www.cbo.gov/budget-options/60941,CBO_BUDGET_OPTION_ANNUAL
CBO_2024_eliminate_or_modify_head_of_household_filing_status__eliminate_filing_status,CBO_2024_eliminate_or_modify_head_of_household_filing_status,2027,,18.1,-18.1,https://www.cbo.gov/budget-options/60941,CBO_BUDGET_OPTION_ANNUAL
CBO_2024_eliminate_or_modify_head_of_household_filing_status__eliminate_filing_status,CBO_2024_eliminate_or_modify_head_of_household_filing_status,2028,,19.1,-19.1,https://www.cbo.gov/budget-options/60941,CBO_BUDGET_OPTION_ANNUAL
CBO_2024_eliminate_or_modify_head_of_household_filing_status__eliminate_filing_status,CBO_2024_eliminate_or_modify_head_of_household_filing_status,2029,,20,-20.0,https://www.cbo.gov/budget-options/60941,CBO_BUDGET_OPTION_ANNUAL
CBO_2024_eliminate_or_modify_head_of_household_filing_status__eliminate_filing_status,CBO_2024_eliminate_or_modify_head_of_household_filing_status,2030,,20.9,-20.9,https://www.cbo.gov/budget-options/60941,CBO_BUDGET_OPTION_ANNUAL
CBO_2024_eliminate_or_modify_head_of_household_filing_status__eliminate_filing_status,CBO_2024_eliminate_or_modify_head_of_household_filing_status,2031,,21.8,-21.8,https://www.cbo.gov/budget-options/60941,CBO_BUDGET_OPTION_ANNUAL
CBO_2024_eliminate_or_modify_head_of_household_filing_status__eliminate_filing_status,CBO_2024_eliminate_or_modify_head_of_household_filing_status,2032,,22.8,-22.8,https://www.cbo.gov/budget-options/60941,CBO_BUDGET_OPTION_ANNUAL
CBO_2024_eliminate_or_modify_head_of_household_filing_status__eliminate_filing_status,CBO_2024_eliminate_or_modify_head_of_household_filing_status,2033,,23.9,-23.9,https://www.cbo.gov/budget-options/60941,CBO_BUDGET_OPTION_ANNUAL
CBO_2024_eliminate_or_modify_head_of_household_filing_status__eliminate_filing_status,CBO_2024_eliminate_or_modify_head_of_household_filing_status,2034,,24.9,-24.9,https://www.cbo.gov/budget-options/60941,CBO_BUDGET_OPTION_ANNUAL
CBO_2024_eliminate_or_modify_head_of_household_filing_status__limit_to_taxpayers_with_child_under_17,CBO_2024_eliminate_or_modify_head_of_household_filing_status,2025,,5.9,-5.9,https://www.cbo.gov/budget-options/60941,CBO_BUDGET_OPTION_ANNUAL
CBO_2024_eliminate_or_modify_head_of_household_filing_status__limit_to_taxpayers_with_child_under_17,CBO_2024_eliminate_or_modify_head_of_household_filing_status,2026,,6.9,-6.9,https://www.cbo.gov/budget-options/60941,CBO_BUDGET_OPTION_ANNUAL
CBO_2024_eliminate_or_modify_head_of_household_filing_status__limit_to_taxpayers_with_child_under_17,CBO_2024_eliminate_or_modify_head_of_household_filing_status,2027,,6.5,-6.5,https://www.cbo.gov/budget-options/60941,CBO_BUDGET_OPTION_ANNUAL
CBO_2024_eliminate_or_modify_head_of_household_filing_status__limit_to_taxpayers_with_child_under_17,CBO_2024_eliminate_or_modify_head_of_household_filing_status,2028,,6.9,-6.9,https://www.cbo.gov/budget-options/60941,CBO_BUDGET_OPTION_ANNUAL
CBO_2024_eliminate_or_modify_head_of_household_filing_status__limit_to_taxpayers_with_child_under_17,CBO_2024_eliminate_or_modify_head_of_household_filing_status,2029,,7.3,-7.3,https://www.cbo.gov/budget-options/60941,CBO_BUDGET_OPTION_ANNUAL
CBO_2024_eliminate_or_modify_head_of_household_filing_status__limit_to_taxpayers_with_child_under_17,CBO_2024_eliminate_or_modify_head_of_household_filing_status,2030,,7.7,-7.7,https://www.cbo.gov/budget-options/60941,CBO_BUDGET_OPTION_ANNUAL
CBO_2024_eliminate_or_modify_head_of_household_filing_status__limit_to_taxpayers_with_child_under_17,CBO_2024_eliminate_or_modify_head_of_household_filing_status,2031,,8,-8.0,https://www.cbo.gov/budget-options/60941,CBO_BUDGET_OPTION_ANNUAL
CBO_2024_eliminate_or_modify_head_of_household_filing_status__limit_to_taxpayers_with_child_under_17,CBO_2024_eliminate_or_modify_head_of_household_filing_status,2032,,8.4,-8.4,https://www.cbo.gov/budget-options/60941,CBO_BUDGET_OPTION_ANNUAL
CBO_2024_eliminate_or_modify_head_of_household_filing_status__limit_to_taxpayers_with_child_under_17,CBO_2024_eliminate_or_modify_head_of_household_filing_status,2033,,8.8,-8.8,https://www.cbo.gov/budget-options/60941,CBO_BUDGET_OPTION_ANNUAL
CBO_2024_eliminate_or_modify_head_of_household_filing_status__limit_to_taxpayers_with_child_under_17,CBO_2024_eliminate_or_modify_head_of_household_filing_status,2034,,9.2,-9.2,https://www.cbo.gov/budget-options/60941,CBO_BUDGET_OPTION_ANNUAL
CBO_2024_limit_the_deduction_for_charitable_giving__2_percent_agi_floor,CBO_2024_limit_the_deduction_for_charitable_giving,2025,,3.6,-3.6,https://www.cbo.gov/budget-options/60942,CBO_BUDGET_OPTION_ANNUAL
CBO_2024_limit_the_deduction_for_charitable_giving__2_percent_agi_floor,CBO_2024_limit_the_deduction_for_charitable_giving,2026,,21.3,-21.3,https://www.cbo.gov/budget-options/60942,CBO_BUDGET_OPTION_ANNUAL
CBO_2024_limit_the_deduction_for_charitable_giving__2_percent_agi_floor,CBO_2024_limit_the_deduction_for_charitable_giving,2027,,34.2,-34.2,https://www.cbo.gov/budget-options/60942,CBO_BUDGET_OPTION_ANNUAL
CBO_2024_limit_the_deduction_for_charitable_giving__2_percent_agi_floor,CBO_2024_limit_the_deduction_for_charitable_giving,2028,,36,-36.0,https://www.cbo.gov/budget-options/60942,CBO_BUDGET_OPTION_ANNUAL
CBO_2024_limit_the_deduction_for_charitable_giving__2_percent_agi_floor,CBO_2024_limit_the_deduction_for_charitable_giving,2029,,37.7,-37.7,https://www.cbo.gov/budget-options/60942,CBO_BUDGET_OPTION_ANNUAL
CBO_2024_limit_the_deduction_for_charitable_giving__2_percent_agi_floor,CBO_2024_limit_the_deduction_for_charitable_giving,2030,,39.4,-39.4,https://www.cbo.gov/budget-options/60942,CBO_BUDGET_OPTION_ANNUAL
CBO_2024_limit_the_deduction_for_charitable_giving__2_percent_agi_floor,CBO_2024_limit_the_deduction_for_charitable_giving,2031,,41.1,-41.1,https://www.cbo.gov/budget-options/60942,CBO_BUDGET_OPTION_ANNUAL
CBO_2024_limit_the_deduction_for_charitable_giving__2_percent_agi_floor,CBO_2024_limit_the_deduction_for_charitable_giving,2032,,42.9,-42.9,https://www.cbo.gov/budget-options/60942,CBO_BUDGET_OPTION_ANNUAL
CBO_2024_limit_the_deduction_for_charitable_giving__2_percent_agi_floor,CBO_2024_limit_the_deduction_for_charitable_giving,2033,,44.8,-44.8,https://www.cbo.gov/budget-options/60942,CBO_BUDGET_OPTION_ANNUAL
CBO_2024_limit_the_deduction_for_charitable_giving__2_percent_agi_floor,CBO_2024_limit_the_deduction_for_charitable_giving,2034,,46.6,-46.6,https://www.cbo.gov/budget-options/60942,CBO_BUDGET_OPTION_ANNUAL
CBO_2024_limit_the_deduction_for_charitable_giving__deduction_only_for_cash_gifts,CBO_2024_limit_the_deduction_for_charitable_giving,2025,,4.7,-4.7,https://www.cbo.gov/budget-options/60942,CBO_BUDGET_OPTION_ANNUAL
CBO_2024_limit_the_deduction_for_charitable_giving__deduction_only_for_cash_gifts,CBO_2024_limit_the_deduction_for_charitable_giving,2026,,25.2,-25.2,https://www.cbo.gov/budget-options/60942,CBO_BUDGET_OPTION_ANNUAL
CBO_2024_limit_the_deduction_for_charitable_giving__deduction_only_for_cash_gifts,CBO_2024_limit_the_deduction_for_charitable_giving,2027,,31.7,-31.7,https://www.cbo.gov/budget-options/60942,CBO_BUDGET_OPTION_ANNUAL
CBO_2024_limit_the_deduction_for_charitable_giving__deduction_only_for_cash_gifts,CBO_2024_limit_the_deduction_for_charitable_giving,2028,,32.9,-32.9,https://www.cbo.gov/budget-options/60942,CBO_BUDGET_OPTION_ANNUAL
CBO_2024_limit_the_deduction_for_charitable_giving__deduction_only_for_cash_gifts,CBO_2024_limit_the_deduction_for_charitable_giving,2029,,34.2,-34.2,https://www.cbo.gov/budget-options/60942,CBO_BUDGET_OPTION_ANNUAL
CBO_2024_limit_the_deduction_for_charitable_giving__deduction_only_for_cash_gifts,CBO_2024_limit_the_deduction_for_charitable_giving,2030,,35.7,-35.7,https://www.cbo.gov/budget-options/60942,CBO_BUDGET_OPTION_ANNUAL
CBO_2024_limit_the_deduction_for_charitable_giving__deduction_only_for_cash_gifts,CBO_2024_limit_the_deduction_for_charitable_giving,2031,,37.4,-37.4,https://www.cbo.gov/budget-options/60942,CBO_BUDGET_OPTION_ANNUAL
CBO_2024_limit_the_deduction_for_charitable_giving__deduction_only_for_cash_gifts,CBO_2024_limit_the_deduction_for_charitable_giving,2032,,39.1,-39.1,https://www.cbo.gov/budget-options/60942,CBO_BUDGET_OPTION_ANNUAL
CBO_2024_limit_the_deduction_for_charitable_giving__deduction_only_for_cash_gifts,CBO_2024_limit_the_deduction_for_charitable_giving,2033,,40.8,-40.8,https://www.cbo.gov/budget-options/60942,CBO_BUDGET_OPTION_ANNUAL
CBO_2024_limit_the_deduction_for_charitable_giving__deduction_only_for_cash_gifts,CBO_2024_limit_the_deduction_for_charitable_giving,2034,,42.5,-42.5,https://www.cbo.gov/budget-options/60942,CBO_BUDGET_OPTION_ANNUAL
CBO_2024_change_the_taxation_of_assets_transferred_at_death__carryover_basis,CBO_2024_change_the_taxation_of_assets_transferred_at_death,2025,,1,-1.0,https://www.cbo.gov/budget-options/60943,CBO_BUDGET_OPTION_ANNUAL
CBO_2024_change_the_taxation_of_assets_transferred_at_death__carryover_basis,CBO_2024_change_the_taxation_of_assets_transferred_at_death,2026,,7.5,-7.5,https://www.cbo.gov/budget-options/60943,CBO_BUDGET_OPTION_ANNUAL
CBO_2024_change_the_taxation_of_assets_transferred_at_death__carryover_basis,CBO_2024_change_the_taxation_of_assets_transferred_at_death,2027,,11.5,-11.5,https://www.cbo.gov/budget-options/60943,CBO_BUDGET_OPTION_ANNUAL
CBO_2024_change_the_taxation_of_assets_transferred_at_death__carryover_basis,CBO_2024_change_the_taxation_of_assets_transferred_at_death,2028,,15.1,-15.1,https://www.cbo.gov/budget-options/60943,CBO_BUDGET_OPTION_ANNUAL
CBO_2024_change_the_taxation_of_assets_transferred_at_death__carryover_basis,CBO_2024_change_the_taxation_of_assets_transferred_at_death,2029,,18.6,-18.6,https://www.cbo.gov/budget-options/60943,CBO_BUDGET_OPTION_ANNUAL
CBO_2024_change_the_taxation_of_assets_transferred_at_death__carryover_basis,CBO_2024_change_the_taxation_of_assets_transferred_at_death,2030,,21.9,-21.9,https://www.cbo.gov/budget-options/60943,CBO_BUDGET_OPTION_ANNUAL
CBO_2024_change_the_taxation_of_assets_transferred_at_death__carryover_basis,CBO_2024_change_the_taxation_of_assets_transferred_at_death,2031,,25.1,-25.1,https://www.cbo.gov/budget-options/60943,CBO_BUDGET_OPTION_ANNUAL
CBO_2024_change_the_taxation_of_assets_transferred_at_death__carryover_basis,CBO_2024_change_the_taxation_of_assets_transferred_at_death,2032,,28.5,-28.5,https://www.cbo.gov/budget-options/60943,CBO_BUDGET_OPTION_ANNUAL
CBO_2024_change_the_taxation_of_assets_transferred_at_death__carryover_basis,CBO_2024_change_the_taxation_of_assets_transferred_at_death,2033,,32,-32.0,https://www.cbo.gov/budget-options/60943,CBO_BUDGET_OPTION_ANNUAL
CBO_2024_change_the_taxation_of_assets_transferred_at_death__carryover_basis,CBO_2024_change_the_taxation_of_assets_transferred_at_death,2034,,35.6,-35.6,https://www.cbo.gov/budget-options/60943,CBO_BUDGET_OPTION_ANNUAL
CBO_2024_change_the_taxation_of_assets_transferred_at_death__tax_accrued_capital_gains_at_death,CBO_2024_change_the_taxation_of_assets_transferred_at_death,2025,,9.1,-9.1,https://www.cbo.gov/budget-options/60943,CBO_BUDGET_OPTION_ANNUAL
CBO_2024_change_the_taxation_of_assets_transferred_at_death__tax_accrued_capital_gains_at_death,CBO_2024_change_the_taxation_of_assets_transferred_at_death,2026,,48.7,-48.7,https://www.cbo.gov/budget-options/60943,CBO_BUDGET_OPTION_ANNUAL
CBO_2024_change_the_taxation_of_assets_transferred_at_death__tax_accrued_capital_gains_at_death,CBO_2024_change_the_taxation_of_assets_transferred_at_death,2027,,46.8,-46.8,https://www.cbo.gov/budget-options/60943,CBO_BUDGET_OPTION_ANNUAL
CBO_2024_change_the_taxation_of_assets_transferred_at_death__tax_accrued_capital_gains_at_death,CBO_2024_change_the_taxation_of_assets_transferred_at_death,2028,,48.8,-48.8,https://www.cbo.gov/budget-options/60943,CBO_BUDGET_OPTION_ANNUAL
CBO_2024_change_the_taxation_of_assets_transferred_at_death__tax_accrued_capital_gains_at_death,CBO_2024_change_the_taxation_of_assets_transferred_at_death,2029,,51.9,-51.9,https://www.cbo.gov/budget-options/60943,CBO_BUDGET_OPTION_ANNUAL
CBO_2024_change_the_taxation_of_assets_transferred_at_death__tax_accrued_capital_gains_at_death,CBO_2024_change_the_taxation_of_assets_transferred_at_death,2030,,55.8,-55.8,https://www.cbo.gov/budget-options/60943,CBO_BUDGET_OPTION_ANNUAL
CBO_2024_change_the_taxation_of_assets_transferred_at_death__tax_accrued_capital_gains_at_death,CBO_2024_change_the_taxation_of_assets_transferred_at_death,2031,,60.5,-60.5,https://www.cbo.gov/budget-options/60943,CBO_BUDGET_OPTION_ANNUAL
CBO_2024_change_the_taxation_of_assets_transferred_at_death__tax_accrued_capital_gains_at_death,CBO_2024_change_the_taxation_of_assets_transferred_at_death,2032,,65.8,-65.8,https://www.cbo.gov/budget-options/60943,CBO_BUDGET_OPTION_ANNUAL
CBO_2024_change_the_taxation_of_assets_transferred_at_death__tax_accrued_capital_gains_at_death,CBO_2024_change_the_taxation_of_assets_transferred_at_death,2033,,71.4,-71.4,https://www.cbo.gov/budget-options/60943,CBO_BUDGET_OPTION_ANNUAL
CBO_2024_change_the_taxation_of_assets_transferred_at_death__tax_accrued_capital_gains_at_death,CBO_2024_change_the_taxation_of_assets_transferred_at_death,2034,,77.3,-77.3,https://www.cbo.gov/budget-options/60943,CBO_BUDGET_OPTION_ANNUAL
CBO_2024_eliminate_the_tax_exemption_for_new_qualified_private_activity_bonds__eliminate_exemption,CBO_2024_eliminate_the_tax_exemption_for_new_qualified_private_activity_bonds,2025,,0.2,-0.2,https://www.cbo.gov/budget-options/60944,CBO_BUDGET_OPTION_ANNUAL
CBO_2024_eliminate_the_tax_exemption_for_new_qualified_private_activity_bonds__eliminate_exemption,CBO_2024_eliminate_the_tax_exemption_for_new_qualified_private_activity_bonds,2026,,0.9,-0.9,https://www.cbo.gov/budget-options/60944,CBO_BUDGET_OPTION_ANNUAL
CBO_2024_eliminate_the_tax_exemption_for_new_qualified_private_activity_bonds__eliminate_exemption,CBO_2024_eliminate_the_tax_exemption_for_new_qualified_private_activity_bonds,2027,,1.9,-1.9,https://www.cbo.gov/budget-options/60944,CBO_BUDGET_OPTION_ANNUAL
CBO_2024_eliminate_the_tax_exemption_for_new_qualified_private_activity_bonds__eliminate_exemption,CBO_2024_eliminate_the_tax_exemption_for_new_qualified_private_activity_bonds,2028,,2.9,-2.9,https://www.cbo.gov/budget-options/60944,CBO_BUDGET_OPTION_ANNUAL
CBO_2024_eliminate_the_tax_exemption_for_new_qualified_private_activity_bonds__eliminate_exemption,CBO_2024_eliminate_the_tax_exemption_for_new_qualified_private_activity_bonds,2029,,3.8,-3.8,https://www.cbo.gov/budget-options/60944,CBO_BUDGET_OPTION_ANNUAL
CBO_2024_eliminate_the_tax_exemption_for_new_qualified_private_activity_bonds__eliminate_exemption,CBO_2024_eliminate_the_tax_exemption_for_new_qualified_private_activity_bonds,2030,,4.8,-4.8,https://www.cbo.gov/budget-options/60944,CBO_BUDGET_OPTION_ANNUAL
CBO_2024_eliminate_the_tax_exemption_for_new_qualified_private_activity_bonds__eliminate_exemption,CBO_2024_eliminate_the_tax_exemption_for_new_qualified_private_activity_bonds,2031,,5.7,-5.7,https://www.cbo.gov/budget-options/60944,CBO_BUDGET_OPTION_ANNUAL
CBO_2024_eliminate_the_tax_exemption_for_new_qualified_private_activity_bonds__eliminate_exemption,CBO_2024_eliminate_the_tax_exemption_for_new_qualified_private_activity_bonds,2032,,6.7,-6.7,https://www.cbo.gov/budget-options/60944,CBO_BUDGET_OPTION_ANNUAL
CBO_2024_eliminate_the_tax_exemption_for_new_qualified_private_activity_bonds__eliminate_exemption,CBO_2024_eliminate_the_tax_exemption_for_new_qualified_private_activity_bonds,2033,,7.6,-7.6,https://www.cbo.gov/budget-options/60944,CBO_BUDGET_OPTION_ANNUAL
CBO_2024_eliminate_the_tax_exemption_for_new_qualified_private_activity_bonds__eliminate_exemption,CBO_2024_eliminate_the_tax_exemption_for_new_qualified_private_activity_bonds,2034,,8.6,-8.6,https://www.cbo.gov/budget-options/60944,CBO_BUDGET_OPTION_ANNUAL
CBO_2024_expand_the_base_of_the_net_investment_income_tax_to_include_the_income_of_active_participants_in_s_corporations_and_limi__expand_niit_base,CBO_2024_expand_the_base_of_the_net_investment_income_tax_to_include_the_income_of_active_participants_in_s_corporations_and_limi,2025,,24.5,-24.5,https://www.cbo.gov/budget-options/60945,CBO_BUDGET_OPTION_ANNUAL
CBO_2024_expand_the_base_of_the_net_investment_income_tax_to_include_the_income_of_active_participants_in_s_corporations_and_limi__expand_niit_base,CBO_2024_expand_the_base_of_the_net_investment_income_tax_to_include_the_income_of_active_participants_in_s_corporations_and_limi,2026,,37.1,-37.1,https://www.cbo.gov/budget-options/60945,CBO_BUDGET_OPTION_ANNUAL
CBO_2024_expand_the_base_of_the_net_investment_income_tax_to_include_the_income_of_active_participants_in_s_corporations_and_limi__expand_niit_base,CBO_2024_expand_the_base_of_the_net_investment_income_tax_to_include_the_income_of_active_participants_in_s_corporations_and_limi,2027,,40,-40.0,https://www.cbo.gov/budget-options/60945,CBO_BUDGET_OPTION_ANNUAL
CBO_2024_expand_the_base_of_the_net_investment_income_tax_to_include_the_income_of_active_participants_in_s_corporations_and_limi__expand_niit_base,CBO_2024_expand_the_base_of_the_net_investment_income_tax_to_include_the_income_of_active_participants_in_s_corporations_and_limi,2028,,40.7,-40.7,https://www.cbo.gov/budget-options/60945,CBO_BUDGET_OPTION_ANNUAL
CBO_2024_expand_the_base_of_the_net_investment_income_tax_to_include_the_income_of_active_participants_in_s_corporations_and_limi__expand_niit_base,CBO_2024_expand_the_base_of_the_net_investment_income_tax_to_include_the_income_of_active_participants_in_s_corporations_and_limi,2029,,41.9,-41.9,https://www.cbo.gov/budget-options/60945,CBO_BUDGET_OPTION_ANNUAL
CBO_2024_expand_the_base_of_the_net_investment_income_tax_to_include_the_income_of_active_participants_in_s_corporations_and_limi__expand_niit_base,CBO_2024_expand_the_base_of_the_net_investment_income_tax_to_include_the_income_of_active_participants_in_s_corporations_and_limi,2030,,43.4,-43.4,https://www.cbo.gov/budget-options/60945,CBO_BUDGET_OPTION_ANNUAL
CBO_2024_expand_the_base_of_the_net_investment_income_tax_to_include_the_income_of_active_participants_in_s_corporations_and_limi__expand_niit_base,CBO_2024_expand_the_base_of_the_net_investment_income_tax_to_include_the_income_of_active_participants_in_s_corporations_and_limi,2031,,45.2,-45.2,https://www.cbo.gov/budget-options/60945,CBO_BUDGET_OPTION_ANNUAL
CBO_2024_expand_the_base_of_the_net_investment_income_tax_to_include_the_income_of_active_participants_in_s_corporations_and_limi__expand_niit_base,CBO_2024_expand_the_base_of_the_net_investment_income_tax_to_include_the_income_of_active_participants_in_s_corporations_and_limi,2032,,47,-47.0,https://www.cbo.gov/budget-options/60945,CBO_BUDGET_OPTION_ANNUAL
CBO_2024_expand_the_base_of_the_net_investment_income_tax_to_include_the_income_of_active_participants_in_s_corporations_and_limi__expand_niit_base,CBO_2024_expand_the_base_of_the_net_investment_income_tax_to_include_the_income_of_active_participants_in_s_corporations_and_limi,2033,,48.8,-48.8,https://www.cbo.gov/budget-options/60945,CBO_BUDGET_OPTION_ANNUAL
CBO_2024_expand_the_base_of_the_net_investment_income_tax_to_include_the_income_of_active_participants_in_s_corporations_and_limi__expand_niit_base,CBO_2024_expand_the_base_of_the_net_investment_income_tax_to_include_the_income_of_active_participants_in_s_corporations_and_limi,2034,,51,-51.0,https://www.cbo.gov/budget-options/60945,CBO_BUDGET_OPTION_ANNUAL
CBO_2024_tax_carried_interest_as_ordinary_income__tax_as_ordinary_income,CBO_2024_tax_carried_interest_as_ordinary_income,2025,,0.5,-0.5,https://www.cbo.gov/budget-options/60946,CBO_BUDGET_OPTION_ANNUAL
CBO_2024_tax_carried_interest_as_ordinary_income__tax_as_ordinary_income,CBO_2024_tax_carried_interest_as_ordinary_income,2026,,1.1,-1.1,https://www.cbo.gov/budget-options/60946,CBO_BUDGET_OPTION_ANNUAL
CBO_2024_tax_carried_interest_as_ordinary_income__tax_as_ordinary_income,CBO_2024_tax_carried_interest_as_ordinary_income,2027,,1.3,-1.3,https://www.cbo.gov/budget-options/60946,CBO_BUDGET_OPTION_ANNUAL
CBO_2024_tax_carried_interest_as_ordinary_income__tax_as_ordinary_income,CBO_2024_tax_carried_interest_as_ordinary_income,2028,,1.3,-1.3,https://www.cbo.gov/budget-options/60946,CBO_BUDGET_OPTION_ANNUAL
CBO_2024_tax_carried_interest_as_ordinary_income__tax_as_ordinary_income,CBO_2024_tax_carried_interest_as_ordinary_income,2029,,1.3,-1.3,https://www.cbo.gov/budget-options/60946,CBO_BUDGET_OPTION_ANNUAL
CBO_2024_tax_carried_interest_as_ordinary_income__tax_as_ordinary_income,CBO_2024_tax_carried_interest_as_ordinary_income,2030,,1.4,-1.4,https://www.cbo.gov/budget-options/60946,CBO_BUDGET_OPTION_ANNUAL
CBO_2024_tax_carried_interest_as_ordinary_income__tax_as_ordinary_income,CBO_2024_tax_carried_interest_as_ordinary_income,2031,,1.4,-1.4,https://www.cbo.gov/budget-options/60946,CBO_BUDGET_OPTION_ANNUAL
CBO_2024_tax_carried_interest_as_ordinary_income__tax_as_ordinary_income,CBO_2024_tax_carried_interest_as_ordinary_income,2032,,1.5,-1.5,https://www.cbo.gov/budget-options/60946,CBO_BUDGET_OPTION_ANNUAL
CBO_2024_tax_carried_interest_as_ordinary_income__tax_as_ordinary_income,CBO_2024_tax_carried_interest_as_ordinary_income,2033,,1.5,-1.5,https://www.cbo.gov/budget-options/60946,CBO_BUDGET_OPTION_ANNUAL
CBO_2024_tax_carried_interest_as_ordinary_income__tax_as_ordinary_income,CBO_2024_tax_carried_interest_as_ordinary_income,2034,,1.6,-1.6,https://www.cbo.gov/budget-options/60946,CBO_BUDGET_OPTION_ANNUAL
CBO_2024_include_va_s_disability_payments_in_taxable_income__tax_va_disability_payments,CBO_2024_include_va_s_disability_payments_in_taxable_income,2025,,1.6,-1.6,https://www.cbo.gov/budget-options/60947,CBO_BUDGET_OPTION_ANNUAL
CBO_2024_include_va_s_disability_payments_in_taxable_income__tax_va_disability_payments,CBO_2024_include_va_s_disability_payments_in_taxable_income,2026,,16.6,-16.6,https://www.cbo.gov/budget-options/60947,CBO_BUDGET_OPTION_ANNUAL
CBO_2024_include_va_s_disability_payments_in_taxable_income__tax_va_disability_payments,CBO_2024_include_va_s_disability_payments_in_taxable_income,2027,,18.3,-18.3,https://www.cbo.gov/budget-options/60947,CBO_BUDGET_OPTION_ANNUAL
CBO_2024_include_va_s_disability_payments_in_taxable_income__tax_va_disability_payments,CBO_2024_include_va_s_disability_payments_in_taxable_income,2028,,20.4,-20.4,https://www.cbo.gov/budget-options/60947,CBO_BUDGET_OPTION_ANNUAL
CBO_2024_include_va_s_disability_payments_in_taxable_income__tax_va_disability_payments,CBO_2024_include_va_s_disability_payments_in_taxable_income,2029,,26.7,-26.7,https://www.cbo.gov/budget-options/60947,CBO_BUDGET_OPTION_ANNUAL
CBO_2024_include_va_s_disability_payments_in_taxable_income__tax_va_disability_payments,CBO_2024_include_va_s_disability_payments_in_taxable_income,2030,,25.9,-25.9,https://www.cbo.gov/budget-options/60947,CBO_BUDGET_OPTION_ANNUAL
CBO_2024_include_va_s_disability_payments_in_taxable_income__tax_va_disability_payments,CBO_2024_include_va_s_disability_payments_in_taxable_income,2031,,28.1,-28.1,https://www.cbo.gov/budget-options/60947,CBO_BUDGET_OPTION_ANNUAL
CBO_2024_include_va_s_disability_payments_in_taxable_income__tax_va_disability_payments,CBO_2024_include_va_s_disability_payments_in_taxable_income,2032,,30,-30.0,https://www.cbo.gov/budget-options/60947,CBO_BUDGET_OPTION_ANNUAL
CBO_2024_include_va_s_disability_payments_in_taxable_income__tax_va_disability_payments,CBO_2024_include_va_s_disability_payments_in_taxable_income,2033,,31.7,-31.7,https://www.cbo.gov/budget-options/60947,CBO_BUDGET_OPTION_ANNUAL
CBO_2024_include_va_s_disability_payments_in_taxable_income__tax_va_disability_payments,CBO_2024_include_va_s_disability_payments_in_taxable_income,2034,,35,-35.0,https://www.cbo.gov/budget-options/60947,CBO_BUDGET_OPTION_ANNUAL
CBO_2024_further_limit_annual_contributions_to_retirement_plans__further_limit_contributions,CBO_2024_further_limit_annual_contributions_to_retirement_plans,2025,,10.4,-10.4,https://www.cbo.gov/budget-options/60948,CBO_BUDGET_OPTION_ANNUAL
CBO_2024_further_limit_annual_contributions_to_retirement_plans__further_limit_contributions,CBO_2024_further_limit_annual_contributions_to_retirement_plans,2026,,15.1,-15.1,https://www.cbo.gov/budget-options/60948,CBO_BUDGET_OPTION_ANNUAL
CBO_2024_further_limit_annual_contributions_to_retirement_plans__further_limit_contributions,CBO_2024_further_limit_annual_contributions_to_retirement_plans,2027,,16.8,-16.8,https://www.cbo.gov/budget-options/60948,CBO_BUDGET_OPTION_ANNUAL
CBO_2024_further_limit_annual_contributions_to_retirement_plans__further_limit_contributions,CBO_2024_further_limit_annual_contributions_to_retirement_plans,2028,,18,-18.0,https://www.cbo.gov/budget-options/60948,CBO_BUDGET_OPTION_ANNUAL
CBO_2024_further_limit_annual_contributions_to_retirement_plans__further_limit_contributions,CBO_2024_further_limit_annual_contributions_to_retirement_plans,2029,,18.9,-18.9,https://www.cbo.gov/budget-options/60948,CBO_BUDGET_OPTION_ANNUAL
CBO_2024_further_limit_annual_contributions_to_retirement_plans__further_limit_contributions,CBO_2024_further_limit_annual_contributions_to_retirement_plans,2030,,20.2,-20.2,https://www.cbo.gov/budget-options/60948,CBO_BUDGET_OPTION_ANNUAL
CBO_2024_further_limit_annual_contributions_to_retirement_plans__further_limit_contributions,CBO_2024_further_limit_annual_contributions_to_retirement_plans,2031,,21,-21.0,https://www.cbo.gov/budget-options/60948,CBO_BUDGET_OPTION_ANNUAL
CBO_2024_further_limit_annual_contributions_to_retirement_plans__further_limit_contributions,CBO_2024_further_limit_annual_contributions_to_retirement_plans,2032,,21.6,-21.6,https://www.cbo.gov/budget-options/60948,CBO_BUDGET_OPTION_ANNUAL
CBO_2024_further_limit_annual_contributions_to_retirement_plans__further_limit_contributions,CBO_2024_further_limit_annual_contributions_to_retirement_plans,2033,,22.1,-22.1,https://www.cbo.gov/budget-options/60948,CBO_BUDGET_OPTION_ANNUAL
CBO_2024_further_limit_annual_contributions_to_retirement_plans__further_limit_contributions,CBO_2024_further_limit_annual_contributions_to_retirement_plans,2034,,22.9,-22.9,https://www.cbo.gov/budget-options/60948,CBO_BUDGET_OPTION_ANNUAL
CBO_2024_eliminate_certain_tax_preferences_for_education_expenses__eliminate_preferences,CBO_2024_eliminate_certain_tax_preferences_for_education_expenses,2025,,3,-3.0,https://www.cbo.gov/budget-options/60949,CBO_BUDGET_OPTION_ANNUAL
CBO_2024_eliminate_certain_tax_preferences_for_education_expenses__eliminate_preferences,CBO_2024_eliminate_certain_tax_preferences_for_education_expenses,2026,,14.8,-14.8,https://www.cbo.gov/budget-options/60949,CBO_BUDGET_OPTION_ANNUAL
CBO_2024_eliminate_certain_tax_preferences_for_education_expenses__eliminate_preferences,CBO_2024_eliminate_certain_tax_preferences_for_education_expenses,2027,,14.8,-14.8,https://www.cbo.gov/budget-options/60949,CBO_BUDGET_OPTION_ANNUAL
CBO_2024_eliminate_certain_tax_preferences_for_education_expenses__eliminate_preferences,CBO_2024_eliminate_certain_tax_preferences_for_education_expenses,2028,,14.6,-14.6,https://www.cbo.gov/budget-options/60949,CBO_BUDGET_OPTION_ANNUAL
CBO_2024_eliminate_certain_tax_preferences_for_education_expenses__eliminate_preferences,CBO_2024_eliminate_certain_tax_preferences_for_education_expenses,2029,,14.4,-14.4,https://www.cbo.gov/budget-options/60949,CBO_BUDGET_OPTION_ANNUAL
CBO_2024_eliminate_certain_tax_preferences_for_education_expenses__eliminate_preferences,CBO_2024_eliminate_certain_tax_preferences_for_education_expenses,2030,,14.2,-14.2,https://www.cbo.gov/budget-options/60949,CBO_BUDGET_OPTION_ANNUAL
CBO_2024_eliminate_certain_tax_preferences_for_education_expenses__eliminate_preferences,CBO_2024_eliminate_certain_tax_preferences_for_education_expenses,2031,,13.9,-13.9,https://www.cbo.gov/budget-options/60949,CBO_BUDGET_OPTION_ANNUAL
CBO_2024_eliminate_certain_tax_preferences_for_education_expenses__eliminate_preferences,CBO_2024_eliminate_certain_tax_preferences_for_education_expenses,2032,,13.7,-13.7,https://www.cbo.gov/budget-options/60949,CBO_BUDGET_OPTION_ANNUAL
CBO_2024_eliminate_certain_tax_preferences_for_education_expenses__eliminate_preferences,CBO_2024_eliminate_certain_tax_preferences_for_education_expenses,2033,,13.5,-13.5,https://www.cbo.gov/budget-options/60949,CBO_BUDGET_OPTION_ANNUAL
CBO_2024_eliminate_certain_tax_preferences_for_education_expenses__eliminate_preferences,CBO_2024_eliminate_certain_tax_preferences_for_education_expenses,2034,,13.3,-13.3,https://www.cbo.gov/budget-options/60949,CBO_BUDGET_OPTION_ANNUAL
CBO_2024_lower_the_investment_income_limit_for_the_earned_income_tax_credit_and_extend_that_limit_to_the_refundable_portion_of_th__lower_investment_income_limit,CBO_2024_lower_the_investment_income_limit_for_the_earned_income_tax_credit_and_extend_that_limit_to_the_refundable_portion_of_th,2025,,0,0.0,https://www.cbo.gov/budget-options/60950,CBO_BUDGET_OPTION_ANNUAL
CBO_2024_lower_the_investment_income_limit_for_the_earned_income_tax_credit_and_extend_that_limit_to_the_refundable_portion_of_th__lower_investment_income_limit,CBO_2024_lower_the_investment_income_limit_for_the_earned_income_tax_credit_and_extend_that_limit_to_the_refundable_portion_of_th,2026,,1.5,-1.5,https://www.cbo.gov/budget-options/60950,CBO_BUDGET_OPTION_ANNUAL
CBO_2024_lower_the_investment_income_limit_for_the_earned_income_tax_credit_and_extend_that_limit_to_the_refundable_portion_of_th__lower_investment_income_limit,CBO_2024_lower_the_investment_income_limit_for_the_earned_income_tax_credit_and_extend_that_limit_to_the_refundable_portion_of_th,2027,,1.2,-1.2,https://www.cbo.gov/budget-options/60950,CBO_BUDGET_OPTION_ANNUAL
CBO_2024_lower_the_investment_income_limit_for_the_earned_income_tax_credit_and_extend_that_limit_to_the_refundable_portion_of_th__lower_investment_income_limit,CBO_2024_lower_the_investment_income_limit_for_the_earned_income_tax_credit_and_extend_that_limit_to_the_refundable_portion_of_th,2028,,1.2,-1.2,https://www.cbo.gov/budget-options/60950,CBO_BUDGET_OPTION_ANNUAL
CBO_2024_lower_the_investment_income_limit_for_the_earned_income_tax_credit_and_extend_that_limit_to_the_refundable_portion_of_th__lower_investment_income_limit,CBO_2024_lower_the_investment_income_limit_for_the_earned_income_tax_credit_and_extend_that_limit_to_the_refundable_portion_of_th,2029,,1.2,-1.2,https://www.cbo.gov/budget-options/60950,CBO_BUDGET_OPTION_ANNUAL
CBO_2024_lower_the_investment_income_limit_for_the_earned_income_tax_credit_and_extend_that_limit_to_the_refundable_portion_of_th__lower_investment_income_limit,CBO_2024_lower_the_investment_income_limit_for_the_earned_income_tax_credit_and_extend_that_limit_to_the_refundable_portion_of_th,2030,,1.2,-1.2,https://www.cbo.gov/budget-options/60950,CBO_BUDGET_OPTION_ANNUAL
CBO_2024_lower_the_investment_income_limit_for_the_earned_income_tax_credit_and_extend_that_limit_to_the_refundable_portion_of_th__lower_investment_income_limit,CBO_2024_lower_the_investment_income_limit_for_the_earned_income_tax_credit_and_extend_that_limit_to_the_refundable_portion_of_th,2031,,1.1,-1.1,https://www.cbo.gov/budget-options/60950,CBO_BUDGET_OPTION_ANNUAL
CBO_2024_lower_the_investment_income_limit_for_the_earned_income_tax_credit_and_extend_that_limit_to_the_refundable_portion_of_th__lower_investment_income_limit,CBO_2024_lower_the_investment_income_limit_for_the_earned_income_tax_credit_and_extend_that_limit_to_the_refundable_portion_of_th,2032,,1.1,-1.1,https://www.cbo.gov/budget-options/60950,CBO_BUDGET_OPTION_ANNUAL
CBO_2024_lower_the_investment_income_limit_for_the_earned_income_tax_credit_and_extend_that_limit_to_the_refundable_portion_of_th__lower_investment_income_limit,CBO_2024_lower_the_investment_income_limit_for_the_earned_income_tax_credit_and_extend_that_limit_to_the_refundable_portion_of_th,2033,,1.1,-1.1,https://www.cbo.gov/budget-options/60950,CBO_BUDGET_OPTION_ANNUAL
CBO_2024_lower_the_investment_income_limit_for_the_earned_income_tax_credit_and_extend_that_limit_to_the_refundable_portion_of_th__lower_investment_income_limit,CBO_2024_lower_the_investment_income_limit_for_the_earned_income_tax_credit_and_extend_that_limit_to_the_refundable_portion_of_th,2034,,1.1,-1.1,https://www.cbo.gov/budget-options/60950,CBO_BUDGET_OPTION_ANNUAL
CBO_2024_require_people_who_claim_the_earned_income_tax_credit_and_child_tax_credit_to_have_a_social_security_number_that_is_vali__ssn_valid_for_employment,CBO_2024_require_people_who_claim_the_earned_income_tax_credit_and_child_tax_credit_to_have_a_social_security_number_that_is_vali,2025,,1.1,-1.1,https://www.cbo.gov/budget-options/60951,CBO_BUDGET_OPTION_ANNUAL
CBO_2024_require_people_who_claim_the_earned_income_tax_credit_and_child_tax_credit_to_have_a_social_security_number_that_is_vali__ssn_valid_for_employment,CBO_2024_require_people_who_claim_the_earned_income_tax_credit_and_child_tax_credit_to_have_a_social_security_number_that_is_vali,2026,,3.7,-3.7,https://www.cbo.gov/budget-options/60951,CBO_BUDGET_OPTION_ANNUAL
CBO_2024_require_people_who_claim_the_earned_income_tax_credit_and_child_tax_credit_to_have_a_social_security_number_that_is_vali__ssn_valid_for_employment,CBO_2024_require_people_who_claim_the_earned_income_tax_credit_and_child_tax_credit_to_have_a_social_security_number_that_is_vali,2027,,2.7,-2.7,https://www.cbo.gov/budget-options/60951,CBO_BUDGET_OPTION_ANNUAL
CBO_2024_require_people_who_claim_the_earned_income_tax_credit_and_child_tax_credit_to_have_a_social_security_number_that_is_vali__ssn_valid_for_employment,CBO_2024_require_people_who_claim_the_earned_income_tax_credit_and_child_tax_credit_to_have_a_social_security_number_that_is_vali,2028,,3,-3.0,https://www.cbo.gov/budget-options/60951,CBO_BUDGET_OPTION_ANNUAL
CBO_2024_require_people_who_claim_the_earned_income_tax_credit_and_child_tax_credit_to_have_a_social_security_number_that_is_vali__ssn_valid_for_employment,CBO_2024_require_people_who_claim_the_earned_income_tax_credit_and_child_tax_credit_to_have_a_social_security_number_that_is_vali,2029,,3,-3.0,https://www.cbo.gov/budget-options/60951,CBO_BUDGET_OPTION_ANNUAL
CBO_2024_require_people_who_claim_the_earned_income_tax_credit_and_child_tax_credit_to_have_a_social_security_number_that_is_vali__ssn_valid_for_employment,CBO_2024_require_people_who_claim_the_earned_income_tax_credit_and_child_tax_credit_to_have_a_social_security_number_that_is_vali,2030,,2.9,-2.9,https://www.cbo.gov/budget-options/60951,CBO_BUDGET_OPTION_ANNUAL
CBO_2024_require_people_who_claim_the_earned_income_tax_credit_and_child_tax_credit_to_have_a_social_security_number_that_is_vali__ssn_valid_for_employment,CBO_2024_require_people_who_claim_the_earned_income_tax_credit_and_child_tax_credit_to_have_a_social_security_number_that_is_vali,2031,,2.9,-2.9,https://www.cbo.gov/budget-options/60951,CBO_BUDGET_OPTION_ANNUAL
CBO_2024_require_people_who_claim_the_earned_income_tax_credit_and_child_tax_credit_to_have_a_social_security_number_that_is_vali__ssn_valid_for_employment,CBO_2024_require_people_who_claim_the_earned_income_tax_credit_and_child_tax_credit_to_have_a_social_security_number_that_is_vali,2032,,2.8,-2.8,https://www.cbo.gov/budget-options/60951,CBO_BUDGET_OPTION_ANNUAL
CBO_2024_require_people_who_claim_the_earned_income_tax_credit_and_child_tax_credit_to_have_a_social_security_number_that_is_vali__ssn_valid_for_employment,CBO_2024_require_people_who_claim_the_earned_income_tax_credit_and_child_tax_credit_to_have_a_social_security_number_that_is_vali,2033,,2.8,-2.8,https://www.cbo.gov/budget-options/60951,CBO_BUDGET_OPTION_ANNUAL
CBO_2024_require_people_who_claim_the_earned_income_tax_credit_and_child_tax_credit_to_have_a_social_security_number_that_is_vali__ssn_valid_for_employment,CBO_2024_require_people_who_claim_the_earned_income_tax_credit_and_child_tax_credit_to_have_a_social_security_number_that_is_vali,2034,,2.8,-2.8,https://www.cbo.gov/budget-options/60951,CBO_BUDGET_OPTION_ANNUAL
CBO_2024_expand_social_security_to_include_newly_hired_state_and_local_government_employees__expand_coverage,CBO_2024_expand_social_security_to_include_newly_hired_state_and_local_government_employees,2025,,1.3,-1.3,https://www.cbo.gov/budget-options/60952,CBO_BUDGET_OPTION_ANNUAL
CBO_2024_expand_social_security_to_include_newly_hired_state_and_local_government_employees__expand_coverage,CBO_2024_expand_social_security_to_include_newly_hired_state_and_local_government_employees,2026,,4.5,-4.5,https://www.cbo.gov/budget-options/60952,CBO_BUDGET_OPTION_ANNUAL
CBO_2024_expand_social_security_to_include_newly_hired_state_and_local_government_employees__expand_coverage,CBO_2024_expand_social_security_to_include_newly_hired_state_and_local_government_employees,2027,,7.7,-7.7,https://www.cbo.gov/budget-options/60952,CBO_BUDGET_OPTION_ANNUAL
CBO_2024_expand_social_security_to_include_newly_hired_state_and_local_government_employees__expand_coverage,CBO_2024_expand_social_security_to_include_newly_hired_state_and_local_government_employees,2028,,10.3,-10.3,https://www.cbo.gov/budget-options/60952,CBO_BUDGET_OPTION_ANNUAL
CBO_2024_expand_social_security_to_include_newly_hired_state_and_local_government_employees__expand_coverage,CBO_2024_expand_social_security_to_include_newly_hired_state_and_local_government_employees,2029,,13.5,-13.5,https://www.cbo.gov/budget-options/60952,CBO_BUDGET_OPTION_ANNUAL
CBO_2024_expand_social_security_to_include_newly_hired_state_and_local_government_employees__expand_coverage,CBO_2024_expand_social_security_to_include_newly_hired_state_and_local_government_employees,2030,,16.5,-16.5,https://www.cbo.gov/budget-options/60952,CBO_BUDGET_OPTION_ANNUAL
CBO_2024_expand_social_security_to_include_newly_hired_state_and_local_government_employees__expand_coverage,CBO_2024_expand_social_security_to_include_newly_hired_state_and_local_government_employees,2031,,19.4,-19.4,https://www.cbo.gov/budget-options/60952,CBO_BUDGET_OPTION_ANNUAL
CBO_2024_expand_social_security_to_include_newly_hired_state_and_local_government_employees__expand_coverage,CBO_2024_expand_social_security_to_include_newly_hired_state_and_local_government_employees,2032,,22.5,-22.5,https://www.cbo.gov/budget-options/60952,CBO_BUDGET_OPTION_ANNUAL
CBO_2024_expand_social_security_to_include_newly_hired_state_and_local_government_employees__expand_coverage,CBO_2024_expand_social_security_to_include_newly_hired_state_and_local_government_employees,2033,,25,-25.0,https://www.cbo.gov/budget-options/60952,CBO_BUDGET_OPTION_ANNUAL
CBO_2024_expand_social_security_to_include_newly_hired_state_and_local_government_employees__expand_coverage,CBO_2024_expand_social_security_to_include_newly_hired_state_and_local_government_employees,2034,,28.2,-28.2,https://www.cbo.gov/budget-options/60952,CBO_BUDGET_OPTION_ANNUAL
CBO_2024_reduce_tax_subsidies_for_employment_based_health_benefits__cap_exclusion_at_50th_percentile_income_and_payroll_taxes,CBO_2024_reduce_tax_subsidies_for_employment_based_health_benefits,2025,,0,0.0,https://www.cbo.gov/budget-options/60953,CBO_BUDGET_OPTION_ANNUAL
CBO_2024_reduce_tax_subsidies_for_employment_based_health_benefits__cap_exclusion_at_50th_percentile_income_and_payroll_taxes,CBO_2024_reduce_tax_subsidies_for_employment_based_health_benefits,2026,,0,0.0,https://www.cbo.gov/budget-options/60953,CBO_BUDGET_OPTION_ANNUAL
CBO_2024_reduce_tax_subsidies_for_employment_based_health_benefits__cap_exclusion_at_50th_percentile_income_and_payroll_taxes,CBO_2024_reduce_tax_subsidies_for_employment_based_health_benefits,2027,,0,0.0,https://www.cbo.gov/budget-options/60953,CBO_BUDGET_OPTION_ANNUAL
CBO_2024_reduce_tax_subsidies_for_employment_based_health_benefits__cap_exclusion_at_50th_percentile_income_and_payroll_taxes,CBO_2024_reduce_tax_subsidies_for_employment_based_health_benefits,2028,,81,-81.0,https://www.cbo.gov/budget-options/60953,CBO_BUDGET_OPTION_ANNUAL
CBO_2024_reduce_tax_subsidies_for_employment_based_health_benefits__cap_exclusion_at_50th_percentile_income_and_payroll_taxes,CBO_2024_reduce_tax_subsidies_for_employment_based_health_benefits,2029,,118,-118.0,https://www.cbo.gov/budget-options/60953,CBO_BUDGET_OPTION_ANNUAL
CBO_2024_reduce_tax_subsidies_for_employment_based_health_benefits__cap_exclusion_at_50th_percentile_income_and_payroll_taxes,CBO_2024_reduce_tax_subsidies_for_employment_based_health_benefits,2030,,128,-128.0,https://www.cbo.gov/budget-options/60953,CBO_BUDGET_OPTION_ANNUAL
CBO_2024_reduce_tax_subsidies_for_employment_based_health_benefits__cap_exclusion_at_50th_percentile_income_and_payroll_taxes,CBO_2024_reduce_tax_subsidies_for_employment_based_health_benefits,2031,,140,-140.0,https://www.cbo.gov/budget-options/60953,CBO_BUDGET_OPTION_ANNUAL
CBO_2024_reduce_tax_subsidies_for_employment_based_health_benefits__cap_exclusion_at_50th_percentile_income_and_payroll_taxes,CBO_2024_reduce_tax_subsidies_for_employment_based_health_benefits,2032,,154,-154.0,https://www.cbo.gov/budget-options/60953,CBO_BUDGET_OPTION_ANNUAL
CBO_2024_reduce_tax_subsidies_for_employment_based_health_benefits__cap_exclusion_at_50th_percentile_income_and_payroll_taxes,CBO_2024_reduce_tax_subsidies_for_employment_based_health_benefits,2033,,165,-165.0,https://www.cbo.gov/budget-options/60953,CBO_BUDGET_OPTION_ANNUAL
CBO_2024_reduce_tax_subsidies_for_employment_based_health_benefits__cap_exclusion_at_50th_percentile_income_and_payroll_taxes,CBO_2024_reduce_tax_subsidies_for_employment_based_health_benefits,2034,,179,-179.0,https://www.cbo.gov/budget-options/60953,CBO_BUDGET_OPTION_ANNUAL
CBO_2024_reduce_tax_subsidies_for_employment_based_health_benefits__cap_exclusion_at_75th_percentile_income_and_payroll_taxes,CBO_2024_reduce_tax_subsidies_for_employment_based_health_benefits,2025,,0,0.0,https://www.cbo.gov/budget-options/60953,CBO_BUDGET_OPTION_ANNUAL
CBO_2024_reduce_tax_subsidies_for_employment_based_health_benefits__cap_exclusion_at_75th_percentile_income_and_payroll_taxes,CBO_2024_reduce_tax_subsidies_for_employment_based_health_benefits,2026,,0,0.0,https://www.cbo.gov/budget-options/60953,CBO_BUDGET_OPTION_ANNUAL
CBO_2024_reduce_tax_subsidies_for_employment_based_health_benefits__cap_exclusion_at_75th_percentile_income_and_payroll_taxes,CBO_2024_reduce_tax_subsidies_for_employment_based_health_benefits,2027,,0,0.0,https://www.cbo.gov/budget-options/60953,CBO_BUDGET_OPTION_ANNUAL
CBO_2024_reduce_tax_subsidies_for_employment_based_health_benefits__cap_exclusion_at_75th_percentile_income_and_payroll_taxes,CBO_2024_reduce_tax_subsidies_for_employment_based_health_benefits,2028,,42,-42.0,https://www.cbo.gov/budget-options/60953,CBO_BUDGET_OPTION_ANNUAL
CBO_2024_reduce_tax_subsidies_for_employment_based_health_benefits__cap_exclusion_at_75th_percentile_income_and_payroll_taxes,CBO_2024_reduce_tax_subsidies_for_employment_based_health_benefits,2029,,62,-62.0,https://www.cbo.gov/budget-options/60953,CBO_BUDGET_OPTION_ANNUAL
CBO_2024_reduce_tax_subsidies_for_employment_based_health_benefits__cap_exclusion_at_75th_percentile_income_and_payroll_taxes,CBO_2024_reduce_tax_subsidies_for_employment_based_health_benefits,2030,,68,-68.0,https://www.cbo.gov/budget-options/60953,CBO_BUDGET_OPTION_ANNUAL
CBO_2024_reduce_tax_subsidies_for_employment_based_health_benefits__cap_exclusion_at_75th_percentile_income_and_payroll_taxes,CBO_2024_reduce_tax_subsidies_for_employment_based_health_benefits,2031,,75,-75.0,https://www.cbo.gov/budget-options/60953,CBO_BUDGET_OPTION_ANNUAL
CBO_2024_reduce_tax_subsidies_for_employment_based_health_benefits__cap_exclusion_at_75th_percentile_income_and_payroll_taxes,CBO_2024_reduce_tax_subsidies_for_employment_based_health_benefits,2032,,83,-83.0,https://www.cbo.gov/budget-options/60953,CBO_BUDGET_OPTION_ANNUAL
CBO_2024_reduce_tax_subsidies_for_employment_based_health_benefits__cap_exclusion_at_75th_percentile_income_and_payroll_taxes,CBO_2024_reduce_tax_subsidies_for_employment_based_health_benefits,2033,,91,-91.0,https://www.cbo.gov/budget-options/60953,CBO_BUDGET_OPTION_ANNUAL
CBO_2024_reduce_tax_subsidies_for_employment_based_health_benefits__cap_exclusion_at_75th_percentile_income_and_payroll_taxes,CBO_2024_reduce_tax_subsidies_for_employment_based_health_benefits,2034,,100,-100.0,https://www.cbo.gov/budget-options/60953,CBO_BUDGET_OPTION_ANNUAL
CBO_2024_reduce_tax_subsidies_for_employment_based_health_benefits__cap_exclusion_at_50th_percentile_income_tax_only,CBO_2024_reduce_tax_subsidies_for_employment_based_health_benefits,2025,,0,0.0,https://www.cbo.gov/budget-options/60953,CBO_BUDGET_OPTION_ANNUAL
CBO_2024_reduce_tax_subsidies_for_employment_based_health_benefits__cap_exclusion_at_50th_percentile_income_tax_only,CBO_2024_reduce_tax_subsidies_for_employment_based_health_benefits,2026,,0,0.0,https://www.cbo.gov/budget-options/60953,CBO_BUDGET_OPTION_ANNUAL
CBO_2024_reduce_tax_subsidies_for_employment_based_health_benefits__cap_exclusion_at_50th_percentile_income_tax_only,CBO_2024_reduce_tax_subsidies_for_employment_based_health_benefits,2027,,0,0.0,https://www.cbo.gov/budget-options/60953,CBO_BUDGET_OPTION_ANNUAL
CBO_2024_reduce_tax_subsidies_for_employment_based_health_benefits__cap_exclusion_at_50th_percentile_income_tax_only,CBO_2024_reduce_tax_subsidies_for_employment_based_health_benefits,2028,,59,-59.0,https://www.cbo.gov/budget-options/60953,CBO_BUDGET_OPTION_ANNUAL
CBO_2024_reduce_tax_subsidies_for_employment_based_health_benefits__cap_exclusion_at_50th_percentile_income_tax_only,CBO_2024_reduce_tax_subsidies_for_employment_based_health_benefits,2029,,85,-85.0,https://www.cbo.gov/budget-options/60953,CBO_BUDGET_OPTION_ANNUAL
CBO_2024_reduce_tax_subsidies_for_employment_based_health_benefits__cap_exclusion_at_50th_percentile_income_tax_only,CBO_2024_reduce_tax_subsidies_for_employment_based_health_benefits,2030,,92,-92.0,https://www.cbo.gov/budget-options/60953,CBO_BUDGET_OPTION_ANNUAL
CBO_2024_reduce_tax_subsidies_for_employment_based_health_benefits__cap_exclusion_at_50th_percentile_income_tax_only,CBO_2024_reduce_tax_subsidies_for_employment_based_health_benefits,2031,,101,-101.0,https://www.cbo.gov/budget-options/60953,CBO_BUDGET_OPTION_ANNUAL
CBO_2024_reduce_tax_subsidies_for_employment_based_health_benefits__cap_exclusion_at_50th_percentile_income_tax_only,CBO_2024_reduce_tax_subsidies_for_employment_based_health_benefits,2032,,111,-111.0,https://www.cbo.gov/budget-options/60953,CBO_BUDGET_OPTION_ANNUAL
CBO_2024_reduce_tax_subsidies_for_employment_based_health_benefits__cap_exclusion_at_50th_percentile_income_tax_only,CBO_2024_reduce_tax_subsidies_for_employment_based_health_benefits,2033,,120,-120.0,https://www.cbo.gov/budget-options/60953,CBO_BUDGET_OPTION_ANNUAL
CBO_2024_reduce_tax_subsidies_for_employment_based_health_benefits__cap_exclusion_at_50th_percentile_income_tax_only,CBO_2024_reduce_tax_subsidies_for_employment_based_health_benefits,2034,,129,-129.0,https://www.cbo.gov/budget-options/60953,CBO_BUDGET_OPTION_ANNUAL
CBO_2024_impose_a_new_payroll_tax__1_percent_payroll_tax,CBO_2024_impose_a_new_payroll_tax,2025,,56.7,-56.7,https://www.cbo.gov/budget-options/60954,CBO_BUDGET_OPTION_ANNUAL
CBO_2024_impose_a_new_payroll_tax__1_percent_payroll_tax,CBO_2024_impose_a_new_payroll_tax,2026,,118.2,-118.2,https://www.cbo.gov/budget-options/60954,CBO_BUDGET_OPTION_ANNUAL
CBO_2024_impose_a_new_payroll_tax__1_percent_payroll_tax,CBO_2024_impose_a_new_payroll_tax,2027,,122.8,-122.8,https://www.cbo.gov/budget-options/60954,CBO_BUDGET_OPTION_ANNUAL
CBO_2024_impose_a_new_payroll_tax__1_percent_payroll_tax,CBO_2024_impose_a_new_payroll_tax,2028,,127.2,-127.2,https://www.cbo.gov/budget-options/60954,CBO_BUDGET_OPTION_ANNUAL
CBO_2024_impose_a_new_payroll_tax__1_percent_payroll_tax,CBO_2024_impose_a_new_payroll_tax,2029,,131.1,-131.1,https://www.cbo.gov/budget-options/60954,CBO_BUDGET_OPTION_ANNUAL
CBO_2024_impose_a_new_payroll_tax__1_percent_payroll_tax,CBO_2024_impose_a_new_payroll_tax,2030,,135.3,-135.3,https://www.cbo.gov/budget-options/60954,CBO_BUDGET_OPTION_ANNUAL
CBO_2024_impose_a_new_payroll_tax__1_percent_payroll_tax,CBO_2024_impose_a_new_payroll_tax,2031,,140.1,-140.1,https://www.cbo.gov/budget-options/60954,CBO_BUDGET_OPTION_ANNUAL
CBO_2024_impose_a_new_payroll_tax__1_percent_payroll_tax,CBO_2024_impose_a_new_payroll_tax,2032,,145,-145.0,https://www.cbo.gov/budget-options/60954,CBO_BUDGET_OPTION_ANNUAL
CBO_2024_impose_a_new_payroll_tax__1_percent_payroll_tax,CBO_2024_impose_a_new_payroll_tax,2033,,150,-150.0,https://www.cbo.gov/budget-options/60954,CBO_BUDGET_OPTION_ANNUAL
CBO_2024_impose_a_new_payroll_tax__1_percent_payroll_tax,CBO_2024_impose_a_new_payroll_tax,2034,,155,-155.0,https://www.cbo.gov/budget-options/60954,CBO_BUDGET_OPTION_ANNUAL
CBO_2024_impose_a_new_payroll_tax__2_percent_payroll_tax,CBO_2024_impose_a_new_payroll_tax,2025,,112.4,-112.4,https://www.cbo.gov/budget-options/60954,CBO_BUDGET_OPTION_ANNUAL
CBO_2024_impose_a_new_payroll_tax__2_percent_payroll_tax,CBO_2024_impose_a_new_payroll_tax,2026,,234.5,-234.5,https://www.cbo.gov/budget-options/60954,CBO_BUDGET_OPTION_ANNUAL
CBO_2024_impose_a_new_payroll_tax__2_percent_payroll_tax,CBO_2024_impose_a_new_payroll_tax,2027,,243.6,-243.6,https://www.cbo.gov/budget-options/60954,CBO_BUDGET_OPTION_ANNUAL
CBO_2024_impose_a_new_payroll_tax__2_percent_payroll_tax,CBO_2024_impose_a_new_payroll_tax,2028,,251.2,-251.2,https://www.cbo.gov/budget-options/60954,CBO_BUDGET_OPTION_ANNUAL
CBO_2024_impose_a_new_payroll_tax__2_percent_payroll_tax,CBO_2024_impose_a_new_payroll_tax,2029,,259.2,-259.2,https://www.cbo.gov/budget-options/60954,CBO_BUDGET_OPTION_ANNUAL
CBO_2024_impose_a_new_payroll_tax__2_percent_payroll_tax,CBO_2024_impose_a_new_payroll_tax,2030,,268.4,-268.4,https://www.cbo.gov/budget-options/60954,CBO_BUDGET_OPTION_ANNUAL
CBO_2024_impose_a_new_payroll_tax__2_percent_payroll_tax,CBO_2024_impose_a_new_payroll_tax,2031,,278,-278.0,https://www.cbo.gov/budget-options/60954,CBO_BUDGET_OPTION_ANNUAL
CBO_2024_impose_a_new_payroll_tax__2_percent_payroll_tax,CBO_2024_impose_a_new_payroll_tax,2032,,287.7,-287.7,https://www.cbo.gov/budget-options/60954,CBO_BUDGET_OPTION_ANNUAL
CBO_2024_impose_a_new_payroll_tax__2_percent_payroll_tax,CBO_2024_impose_a_new_payroll_tax,2033,,297.5,-297.5,https://www.cbo.gov/budget-options/60954,CBO_BUDGET_OPTION_ANNUAL
CBO_2024_impose_a_new_payroll_tax__2_percent_payroll_tax,CBO_2024_impose_a_new_payroll_tax,2034,,307.4,-307.4,https://www.cbo.gov/budget-options/60954,CBO_BUDGET_OPTION_ANNUAL
CBO_2024_increase_the_maximum_taxable_earnings_that_are_subject_to_social_security_payroll_taxes__restore_90_percent_taxable_earnings,CBO_2024_increase_the_maximum_taxable_earnings_that_are_subject_to_social_security_payroll_taxes,2025,,22.5,-22.5,https://www.cbo.gov/budget-options/60955,CBO_BUDGET_OPTION_ANNUAL
CBO_2024_increase_the_maximum_taxable_earnings_that_are_subject_to_social_security_payroll_taxes__restore_90_percent_taxable_earnings,CBO_2024_increase_the_maximum_taxable_earnings_that_are_subject_to_social_security_payroll_taxes,2026,,72.3,-72.3,https://www.cbo.gov/budget-options/60955,CBO_BUDGET_OPTION_ANNUAL
CBO_2024_increase_the_maximum_taxable_earnings_that_are_subject_to_social_security_payroll_taxes__restore_90_percent_taxable_earnings,CBO_2024_increase_the_maximum_taxable_earnings_that_are_subject_to_social_security_payroll_taxes,2027,,73.9,-73.9,https://www.cbo.gov/budget-options/60955,CBO_BUDGET_OPTION_ANNUAL
CBO_2024_increase_the_maximum_taxable_earnings_that_are_subject_to_social_security_payroll_taxes__restore_90_percent_taxable_earnings,CBO_2024_increase_the_maximum_taxable_earnings_that_are_subject_to_social_security_payroll_taxes,2028,,75.3,-75.3,https://www.cbo.gov/budget-options/60955,CBO_BUDGET_OPTION_ANNUAL
CBO_2024_increase_the_maximum_taxable_earnings_that_are_subject_to_social_security_payroll_taxes__restore_90_percent_taxable_earnings,CBO_2024_increase_the_maximum_taxable_earnings_that_are_subject_to_social_security_payroll_taxes,2029,,77,-77.0,https://www.cbo.gov/budget-options/60955,CBO_BUDGET_OPTION_ANNUAL
CBO_2024_increase_the_maximum_taxable_earnings_that_are_subject_to_social_security_payroll_taxes__restore_90_percent_taxable_earnings,CBO_2024_increase_the_maximum_taxable_earnings_that_are_subject_to_social_security_payroll_taxes,2030,,78.9,-78.9,https://www.cbo.gov/budget-options/60955,CBO_BUDGET_OPTION_ANNUAL
CBO_2024_increase_the_maximum_taxable_earnings_that_are_subject_to_social_security_payroll_taxes__restore_90_percent_taxable_earnings,CBO_2024_increase_the_maximum_taxable_earnings_that_are_subject_to_social_security_payroll_taxes,2031,,80.2,-80.2,https://www.cbo.gov/budget-options/60955,CBO_BUDGET_OPTION_ANNUAL
CBO_2024_increase_the_maximum_taxable_earnings_that_are_subject_to_social_security_payroll_taxes__restore_90_percent_taxable_earnings,CBO_2024_increase_the_maximum_taxable_earnings_that_are_subject_to_social_security_payroll_taxes,2032,,81.4,-81.4,https://www.cbo.gov/budget-options/60955,CBO_BUDGET_OPTION_ANNUAL
CBO_2024_increase_the_maximum_taxable_earnings_that_are_subject_to_social_security_payroll_taxes__restore_90_percent_taxable_earnings,CBO_2024_increase_the_maximum_taxable_earnings_that_are_subject_to_social_security_payroll_taxes,2033,,82.5,-82.5,https://www.cbo.gov/budget-options/60955,CBO_BUDGET_OPTION_ANNUAL
CBO_2024_increase_the_maximum_taxable_earnings_that_are_subject_to_social_security_payroll_taxes__restore_90_percent_taxable_earnings,CBO_2024_increase_the_maximum_taxable_earnings_that_are_subject_to_social_security_payroll_taxes,2034,,83.6,-83.6,https://www.cbo.gov/budget-options/60955,CBO_BUDGET_OPTION_ANNUAL
CBO_2024_increase_the_maximum_taxable_earnings_that_are_subject_to_social_security_payroll_taxes__tax_earnings_above_250_000_without_additional_benefit_credit,CBO_2024_increase_the_maximum_taxable_earnings_that_are_subject_to_social_security_payroll_taxes,2025,,35.7,-35.7,https://www.cbo.gov/budget-options/60955,CBO_BUDGET_OPTION_ANNUAL
CBO_2024_increase_the_maximum_taxable_earnings_that_are_subject_to_social_security_payroll_taxes__tax_earnings_above_250_000_without_additional_benefit_credit,CBO_2024_increase_the_maximum_taxable_earnings_that_are_subject_to_social_security_payroll_taxes,2026,,122,-122.0,https://www.cbo.gov/budget-options/60955,CBO_BUDGET_OPTION_ANNUAL
CBO_2024_increase_the_maximum_taxable_earnings_that_are_subject_to_social_security_payroll_taxes__tax_earnings_above_250_000_without_additional_benefit_credit,CBO_2024_increase_the_maximum_taxable_earnings_that_are_subject_to_social_security_payroll_taxes,2027,,129.4,-129.4,https://www.cbo.gov/budget-options/60955,CBO_BUDGET_OPTION_ANNUAL
CBO_2024_increase_the_maximum_taxable_earnings_that_are_subject_to_social_security_payroll_taxes__tax_earnings_above_250_000_without_additional_benefit_credit,CBO_2024_increase_the_maximum_taxable_earnings_that_are_subject_to_social_security_payroll_taxes,2028,,136.7,-136.7,https://www.cbo.gov/budget-options/60955,CBO_BUDGET_OPTION_ANNUAL
CBO_2024_increase_the_maximum_taxable_earnings_that_are_subject_to_social_security_payroll_taxes__tax_earnings_above_250_000_without_additional_benefit_credit,CBO_2024_increase_the_maximum_taxable_earnings_that_are_subject_to_social_security_payroll_taxes,2029,,143.7,-143.7,https://www.cbo.gov/budget-options/60955,CBO_BUDGET_OPTION_ANNUAL
CBO_2024_increase_the_maximum_taxable_earnings_that_are_subject_to_social_security_payroll_taxes__tax_earnings_above_250_000_without_additional_benefit_credit,CBO_2024_increase_the_maximum_taxable_earnings_that_are_subject_to_social_security_payroll_taxes,2030,,152.5,-152.5,https://www.cbo.gov/budget-options/60955,CBO_BUDGET_OPTION_ANNUAL
CBO_2024_increase_the_maximum_taxable_earnings_that_are_subject_to_social_security_payroll_taxes__tax_earnings_above_250_000_without_additional_benefit_credit,CBO_2024_increase_the_maximum_taxable_earnings_that_are_subject_to_social_security_payroll_taxes,2031,,161.7,-161.7,https://www.cbo.gov/budget-options/60955,CBO_BUDGET_OPTION_ANNUAL
CBO_2024_increase_the_maximum_taxable_earnings_that_are_subject_to_social_security_payroll_taxes__tax_earnings_above_250_000_without_additional_benefit_credit,CBO_2024_increase_the_maximum_taxable_earnings_that_are_subject_to_social_security_payroll_taxes,2032,,171.5,-171.5,https://www.cbo.gov/budget-options/60955,CBO_BUDGET_OPTION_ANNUAL
CBO_2024_increase_the_maximum_taxable_earnings_that_are_subject_to_social_security_payroll_taxes__tax_earnings_above_250_000_without_additional_benefit_credit,CBO_2024_increase_the_maximum_taxable_earnings_that_are_subject_to_social_security_payroll_taxes,2033,,181.5,-181.5,https://www.cbo.gov/budget-options/60955,CBO_BUDGET_OPTION_ANNUAL
CBO_2024_increase_the_maximum_taxable_earnings_that_are_subject_to_social_security_payroll_taxes__tax_earnings_above_250_000_without_additional_benefit_credit,CBO_2024_increase_the_maximum_taxable_earnings_that_are_subject_to_social_security_payroll_taxes,2034,,192,-192.0,https://www.cbo.gov/budget-options/60955,CBO_BUDGET_OPTION_ANNUAL
CBO_2024_increase_the_corporate_income_tax_rate_by_1_percentage_point__increase_rate_by_1_percentage_point,CBO_2024_increase_the_corporate_income_tax_rate_by_1_percentage_point,2025,,7.5,-7.5,https://www.cbo.gov/budget-options/60956,CBO_BUDGET_OPTION_ANNUAL
CBO_2024_increase_the_corporate_income_tax_rate_by_1_percentage_point__increase_rate_by_1_percentage_point,CBO_2024_increase_the_corporate_income_tax_rate_by_1_percentage_point,2026,,12.7,-12.7,https://www.cbo.gov/budget-options/60956,CBO_BUDGET_OPTION_ANNUAL
CBO_2024_increase_the_corporate_income_tax_rate_by_1_percentage_point__increase_rate_by_1_percentage_point,CBO_2024_increase_the_corporate_income_tax_rate_by_1_percentage_point,2027,,13.6,-13.6,https://www.cbo.gov/budget-options/60956,CBO_BUDGET_OPTION_ANNUAL
CBO_2024_increase_the_corporate_income_tax_rate_by_1_percentage_point__increase_rate_by_1_percentage_point,CBO_2024_increase_the_corporate_income_tax_rate_by_1_percentage_point,2028,,13.7,-13.7,https://www.cbo.gov/budget-options/60956,CBO_BUDGET_OPTION_ANNUAL
CBO_2024_increase_the_corporate_income_tax_rate_by_1_percentage_point__increase_rate_by_1_percentage_point,CBO_2024_increase_the_corporate_income_tax_rate_by_1_percentage_point,2029,,14.1,-14.1,https://www.cbo.gov/budget-options/60956,CBO_BUDGET_OPTION_ANNUAL
CBO_2024_increase_the_corporate_income_tax_rate_by_1_percentage_point__increase_rate_by_1_percentage_point,CBO_2024_increase_the_corporate_income_tax_rate_by_1_percentage_point,2030,,14.4,-14.4,https://www.cbo.gov/budget-options/60956,CBO_BUDGET_OPTION_ANNUAL
CBO_2024_increase_the_corporate_income_tax_rate_by_1_percentage_point__increase_rate_by_1_percentage_point,CBO_2024_increase_the_corporate_income_tax_rate_by_1_percentage_point,2031,,14.5,-14.5,https://www.cbo.gov/budget-options/60956,CBO_BUDGET_OPTION_ANNUAL
CBO_2024_increase_the_corporate_income_tax_rate_by_1_percentage_point__increase_rate_by_1_percentage_point,CBO_2024_increase_the_corporate_income_tax_rate_by_1_percentage_point,2032,,14.6,-14.6,https://www.cbo.gov/budget-options/60956,CBO_BUDGET_OPTION_ANNUAL
CBO_2024_increase_the_corporate_income_tax_rate_by_1_percentage_point__increase_rate_by_1_percentage_point,CBO_2024_increase_the_corporate_income_tax_rate_by_1_percentage_point,2033,,14.9,-14.9,https://www.cbo.gov/budget-options/60956,CBO_BUDGET_OPTION_ANNUAL
CBO_2024_increase_the_corporate_income_tax_rate_by_1_percentage_point__increase_rate_by_1_percentage_point,CBO_2024_increase_the_corporate_income_tax_rate_by_1_percentage_point,2034,,15.7,-15.7,https://www.cbo.gov/budget-options/60956,CBO_BUDGET_OPTION_ANNUAL
CBO_2024_repeal_the_last_in_first_out_approach_to_inventory_identification_and_the_lower_of_cost_or_market_and_subnormal_goods_me__repeal_specified_inventory_methods,CBO_2024_repeal_the_last_in_first_out_approach_to_inventory_identification_and_the_lower_of_cost_or_market_and_subnormal_goods_me,2025,,11.6,-11.6,https://www.cbo.gov/budget-options/60957,CBO_BUDGET_OPTION_ANNUAL
CBO_2024_repeal_the_last_in_first_out_approach_to_inventory_identification_and_the_lower_of_cost_or_market_and_subnormal_goods_me__repeal_specified_inventory_methods,CBO_2024_repeal_the_last_in_first_out_approach_to_inventory_identification_and_the_lower_of_cost_or_market_and_subnormal_goods_me,2026,,23.2,-23.2,https://www.cbo.gov/budget-options/60957,CBO_BUDGET_OPTION_ANNUAL
CBO_2024_repeal_the_last_in_first_out_approach_to_inventory_identification_and_the_lower_of_cost_or_market_and_subnormal_goods_me__repeal_specified_inventory_methods,CBO_2024_repeal_the_last_in_first_out_approach_to_inventory_identification_and_the_lower_of_cost_or_market_and_subnormal_goods_me,2027,,23.1,-23.1,https://www.cbo.gov/budget-options/60957,CBO_BUDGET_OPTION_ANNUAL
CBO_2024_repeal_the_last_in_first_out_approach_to_inventory_identification_and_the_lower_of_cost_or_market_and_subnormal_goods_me__repeal_specified_inventory_methods,CBO_2024_repeal_the_last_in_first_out_approach_to_inventory_identification_and_the_lower_of_cost_or_market_and_subnormal_goods_me,2028,,23.1,-23.1,https://www.cbo.gov/budget-options/60957,CBO_BUDGET_OPTION_ANNUAL
CBO_2024_repeal_the_last_in_first_out_approach_to_inventory_identification_and_the_lower_of_cost_or_market_and_subnormal_goods_me__repeal_specified_inventory_methods,CBO_2024_repeal_the_last_in_first_out_approach_to_inventory_identification_and_the_lower_of_cost_or_market_and_subnormal_goods_me,2029,,12.6,-12.6,https://www.cbo.gov/budget-options/60957,CBO_BUDGET_OPTION_ANNUAL
CBO_2024_repeal_the_last_in_first_out_approach_to_inventory_identification_and_the_lower_of_cost_or_market_and_subnormal_goods_me__repeal_specified_inventory_methods,CBO_2024_repeal_the_last_in_first_out_approach_to_inventory_identification_and_the_lower_of_cost_or_market_and_subnormal_goods_me,2030,,2.1,-2.1,https://www.cbo.gov/budget-options/60957,CBO_BUDGET_OPTION_ANNUAL
CBO_2024_repeal_the_last_in_first_out_approach_to_inventory_identification_and_the_lower_of_cost_or_market_and_subnormal_goods_me__repeal_specified_inventory_methods,CBO_2024_repeal_the_last_in_first_out_approach_to_inventory_identification_and_the_lower_of_cost_or_market_and_subnormal_goods_me,2031,,2.1,-2.1,https://www.cbo.gov/budget-options/60957,CBO_BUDGET_OPTION_ANNUAL
CBO_2024_repeal_the_last_in_first_out_approach_to_inventory_identification_and_the_lower_of_cost_or_market_and_subnormal_goods_me__repeal_specified_inventory_methods,CBO_2024_repeal_the_last_in_first_out_approach_to_inventory_identification_and_the_lower_of_cost_or_market_and_subnormal_goods_me,2032,,2.2,-2.2,https://www.cbo.gov/budget-options/60957,CBO_BUDGET_OPTION_ANNUAL
CBO_2024_repeal_the_last_in_first_out_approach_to_inventory_identification_and_the_lower_of_cost_or_market_and_subnormal_goods_me__repeal_specified_inventory_methods,CBO_2024_repeal_the_last_in_first_out_approach_to_inventory_identification_and_the_lower_of_cost_or_market_and_subnormal_goods_me,2033,,2.2,-2.2,https://www.cbo.gov/budget-options/60957,CBO_BUDGET_OPTION_ANNUAL
CBO_2024_repeal_the_last_in_first_out_approach_to_inventory_identification_and_the_lower_of_cost_or_market_and_subnormal_goods_me__repeal_specified_inventory_methods,CBO_2024_repeal_the_last_in_first_out_approach_to_inventory_identification_and_the_lower_of_cost_or_market_and_subnormal_goods_me,2034,,2.3,-2.3,https://www.cbo.gov/budget-options/60957,CBO_BUDGET_OPTION_ANNUAL
CBO_2024_require_half_of_advertising_expenses_to_be_amortized_over_5_or_10_years__5_year_amortization,CBO_2024_require_half_of_advertising_expenses_to_be_amortized_over_5_or_10_years,2025,,14.3,-14.3,https://www.cbo.gov/budget-options/60958,CBO_BUDGET_OPTION_ANNUAL
CBO_2024_require_half_of_advertising_expenses_to_be_amortized_over_5_or_10_years__5_year_amortization,CBO_2024_require_half_of_advertising_expenses_to_be_amortized_over_5_or_10_years,2026,,21.4,-21.4,https://www.cbo.gov/budget-options/60958,CBO_BUDGET_OPTION_ANNUAL
CBO_2024_require_half_of_advertising_expenses_to_be_amortized_over_5_or_10_years__5_year_amortization,CBO_2024_require_half_of_advertising_expenses_to_be_amortized_over_5_or_10_years,2027,,16.6,-16.6,https://www.cbo.gov/budget-options/60958,CBO_BUDGET_OPTION_ANNUAL
CBO_2024_require_half_of_advertising_expenses_to_be_amortized_over_5_or_10_years__5_year_amortization,CBO_2024_require_half_of_advertising_expenses_to_be_amortized_over_5_or_10_years,2028,,11,-11.0,https://www.cbo.gov/budget-options/60958,CBO_BUDGET_OPTION_ANNUAL
CBO_2024_require_half_of_advertising_expenses_to_be_amortized_over_5_or_10_years__5_year_amortization,CBO_2024_require_half_of_advertising_expenses_to_be_amortized_over_5_or_10_years,2029,,5.1,-5.1,https://www.cbo.gov/budget-options/60958,CBO_BUDGET_OPTION_ANNUAL
CBO_2024_require_half_of_advertising_expenses_to_be_amortized_over_5_or_10_years__5_year_amortization,CBO_2024_require_half_of_advertising_expenses_to_be_amortized_over_5_or_10_years,2030,,2.8,-2.8,https://www.cbo.gov/budget-options/60958,CBO_BUDGET_OPTION_ANNUAL
CBO_2024_require_half_of_advertising_expenses_to_be_amortized_over_5_or_10_years__5_year_amortization,CBO_2024_require_half_of_advertising_expenses_to_be_amortized_over_5_or_10_years,2031,,2.9,-2.9,https://www.cbo.gov/budget-options/60958,CBO_BUDGET_OPTION_ANNUAL
CBO_2024_require_half_of_advertising_expenses_to_be_amortized_over_5_or_10_years__5_year_amortization,CBO_2024_require_half_of_advertising_expenses_to_be_amortized_over_5_or_10_years,2032,,3,-3.0,https://www.cbo.gov/budget-options/60958,CBO_BUDGET_OPTION_ANNUAL
CBO_2024_require_half_of_advertising_expenses_to_be_amortized_over_5_or_10_years__5_year_amortization,CBO_2024_require_half_of_advertising_expenses_to_be_amortized_over_5_or_10_years,2033,,3.1,-3.1,https://www.cbo.gov/budget-options/60958,CBO_BUDGET_OPTION_ANNUAL
CBO_2024_require_half_of_advertising_expenses_to_be_amortized_over_5_or_10_years__5_year_amortization,CBO_2024_require_half_of_advertising_expenses_to_be_amortized_over_5_or_10_years,2034,,3.1,-3.1,https://www.cbo.gov/budget-options/60958,CBO_BUDGET_OPTION_ANNUAL
CBO_2024_require_half_of_advertising_expenses_to_be_amortized_over_5_or_10_years__10_year_amortization,CBO_2024_require_half_of_advertising_expenses_to_be_amortized_over_5_or_10_years,2025,,16.1,-16.1,https://www.cbo.gov/budget-options/60958,CBO_BUDGET_OPTION_ANNUAL
CBO_2024_require_half_of_advertising_expenses_to_be_amortized_over_5_or_10_years__10_year_amortization,CBO_2024_require_half_of_advertising_expenses_to_be_amortized_over_5_or_10_years,2026,,26.5,-26.5,https://www.cbo.gov/budget-options/60958,CBO_BUDGET_OPTION_ANNUAL
CBO_2024_require_half_of_advertising_expenses_to_be_amortized_over_5_or_10_years__10_year_amortization,CBO_2024_require_half_of_advertising_expenses_to_be_amortized_over_5_or_10_years,2027,,25,-25.0,https://www.cbo.gov/budget-options/60958,CBO_BUDGET_OPTION_ANNUAL
CBO_2024_require_half_of_advertising_expenses_to_be_amortized_over_5_or_10_years__10_year_amortization,CBO_2024_require_half_of_advertising_expenses_to_be_amortized_over_5_or_10_years,2028,,22.9,-22.9,https://www.cbo.gov/budget-options/60958,CBO_BUDGET_OPTION_ANNUAL
CBO_2024_require_half_of_advertising_expenses_to_be_amortized_over_5_or_10_years__10_year_amortization,CBO_2024_require_half_of_advertising_expenses_to_be_amortized_over_5_or_10_years,2029,,20.6,-20.6,https://www.cbo.gov/budget-options/60958,CBO_BUDGET_OPTION_ANNUAL
CBO_2024_require_half_of_advertising_expenses_to_be_amortized_over_5_or_10_years__10_year_amortization,CBO_2024_require_half_of_advertising_expenses_to_be_amortized_over_5_or_10_years,2030,,18.3,-18.3,https://www.cbo.gov/budget-options/60958,CBO_BUDGET_OPTION_ANNUAL
CBO_2024_require_half_of_advertising_expenses_to_be_amortized_over_5_or_10_years__10_year_amortization,CBO_2024_require_half_of_advertising_expenses_to_be_amortized_over_5_or_10_years,2031,,15.9,-15.9,https://www.cbo.gov/budget-options/60958,CBO_BUDGET_OPTION_ANNUAL
CBO_2024_require_half_of_advertising_expenses_to_be_amortized_over_5_or_10_years__10_year_amortization,CBO_2024_require_half_of_advertising_expenses_to_be_amortized_over_5_or_10_years,2032,,13.3,-13.3,https://www.cbo.gov/budget-options/60958,CBO_BUDGET_OPTION_ANNUAL
CBO_2024_require_half_of_advertising_expenses_to_be_amortized_over_5_or_10_years__10_year_amortization,CBO_2024_require_half_of_advertising_expenses_to_be_amortized_over_5_or_10_years,2033,,10.7,-10.7,https://www.cbo.gov/budget-options/60958,CBO_BUDGET_OPTION_ANNUAL
CBO_2024_require_half_of_advertising_expenses_to_be_amortized_over_5_or_10_years__10_year_amortization,CBO_2024_require_half_of_advertising_expenses_to_be_amortized_over_5_or_10_years,2034,,7.9,-7.9,https://www.cbo.gov/budget-options/60958,CBO_BUDGET_OPTION_ANNUAL
CBO_2024_repeal_the_low_income_housing_tax_credit__repeal_lihtc,CBO_2024_repeal_the_low_income_housing_tax_credit,2025,,0.1,-0.1,https://www.cbo.gov/budget-options/60959,CBO_BUDGET_OPTION_ANNUAL
CBO_2024_repeal_the_low_income_housing_tax_credit__repeal_lihtc,CBO_2024_repeal_the_low_income_housing_tax_credit,2026,,0.8,-0.8,https://www.cbo.gov/budget-options/60959,CBO_BUDGET_OPTION_ANNUAL
CBO_2024_repeal_the_low_income_housing_tax_credit__repeal_lihtc,CBO_2024_repeal_the_low_income_housing_tax_credit,2027,,2.1,-2.1,https://www.cbo.gov/budget-options/60959,CBO_BUDGET_OPTION_ANNUAL
CBO_2024_repeal_the_low_income_housing_tax_credit__repeal_lihtc,CBO_2024_repeal_the_low_income_housing_tax_credit,2028,,3.7,-3.7,https://www.cbo.gov/budget-options/60959,CBO_BUDGET_OPTION_ANNUAL
CBO_2024_repeal_the_low_income_housing_tax_credit__repeal_lihtc,CBO_2024_repeal_the_low_income_housing_tax_credit,2029,,5.5,-5.5,https://www.cbo.gov/budget-options/60959,CBO_BUDGET_OPTION_ANNUAL
CBO_2024_repeal_the_low_income_housing_tax_credit__repeal_lihtc,CBO_2024_repeal_the_low_income_housing_tax_credit,2030,,7.4,-7.4,https://www.cbo.gov/budget-options/60959,CBO_BUDGET_OPTION_ANNUAL
CBO_2024_repeal_the_low_income_housing_tax_credit__repeal_lihtc,CBO_2024_repeal_the_low_income_housing_tax_credit,2031,,9.3,-9.3,https://www.cbo.gov/budget-options/60959,CBO_BUDGET_OPTION_ANNUAL
CBO_2024_repeal_the_low_income_housing_tax_credit__repeal_lihtc,CBO_2024_repeal_the_low_income_housing_tax_credit,2032,,11.3,-11.3,https://www.cbo.gov/budget-options/60959,CBO_BUDGET_OPTION_ANNUAL
CBO_2024_repeal_the_low_income_housing_tax_credit__repeal_lihtc,CBO_2024_repeal_the_low_income_housing_tax_credit,2033,,13.4,-13.4,https://www.cbo.gov/budget-options/60959,CBO_BUDGET_OPTION_ANNUAL
CBO_2024_repeal_the_low_income_housing_tax_credit__repeal_lihtc,CBO_2024_repeal_the_low_income_housing_tax_credit,2034,,15.6,-15.6,https://www.cbo.gov/budget-options/60959,CBO_BUDGET_OPTION_ANNUAL
CBO_2024_tax_all_foreign_income_of_u_s_corporations_at_the_full_statutory_corporate_rate__full_statutory_rate,CBO_2024_tax_all_foreign_income_of_u_s_corporations_at_the_full_statutory_corporate_rate,2025,,21.4,-21.4,https://www.cbo.gov/budget-options/60960,CBO_BUDGET_OPTION_ANNUAL
CBO_2024_tax_all_foreign_income_of_u_s_corporations_at_the_full_statutory_corporate_rate__full_statutory_rate,CBO_2024_tax_all_foreign_income_of_u_s_corporations_at_the_full_statutory_corporate_rate,2026,,36.5,-36.5,https://www.cbo.gov/budget-options/60960,CBO_BUDGET_OPTION_ANNUAL
CBO_2024_tax_all_foreign_income_of_u_s_corporations_at_the_full_statutory_corporate_rate__full_statutory_rate,CBO_2024_tax_all_foreign_income_of_u_s_corporations_at_the_full_statutory_corporate_rate,2027,,31.3,-31.3,https://www.cbo.gov/budget-options/60960,CBO_BUDGET_OPTION_ANNUAL
CBO_2024_tax_all_foreign_income_of_u_s_corporations_at_the_full_statutory_corporate_rate__full_statutory_rate,CBO_2024_tax_all_foreign_income_of_u_s_corporations_at_the_full_statutory_corporate_rate,2028,,33.3,-33.3,https://www.cbo.gov/budget-options/60960,CBO_BUDGET_OPTION_ANNUAL
CBO_2024_tax_all_foreign_income_of_u_s_corporations_at_the_full_statutory_corporate_rate__full_statutory_rate,CBO_2024_tax_all_foreign_income_of_u_s_corporations_at_the_full_statutory_corporate_rate,2029,,34.6,-34.6,https://www.cbo.gov/budget-options/60960,CBO_BUDGET_OPTION_ANNUAL
CBO_2024_tax_all_foreign_income_of_u_s_corporations_at_the_full_statutory_corporate_rate__full_statutory_rate,CBO_2024_tax_all_foreign_income_of_u_s_corporations_at_the_full_statutory_corporate_rate,2030,,35.8,-35.8,https://www.cbo.gov/budget-options/60960,CBO_BUDGET_OPTION_ANNUAL
CBO_2024_tax_all_foreign_income_of_u_s_corporations_at_the_full_statutory_corporate_rate__full_statutory_rate,CBO_2024_tax_all_foreign_income_of_u_s_corporations_at_the_full_statutory_corporate_rate,2031,,35,-35.0,https://www.cbo.gov/budget-options/60960,CBO_BUDGET_OPTION_ANNUAL
CBO_2024_tax_all_foreign_income_of_u_s_corporations_at_the_full_statutory_corporate_rate__full_statutory_rate,CBO_2024_tax_all_foreign_income_of_u_s_corporations_at_the_full_statutory_corporate_rate,2032,,34.6,-34.6,https://www.cbo.gov/budget-options/60960,CBO_BUDGET_OPTION_ANNUAL
CBO_2024_tax_all_foreign_income_of_u_s_corporations_at_the_full_statutory_corporate_rate__full_statutory_rate,CBO_2024_tax_all_foreign_income_of_u_s_corporations_at_the_full_statutory_corporate_rate,2033,,37.9,-37.9,https://www.cbo.gov/budget-options/60960,CBO_BUDGET_OPTION_ANNUAL
CBO_2024_tax_all_foreign_income_of_u_s_corporations_at_the_full_statutory_corporate_rate__full_statutory_rate,CBO_2024_tax_all_foreign_income_of_u_s_corporations_at_the_full_statutory_corporate_rate,2034,,39.7,-39.7,https://www.cbo.gov/budget-options/60960,CBO_BUDGET_OPTION_ANNUAL
CBO_2024_impose_a_5_percent_value_added_tax__broad_base,CBO_2024_impose_a_5_percent_value_added_tax,2025,,0,0.0,https://www.cbo.gov/budget-options/60961,CBO_BUDGET_OPTION_ANNUAL
CBO_2024_impose_a_5_percent_value_added_tax__broad_base,CBO_2024_impose_a_5_percent_value_added_tax,2026,,230,-230.0,https://www.cbo.gov/budget-options/60961,CBO_BUDGET_OPTION_ANNUAL
CBO_2024_impose_a_5_percent_value_added_tax__broad_base,CBO_2024_impose_a_5_percent_value_added_tax,2027,,350,-350.0,https://www.cbo.gov/budget-options/60961,CBO_BUDGET_OPTION_ANNUAL
CBO_2024_impose_a_5_percent_value_added_tax__broad_base,CBO_2024_impose_a_5_percent_value_added_tax,2028,,360,-360.0,https://www.cbo.gov/budget-options/60961,CBO_BUDGET_OPTION_ANNUAL
CBO_2024_impose_a_5_percent_value_added_tax__broad_base,CBO_2024_impose_a_5_percent_value_added_tax,2029,,370,-370.0,https://www.cbo.gov/budget-options/60961,CBO_BUDGET_OPTION_ANNUAL
CBO_2024_impose_a_5_percent_value_added_tax__broad_base,CBO_2024_impose_a_5_percent_value_added_tax,2030,,390,-390.0,https://www.cbo.gov/budget-options/60961,CBO_BUDGET_OPTION_ANNUAL
CBO_2024_impose_a_5_percent_value_added_tax__broad_base,CBO_2024_impose_a_5_percent_value_added_tax,2031,,400,-400.0,https://www.cbo.gov/budget-options/60961,CBO_BUDGET_OPTION_ANNUAL
CBO_2024_impose_a_5_percent_value_added_tax__broad_base,CBO_2024_impose_a_5_percent_value_added_tax,2032,,410,-410.0,https://www.cbo.gov/budget-options/60961,CBO_BUDGET_OPTION_ANNUAL
CBO_2024_impose_a_5_percent_value_added_tax__broad_base,CBO_2024_impose_a_5_percent_value_added_tax,2033,,430,-430.0,https://www.cbo.gov/budget-options/60961,CBO_BUDGET_OPTION_ANNUAL
CBO_2024_impose_a_5_percent_value_added_tax__broad_base,CBO_2024_impose_a_5_percent_value_added_tax,2034,,440,-440.0,https://www.cbo.gov/budget-options/60961,CBO_BUDGET_OPTION_ANNUAL
CBO_2024_impose_a_5_percent_value_added_tax__narrow_base,CBO_2024_impose_a_5_percent_value_added_tax,2025,,0,0.0,https://www.cbo.gov/budget-options/60961,CBO_BUDGET_OPTION_ANNUAL
CBO_2024_impose_a_5_percent_value_added_tax__narrow_base,CBO_2024_impose_a_5_percent_value_added_tax,2026,,140,-140.0,https://www.cbo.gov/budget-options/60961,CBO_BUDGET_OPTION_ANNUAL
CBO_2024_impose_a_5_percent_value_added_tax__narrow_base,CBO_2024_impose_a_5_percent_value_added_tax,2027,,220,-220.0,https://www.cbo.gov/budget-options/60961,CBO_BUDGET_OPTION_ANNUAL
CBO_2024_impose_a_5_percent_value_added_tax__narrow_base,CBO_2024_impose_a_5_percent_value_added_tax,2028,,230,-230.0,https://www.cbo.gov/budget-options/60961,CBO_BUDGET_OPTION_ANNUAL
CBO_2024_impose_a_5_percent_value_added_tax__narrow_base,CBO_2024_impose_a_5_percent_value_added_tax,2029,,240,-240.0,https://www.cbo.gov/budget-options/60961,CBO_BUDGET_OPTION_ANNUAL
CBO_2024_impose_a_5_percent_value_added_tax__narrow_base,CBO_2024_impose_a_5_percent_value_added_tax,2030,,250,-250.0,https://www.cbo.gov/budget-options/60961,CBO_BUDGET_OPTION_ANNUAL
CBO_2024_impose_a_5_percent_value_added_tax__narrow_base,CBO_2024_impose_a_5_percent_value_added_tax,2031,,260,-260.0,https://www.cbo.gov/budget-options/60961,CBO_BUDGET_OPTION_ANNUAL
CBO_2024_impose_a_5_percent_value_added_tax__narrow_base,CBO_2024_impose_a_5_percent_value_added_tax,2032,,270,-270.0,https://www.cbo.gov/budget-options/60961,CBO_BUDGET_OPTION_ANNUAL
CBO_2024_impose_a_5_percent_value_added_tax__narrow_base,CBO_2024_impose_a_5_percent_value_added_tax,2033,,280,-280.0,https://www.cbo.gov/budget-options/60961,CBO_BUDGET_OPTION_ANNUAL
CBO_2024_impose_a_5_percent_value_added_tax__narrow_base,CBO_2024_impose_a_5_percent_value_added_tax,2034,,290,-290.0,https://www.cbo.gov/budget-options/60961,CBO_BUDGET_OPTION_ANNUAL
CBO_2024_impose_a_tax_on_emissions_of_greenhouse_gases__25_ton_rising_5_year,CBO_2024_impose_a_tax_on_emissions_of_greenhouse_gases,2025,,53.4,-53.4,https://www.cbo.gov/budget-options/60962,CBO_BUDGET_OPTION_ANNUAL
CBO_2024_impose_a_tax_on_emissions_of_greenhouse_gases__25_ton_rising_5_year,CBO_2024_impose_a_tax_on_emissions_of_greenhouse_gases,2026,,81.3,-81.3,https://www.cbo.gov/budget-options/60962,CBO_BUDGET_OPTION_ANNUAL
CBO_2024_impose_a_tax_on_emissions_of_greenhouse_gases__25_ton_rising_5_year,CBO_2024_impose_a_tax_on_emissions_of_greenhouse_gases,2027,,82.5,-82.5,https://www.cbo.gov/budget-options/60962,CBO_BUDGET_OPTION_ANNUAL
CBO_2024_impose_a_tax_on_emissions_of_greenhouse_gases__25_ton_rising_5_year,CBO_2024_impose_a_tax_on_emissions_of_greenhouse_gases,2028,,85.1,-85.1,https://www.cbo.gov/budget-options/60962,CBO_BUDGET_OPTION_ANNUAL
CBO_2024_impose_a_tax_on_emissions_of_greenhouse_gases__25_ton_rising_5_year,CBO_2024_impose_a_tax_on_emissions_of_greenhouse_gases,2029,,89.4,-89.4,https://www.cbo.gov/budget-options/60962,CBO_BUDGET_OPTION_ANNUAL
CBO_2024_impose_a_tax_on_emissions_of_greenhouse_gases__25_ton_rising_5_year,CBO_2024_impose_a_tax_on_emissions_of_greenhouse_gases,2030,,94.1,-94.1,https://www.cbo.gov/budget-options/60962,CBO_BUDGET_OPTION_ANNUAL
CBO_2024_impose_a_tax_on_emissions_of_greenhouse_gases__25_ton_rising_5_year,CBO_2024_impose_a_tax_on_emissions_of_greenhouse_gases,2031,,99.4,-99.4,https://www.cbo.gov/budget-options/60962,CBO_BUDGET_OPTION_ANNUAL
CBO_2024_impose_a_tax_on_emissions_of_greenhouse_gases__25_ton_rising_5_year,CBO_2024_impose_a_tax_on_emissions_of_greenhouse_gases,2032,,105,-105.0,https://www.cbo.gov/budget-options/60962,CBO_BUDGET_OPTION_ANNUAL
CBO_2024_impose_a_tax_on_emissions_of_greenhouse_gases__25_ton_rising_5_year,CBO_2024_impose_a_tax_on_emissions_of_greenhouse_gases,2033,,111,-111.0,https://www.cbo.gov/budget-options/60962,CBO_BUDGET_OPTION_ANNUAL
CBO_2024_impose_a_tax_on_emissions_of_greenhouse_gases__25_ton_rising_5_year,CBO_2024_impose_a_tax_on_emissions_of_greenhouse_gases,2034,,118.1,-118.1,https://www.cbo.gov/budget-options/60962,CBO_BUDGET_OPTION_ANNUAL
CBO_2024_impose_a_tax_on_emissions_of_greenhouse_gases__25_ton_rising_2_year,CBO_2024_impose_a_tax_on_emissions_of_greenhouse_gases,2025,,53.4,-53.4,https://www.cbo.gov/budget-options/60962,CBO_BUDGET_OPTION_ANNUAL
CBO_2024_impose_a_tax_on_emissions_of_greenhouse_gases__25_ton_rising_2_year,CBO_2024_impose_a_tax_on_emissions_of_greenhouse_gases,2026,,80.2,-80.2,https://www.cbo.gov/budget-options/60962,CBO_BUDGET_OPTION_ANNUAL
CBO_2024_impose_a_tax_on_emissions_of_greenhouse_gases__25_ton_rising_2_year,CBO_2024_impose_a_tax_on_emissions_of_greenhouse_gases,2027,,79.4,-79.4,https://www.cbo.gov/budget-options/60962,CBO_BUDGET_OPTION_ANNUAL
CBO_2024_impose_a_tax_on_emissions_of_greenhouse_gases__25_ton_rising_2_year,CBO_2024_impose_a_tax_on_emissions_of_greenhouse_gases,2028,,79.6,-79.6,https://www.cbo.gov/budget-options/60962,CBO_BUDGET_OPTION_ANNUAL
CBO_2024_impose_a_tax_on_emissions_of_greenhouse_gases__25_ton_rising_2_year,CBO_2024_impose_a_tax_on_emissions_of_greenhouse_gases,2029,,81.1,-81.1,https://www.cbo.gov/budget-options/60962,CBO_BUDGET_OPTION_ANNUAL
CBO_2024_impose_a_tax_on_emissions_of_greenhouse_gases__25_ton_rising_2_year,CBO_2024_impose_a_tax_on_emissions_of_greenhouse_gases,2030,,82.9,-82.9,https://www.cbo.gov/budget-options/60962,CBO_BUDGET_OPTION_ANNUAL
CBO_2024_impose_a_tax_on_emissions_of_greenhouse_gases__25_ton_rising_2_year,CBO_2024_impose_a_tax_on_emissions_of_greenhouse_gases,2031,,85.3,-85.3,https://www.cbo.gov/budget-options/60962,CBO_BUDGET_OPTION_ANNUAL
CBO_2024_impose_a_tax_on_emissions_of_greenhouse_gases__25_ton_rising_2_year,CBO_2024_impose_a_tax_on_emissions_of_greenhouse_gases,2032,,87.7,-87.7,https://www.cbo.gov/budget-options/60962,CBO_BUDGET_OPTION_ANNUAL
CBO_2024_impose_a_tax_on_emissions_of_greenhouse_gases__25_ton_rising_2_year,CBO_2024_impose_a_tax_on_emissions_of_greenhouse_gases,2033,,90.4,-90.4,https://www.cbo.gov/budget-options/60962,CBO_BUDGET_OPTION_ANNUAL
CBO_2024_impose_a_tax_on_emissions_of_greenhouse_gases__25_ton_rising_2_year,CBO_2024_impose_a_tax_on_emissions_of_greenhouse_gases,2034,,93.6,-93.6,https://www.cbo.gov/budget-options/60962,CBO_BUDGET_OPTION_ANNUAL
CBO_2024_impose_a_tax_on_emissions_of_greenhouse_gases__15_ton_rising_8_year,CBO_2024_impose_a_tax_on_emissions_of_greenhouse_gases,2025,,33.1,-33.1,https://www.cbo.gov/budget-options/60962,CBO_BUDGET_OPTION_ANNUAL
CBO_2024_impose_a_tax_on_emissions_of_greenhouse_gases__15_ton_rising_8_year,CBO_2024_impose_a_tax_on_emissions_of_greenhouse_gases,2026,,50.7,-50.7,https://www.cbo.gov/budget-options/60962,CBO_BUDGET_OPTION_ANNUAL
CBO_2024_impose_a_tax_on_emissions_of_greenhouse_gases__15_ton_rising_8_year,CBO_2024_impose_a_tax_on_emissions_of_greenhouse_gases,2027,,52.9,-52.9,https://www.cbo.gov/budget-options/60962,CBO_BUDGET_OPTION_ANNUAL
CBO_2024_impose_a_tax_on_emissions_of_greenhouse_gases__15_ton_rising_8_year,CBO_2024_impose_a_tax_on_emissions_of_greenhouse_gases,2028,,56.5,-56.5,https://www.cbo.gov/budget-options/60962,CBO_BUDGET_OPTION_ANNUAL
CBO_2024_impose_a_tax_on_emissions_of_greenhouse_gases__15_ton_rising_8_year,CBO_2024_impose_a_tax_on_emissions_of_greenhouse_gases,2029,,60.8,-60.8,https://www.cbo.gov/budget-options/60962,CBO_BUDGET_OPTION_ANNUAL
CBO_2024_impose_a_tax_on_emissions_of_greenhouse_gases__15_ton_rising_8_year,CBO_2024_impose_a_tax_on_emissions_of_greenhouse_gases,2030,,65.6,-65.6,https://www.cbo.gov/budget-options/60962,CBO_BUDGET_OPTION_ANNUAL
CBO_2024_impose_a_tax_on_emissions_of_greenhouse_gases__15_ton_rising_8_year,CBO_2024_impose_a_tax_on_emissions_of_greenhouse_gases,2031,,71.4,-71.4,https://www.cbo.gov/budget-options/60962,CBO_BUDGET_OPTION_ANNUAL
CBO_2024_impose_a_tax_on_emissions_of_greenhouse_gases__15_ton_rising_8_year,CBO_2024_impose_a_tax_on_emissions_of_greenhouse_gases,2032,,77.6,-77.6,https://www.cbo.gov/budget-options/60962,CBO_BUDGET_OPTION_ANNUAL
CBO_2024_impose_a_tax_on_emissions_of_greenhouse_gases__15_ton_rising_8_year,CBO_2024_impose_a_tax_on_emissions_of_greenhouse_gases,2033,,84.5,-84.5,https://www.cbo.gov/budget-options/60962,CBO_BUDGET_OPTION_ANNUAL
CBO_2024_impose_a_tax_on_emissions_of_greenhouse_gases__15_ton_rising_8_year,CBO_2024_impose_a_tax_on_emissions_of_greenhouse_gases,2034,,92.4,-92.4,https://www.cbo.gov/budget-options/60962,CBO_BUDGET_OPTION_ANNUAL
CBO_2024_impose_a_tax_on_emissions_of_greenhouse_gases__25_ton_rising_5_year_gasoline_excluded,CBO_2024_impose_a_tax_on_emissions_of_greenhouse_gases,2025,,42.2,-42.2,https://www.cbo.gov/budget-options/60962,CBO_BUDGET_OPTION_ANNUAL
CBO_2024_impose_a_tax_on_emissions_of_greenhouse_gases__25_ton_rising_5_year_gasoline_excluded,CBO_2024_impose_a_tax_on_emissions_of_greenhouse_gases,2026,,63.3,-63.3,https://www.cbo.gov/budget-options/60962,CBO_BUDGET_OPTION_ANNUAL
CBO_2024_impose_a_tax_on_emissions_of_greenhouse_gases__25_ton_rising_5_year_gasoline_excluded,CBO_2024_impose_a_tax_on_emissions_of_greenhouse_gases,2027,,63.3,-63.3,https://www.cbo.gov/budget-options/60962,CBO_BUDGET_OPTION_ANNUAL
CBO_2024_impose_a_tax_on_emissions_of_greenhouse_gases__25_ton_rising_5_year_gasoline_excluded,CBO_2024_impose_a_tax_on_emissions_of_greenhouse_gases,2028,,65,-65.0,https://www.cbo.gov/budget-options/60962,CBO_BUDGET_OPTION_ANNUAL
CBO_2024_impose_a_tax_on_emissions_of_greenhouse_gases__25_ton_rising_5_year_gasoline_excluded,CBO_2024_impose_a_tax_on_emissions_of_greenhouse_gases,2029,,67.9,-67.9,https://www.cbo.gov/budget-options/60962,CBO_BUDGET_OPTION_ANNUAL
CBO_2024_impose_a_tax_on_emissions_of_greenhouse_gases__25_ton_rising_5_year_gasoline_excluded,CBO_2024_impose_a_tax_on_emissions_of_greenhouse_gases,2030,,71.2,-71.2,https://www.cbo.gov/budget-options/60962,CBO_BUDGET_OPTION_ANNUAL
CBO_2024_impose_a_tax_on_emissions_of_greenhouse_gases__25_ton_rising_5_year_gasoline_excluded,CBO_2024_impose_a_tax_on_emissions_of_greenhouse_gases,2031,,75.1,-75.1,https://www.cbo.gov/budget-options/60962,CBO_BUDGET_OPTION_ANNUAL
CBO_2024_impose_a_tax_on_emissions_of_greenhouse_gases__25_ton_rising_5_year_gasoline_excluded,CBO_2024_impose_a_tax_on_emissions_of_greenhouse_gases,2032,,79.3,-79.3,https://www.cbo.gov/budget-options/60962,CBO_BUDGET_OPTION_ANNUAL
CBO_2024_impose_a_tax_on_emissions_of_greenhouse_gases__25_ton_rising_5_year_gasoline_excluded,CBO_2024_impose_a_tax_on_emissions_of_greenhouse_gases,2033,,83.8,-83.8,https://www.cbo.gov/budget-options/60962,CBO_BUDGET_OPTION_ANNUAL
CBO_2024_impose_a_tax_on_emissions_of_greenhouse_gases__25_ton_rising_5_year_gasoline_excluded,CBO_2024_impose_a_tax_on_emissions_of_greenhouse_gases,2034,,89.2,-89.2,https://www.cbo.gov/budget-options/60962,CBO_BUDGET_OPTION_ANNUAL
CBO_2024_increase_excise_taxes_on_motor_fuels_and_index_them_for_inflation__increase_and_index_motor_fuel_taxes,CBO_2024_increase_excise_taxes_on_motor_fuels_and_index_them_for_inflation,2025,,14.6,-14.6,https://www.cbo.gov/budget-options/60963,CBO_BUDGET_OPTION_ANNUAL
CBO_2024_increase_excise_taxes_on_motor_fuels_and_index_them_for_inflation__increase_and_index_motor_fuel_taxes,CBO_2024_increase_excise_taxes_on_motor_fuels_and_index_them_for_inflation,2026,,20.5,-20.5,https://www.cbo.gov/budget-options/60963,CBO_BUDGET_OPTION_ANNUAL
CBO_2024_increase_excise_taxes_on_motor_fuels_and_index_them_for_inflation__increase_and_index_motor_fuel_taxes,CBO_2024_increase_excise_taxes_on_motor_fuels_and_index_them_for_inflation,2027,,20.9,-20.9,https://www.cbo.gov/budget-options/60963,CBO_BUDGET_OPTION_ANNUAL
CBO_2024_increase_excise_taxes_on_motor_fuels_and_index_them_for_inflation__increase_and_index_motor_fuel_taxes,CBO_2024_increase_excise_taxes_on_motor_fuels_and_index_them_for_inflation,2028,,21.3,-21.3,https://www.cbo.gov/budget-options/60963,CBO_BUDGET_OPTION_ANNUAL
CBO_2024_increase_excise_taxes_on_motor_fuels_and_index_them_for_inflation__increase_and_index_motor_fuel_taxes,CBO_2024_increase_excise_taxes_on_motor_fuels_and_index_them_for_inflation,2029,,21.7,-21.7,https://www.cbo.gov/budget-options/60963,CBO_BUDGET_OPTION_ANNUAL
CBO_2024_increase_excise_taxes_on_motor_fuels_and_index_them_for_inflation__increase_and_index_motor_fuel_taxes,CBO_2024_increase_excise_taxes_on_motor_fuels_and_index_them_for_inflation,2030,,22.1,-22.1,https://www.cbo.gov/budget-options/60963,CBO_BUDGET_OPTION_ANNUAL
CBO_2024_increase_excise_taxes_on_motor_fuels_and_index_them_for_inflation__increase_and_index_motor_fuel_taxes,CBO_2024_increase_excise_taxes_on_motor_fuels_and_index_them_for_inflation,2031,,22.3,-22.3,https://www.cbo.gov/budget-options/60963,CBO_BUDGET_OPTION_ANNUAL
CBO_2024_increase_excise_taxes_on_motor_fuels_and_index_them_for_inflation__increase_and_index_motor_fuel_taxes,CBO_2024_increase_excise_taxes_on_motor_fuels_and_index_them_for_inflation,2032,,22.5,-22.5,https://www.cbo.gov/budget-options/60963,CBO_BUDGET_OPTION_ANNUAL
CBO_2024_increase_excise_taxes_on_motor_fuels_and_index_them_for_inflation__increase_and_index_motor_fuel_taxes,CBO_2024_increase_excise_taxes_on_motor_fuels_and_index_them_for_inflation,2033,,22.7,-22.7,https://www.cbo.gov/budget-options/60963,CBO_BUDGET_OPTION_ANNUAL
CBO_2024_increase_excise_taxes_on_motor_fuels_and_index_them_for_inflation__increase_and_index_motor_fuel_taxes,CBO_2024_increase_excise_taxes_on_motor_fuels_and_index_them_for_inflation,2034,,22.9,-22.9,https://www.cbo.gov/budget-options/60963,CBO_BUDGET_OPTION_ANNUAL
CBO_2024_increase_excise_taxes_on_tobacco_products__increase_tobacco_excises,CBO_2024_increase_excise_taxes_on_tobacco_products,2025,0,3.1,-3.1,https://www.cbo.gov/budget-options/60964,CBO_BUDGET_OPTION_ANNUAL
CBO_2024_increase_excise_taxes_on_tobacco_products__increase_tobacco_excises,CBO_2024_increase_excise_taxes_on_tobacco_products,2026,0,4.4,-4.4,https://www.cbo.gov/budget-options/60964,CBO_BUDGET_OPTION_ANNUAL
CBO_2024_increase_excise_taxes_on_tobacco_products__increase_tobacco_excises,CBO_2024_increase_excise_taxes_on_tobacco_products,2027,-0.1,4.6,-4.699999999999999,https://www.cbo.gov/budget-options/60964,CBO_BUDGET_OPTION_ANNUAL
CBO_2024_increase_excise_taxes_on_tobacco_products__increase_tobacco_excises,CBO_2024_increase_excise_taxes_on_tobacco_products,2028,-0.1,4.9,-5.0,https://www.cbo.gov/budget-options/60964,CBO_BUDGET_OPTION_ANNUAL
CBO_2024_increase_excise_taxes_on_tobacco_products__increase_tobacco_excises,CBO_2024_increase_excise_taxes_on_tobacco_products,2029,-0.1,5.1,-5.199999999999999,https://www.cbo.gov/budget-options/60964,CBO_BUDGET_OPTION_ANNUAL
CBO_2024_increase_excise_taxes_on_tobacco_products__increase_tobacco_excises,CBO_2024_increase_excise_taxes_on_tobacco_products,2030,-0.1,5.3,-5.3999999999999995,https://www.cbo.gov/budget-options/60964,CBO_BUDGET_OPTION_ANNUAL
CBO_2024_increase_excise_taxes_on_tobacco_products__increase_tobacco_excises,CBO_2024_increase_excise_taxes_on_tobacco_products,2031,-0.1,5.6,-5.699999999999999,https://www.cbo.gov/budget-options/60964,CBO_BUDGET_OPTION_ANNUAL
CBO_2024_increase_excise_taxes_on_tobacco_products__increase_tobacco_excises,CBO_2024_increase_excise_taxes_on_tobacco_products,2032,-0.1,5.7,-5.8,https://www.cbo.gov/budget-options/60964,CBO_BUDGET_OPTION_ANNUAL
CBO_2024_increase_excise_taxes_on_tobacco_products__increase_tobacco_excises,CBO_2024_increase_excise_taxes_on_tobacco_products,2033,-0.1,5.8,-5.8999999999999995,https://www.cbo.gov/budget-options/60964,CBO_BUDGET_OPTION_ANNUAL
CBO_2024_increase_excise_taxes_on_tobacco_products__increase_tobacco_excises,CBO_2024_increase_excise_taxes_on_tobacco_products,2034,-0.1,5.7,-5.8,https://www.cbo.gov/budget-options/60964,CBO_BUDGET_OPTION_ANNUAL
CBO_2024_increase_taxes_on_alcoholic_beverages__increase_rates,CBO_2024_increase_taxes_on_alcoholic_beverages,2025,,6.6,-6.6,https://www.cbo.gov/budget-options/60965,CBO_BUDGET_OPTION_ANNUAL
CBO_2024_increase_taxes_on_alcoholic_beverages__increase_rates,CBO_2024_increase_taxes_on_alcoholic_beverages,2026,,8.7,-8.7,https://www.cbo.gov/budget-options/60965,CBO_BUDGET_OPTION_ANNUAL
CBO_2024_increase_taxes_on_alcoholic_beverages__increase_rates,CBO_2024_increase_taxes_on_alcoholic_beverages,2027,,8.8,-8.8,https://www.cbo.gov/budget-options/60965,CBO_BUDGET_OPTION_ANNUAL
CBO_2024_increase_taxes_on_alcoholic_beverages__increase_rates,CBO_2024_increase_taxes_on_alcoholic_beverages,2028,,8.9,-8.9,https://www.cbo.gov/budget-options/60965,CBO_BUDGET_OPTION_ANNUAL
CBO_2024_increase_taxes_on_alcoholic_beverages__increase_rates,CBO_2024_increase_taxes_on_alcoholic_beverages,2029,,9,-9.0,https://www.cbo.gov/budget-options/60965,CBO_BUDGET_OPTION_ANNUAL
CBO_2024_increase_taxes_on_alcoholic_beverages__increase_rates,CBO_2024_increase_taxes_on_alcoholic_beverages,2030,,9.1,-9.1,https://www.cbo.gov/budget-options/60965,CBO_BUDGET_OPTION_ANNUAL
CBO_2024_increase_taxes_on_alcoholic_beverages__increase_rates,CBO_2024_increase_taxes_on_alcoholic_beverages,2031,,9.2,-9.2,https://www.cbo.gov/budget-options/60965,CBO_BUDGET_OPTION_ANNUAL
CBO_2024_increase_taxes_on_alcoholic_beverages__increase_rates,CBO_2024_increase_taxes_on_alcoholic_beverages,2032,,9.2,-9.2,https://www.cbo.gov/budget-options/60965,CBO_BUDGET_OPTION_ANNUAL
CBO_2024_increase_taxes_on_alcoholic_beverages__increase_rates,CBO_2024_increase_taxes_on_alcoholic_beverages,2033,,9.3,-9.3,https://www.cbo.gov/budget-options/60965,CBO_BUDGET_OPTION_ANNUAL
CBO_2024_increase_taxes_on_alcoholic_beverages__increase_rates,CBO_2024_increase_taxes_on_alcoholic_beverages,2034,,9.4,-9.4,https://www.cbo.gov/budget-options/60965,CBO_BUDGET_OPTION_ANNUAL
CBO_2024_increase_taxes_on_alcoholic_beverages__increase_rates_and_index_for_inflation,CBO_2024_increase_taxes_on_alcoholic_beverages,2025,,6.6,-6.6,https://www.cbo.gov/budget-options/60965,CBO_BUDGET_OPTION_ANNUAL
CBO_2024_increase_taxes_on_alcoholic_beverages__increase_rates_and_index_for_inflation,CBO_2024_increase_taxes_on_alcoholic_beverages,2026,,8.9,-8.9,https://www.cbo.gov/budget-options/60965,CBO_BUDGET_OPTION_ANNUAL
CBO_2024_increase_taxes_on_alcoholic_beverages__increase_rates_and_index_for_inflation,CBO_2024_increase_taxes_on_alcoholic_beverages,2027,,9.4,-9.4,https://www.cbo.gov/budget-options/60965,CBO_BUDGET_OPTION_ANNUAL
CBO_2024_increase_taxes_on_alcoholic_beverages__increase_rates_and_index_for_inflation,CBO_2024_increase_taxes_on_alcoholic_beverages,2028,,9.8,-9.8,https://www.cbo.gov/budget-options/60965,CBO_BUDGET_OPTION_ANNUAL
CBO_2024_increase_taxes_on_alcoholic_beverages__increase_rates_and_index_for_inflation,CBO_2024_increase_taxes_on_alcoholic_beverages,2029,,10.2,-10.2,https://www.cbo.gov/budget-options/60965,CBO_BUDGET_OPTION_ANNUAL
CBO_2024_increase_taxes_on_alcoholic_beverages__increase_rates_and_index_for_inflation,CBO_2024_increase_taxes_on_alcoholic_beverages,2030,,10.6,-10.6,https://www.cbo.gov/budget-options/60965,CBO_BUDGET_OPTION_ANNUAL
CBO_2024_increase_taxes_on_alcoholic_beverages__increase_rates_and_index_for_inflation,CBO_2024_increase_taxes_on_alcoholic_beverages,2031,,11,-11.0,https://www.cbo.gov/budget-options/60965,CBO_BUDGET_OPTION_ANNUAL
CBO_2024_increase_taxes_on_alcoholic_beverages__increase_rates_and_index_for_inflation,CBO_2024_increase_taxes_on_alcoholic_beverages,2032,,11.5,-11.5,https://www.cbo.gov/budget-options/60965,CBO_BUDGET_OPTION_ANNUAL
CBO_2024_increase_taxes_on_alcoholic_beverages__increase_rates_and_index_for_inflation,CBO_2024_increase_taxes_on_alcoholic_beverages,2033,,11.9,-11.9,https://www.cbo.gov/budget-options/60965,CBO_BUDGET_OPTION_ANNUAL
CBO_2024_increase_taxes_on_alcoholic_beverages__increase_rates_and_index_for_inflation,CBO_2024_increase_taxes_on_alcoholic_beverages,2034,,12.4,-12.4,https://www.cbo.gov/budget-options/60965,CBO_BUDGET_OPTION_ANNUAL
CBO_2024_impose_a_tax_on_financial_transactions__0_01_percent_financial_transaction_tax,CBO_2024_impose_a_tax_on_financial_transactions,2025,,,10.3,https://www.cbo.gov/budget-options/60966,CBO_BUDGET_OPTION_ANNUAL
CBO_2024_impose_a_tax_on_financial_transactions__0_01_percent_financial_transaction_tax,CBO_2024_impose_a_tax_on_financial_transactions,2026,,,-10.3,https://www.cbo.gov/budget-options/60966,CBO_BUDGET_OPTION_ANNUAL
CBO_2024_impose_a_tax_on_financial_transactions__0_01_percent_financial_transaction_tax,CBO_2024_impose_a_tax_on_financial_transactions,2027,,,-25.0,https://www.cbo.gov/budget-options/60966,CBO_BUDGET_OPTION_ANNUAL
CBO_2024_impose_a_tax_on_financial_transactions__0_01_percent_financial_transaction_tax,CBO_2024_impose_a_tax_on_financial_transactions,2028,,,-32.7,https://www.cbo.gov/budget-options/60966,CBO_BUDGET_OPTION_ANNUAL
CBO_2024_impose_a_tax_on_financial_transactions__0_01_percent_financial_transaction_tax,CBO_2024_impose_a_tax_on_financial_transactions,2029,,,-35.9,https://www.cbo.gov/budget-options/60966,CBO_BUDGET_OPTION_ANNUAL
CBO_2024_impose_a_tax_on_financial_transactions__0_01_percent_financial_transaction_tax,CBO_2024_impose_a_tax_on_financial_transactions,2030,,,-37.6,https://www.cbo.gov/budget-options/60966,CBO_BUDGET_OPTION_ANNUAL
CBO_2024_impose_a_tax_on_financial_transactions__0_01_percent_financial_transaction_tax,CBO_2024_impose_a_tax_on_financial_transactions,2031,,,-39.1,https://www.cbo.gov/budget-options/60966,CBO_BUDGET_OPTION_ANNUAL
CBO_2024_impose_a_tax_on_financial_transactions__0_01_percent_financial_transaction_tax,CBO_2024_impose_a_tax_on_financial_transactions,2032,,,-40.6,https://www.cbo.gov/budget-options/60966,CBO_BUDGET_OPTION_ANNUAL
CBO_2024_impose_a_tax_on_financial_transactions__0_01_percent_financial_transaction_tax,CBO_2024_impose_a_tax_on_financial_transactions,2033,,,-42.2,https://www.cbo.gov/budget-options/60966,CBO_BUDGET_OPTION_ANNUAL
CBO_2024_impose_a_tax_on_financial_transactions__0_01_percent_financial_transaction_tax,CBO_2024_impose_a_tax_on_financial_transactions,2034,,,-43.8,https://www.cbo.gov/budget-options/60966,CBO_BUDGET_OPTION_ANNUAL
CBO_2024_increase_certain_fees_charged_by_citizenship_and_immigration_services_and_customs_and_border_protection_by_20_percent__increase_both_sets_of_fees,CBO_2024_increase_certain_fees_charged_by_citizenship_and_immigration_services_and_customs_and_border_protection_by_20_percent,2025,,,0.0,https://www.cbo.gov/budget-options/60967,CBO_BUDGET_OPTION_ANNUAL
CBO_2024_increase_certain_fees_charged_by_citizenship_and_immigration_services_and_customs_and_border_protection_by_20_percent__increase_both_sets_of_fees,CBO_2024_increase_certain_fees_charged_by_citizenship_and_immigration_services_and_customs_and_border_protection_by_20_percent,2026,,,-1.0,https://www.cbo.gov/budget-options/60967,CBO_BUDGET_OPTION_ANNUAL
CBO_2024_increase_certain_fees_charged_by_citizenship_and_immigration_services_and_customs_and_border_protection_by_20_percent__increase_both_sets_of_fees,CBO_2024_increase_certain_fees_charged_by_citizenship_and_immigration_services_and_customs_and_border_protection_by_20_percent,2027,,,-1.9,https://www.cbo.gov/budget-options/60967,CBO_BUDGET_OPTION_ANNUAL
CBO_2024_increase_certain_fees_charged_by_citizenship_and_immigration_services_and_customs_and_border_protection_by_20_percent__increase_both_sets_of_fees,CBO_2024_increase_certain_fees_charged_by_citizenship_and_immigration_services_and_customs_and_border_protection_by_20_percent,2028,,,-2.1,https://www.cbo.gov/budget-options/60967,CBO_BUDGET_OPTION_ANNUAL
CBO_2024_increase_certain_fees_charged_by_citizenship_and_immigration_services_and_customs_and_border_protection_by_20_percent__increase_both_sets_of_fees,CBO_2024_increase_certain_fees_charged_by_citizenship_and_immigration_services_and_customs_and_border_protection_by_20_percent,2029,,,-2.1,https://www.cbo.gov/budget-options/60967,CBO_BUDGET_OPTION_ANNUAL
CBO_2024_increase_certain_fees_charged_by_citizenship_and_immigration_services_and_customs_and_border_protection_by_20_percent__increase_both_sets_of_fees,CBO_2024_increase_certain_fees_charged_by_citizenship_and_immigration_services_and_customs_and_border_protection_by_20_percent,2030,,,-2.1,https://www.cbo.gov/budget-options/60967,CBO_BUDGET_OPTION_ANNUAL
CBO_2024_increase_certain_fees_charged_by_citizenship_and_immigration_services_and_customs_and_border_protection_by_20_percent__increase_both_sets_of_fees,CBO_2024_increase_certain_fees_charged_by_citizenship_and_immigration_services_and_customs_and_border_protection_by_20_percent,2031,,,-2.1,https://www.cbo.gov/budget-options/60967,CBO_BUDGET_OPTION_ANNUAL
CBO_2024_increase_certain_fees_charged_by_citizenship_and_immigration_services_and_customs_and_border_protection_by_20_percent__increase_both_sets_of_fees,CBO_2024_increase_certain_fees_charged_by_citizenship_and_immigration_services_and_customs_and_border_protection_by_20_percent,2032,,,-1.4,https://www.cbo.gov/budget-options/60967,CBO_BUDGET_OPTION_ANNUAL
CBO_2024_increase_certain_fees_charged_by_citizenship_and_immigration_services_and_customs_and_border_protection_by_20_percent__increase_both_sets_of_fees,CBO_2024_increase_certain_fees_charged_by_citizenship_and_immigration_services_and_customs_and_border_protection_by_20_percent,2033,,,-1.4,https://www.cbo.gov/budget-options/60967,CBO_BUDGET_OPTION_ANNUAL
CBO_2024_increase_certain_fees_charged_by_citizenship_and_immigration_services_and_customs_and_border_protection_by_20_percent__increase_both_sets_of_fees,CBO_2024_increase_certain_fees_charged_by_citizenship_and_immigration_services_and_customs_and_border_protection_by_20_percent,2034,,,-1.4,https://www.cbo.gov/budget-options/60967,CBO_BUDGET_OPTION_ANNUAL
CBO_2024_increase_federal_civilian_employees_contributions_to_the_federal_employees_retirement_system__increase_contributions,CBO_2024_increase_federal_civilian_employees_contributions_to_the_federal_employees_retirement_system,2025,,1.3,-1.3,https://www.cbo.gov/budget-options/60968,CBO_BUDGET_OPTION_ANNUAL
CBO_2024_increase_federal_civilian_employees_contributions_to_the_federal_employees_retirement_system__increase_contributions,CBO_2024_increase_federal_civilian_employees_contributions_to_the_federal_employees_retirement_system,2026,,2.6,-2.6,https://www.cbo.gov/budget-options/60968,CBO_BUDGET_OPTION_ANNUAL
CBO_2024_increase_federal_civilian_employees_contributions_to_the_federal_employees_retirement_system__increase_contributions,CBO_2024_increase_federal_civilian_employees_contributions_to_the_federal_employees_retirement_system,2027,,3.9,-3.9,https://www.cbo.gov/budget-options/60968,CBO_BUDGET_OPTION_ANNUAL
CBO_2024_increase_federal_civilian_employees_contributions_to_the_federal_employees_retirement_system__increase_contributions,CBO_2024_increase_federal_civilian_employees_contributions_to_the_federal_employees_retirement_system,2028,,5,-5.0,https://www.cbo.gov/budget-options/60968,CBO_BUDGET_OPTION_ANNUAL
CBO_2024_increase_federal_civilian_employees_contributions_to_the_federal_employees_retirement_system__increase_contributions,CBO_2024_increase_federal_civilian_employees_contributions_to_the_federal_employees_retirement_system,2029,,4.9,-4.9,https://www.cbo.gov/budget-options/60968,CBO_BUDGET_OPTION_ANNUAL
CBO_2024_increase_federal_civilian_employees_contributions_to_the_federal_employees_retirement_system__increase_contributions,CBO_2024_increase_federal_civilian_employees_contributions_to_the_federal_employees_retirement_system,2030,,4.7,-4.7,https://www.cbo.gov/budget-options/60968,CBO_BUDGET_OPTION_ANNUAL
CBO_2024_increase_federal_civilian_employees_contributions_to_the_federal_employees_retirement_system__increase_contributions,CBO_2024_increase_federal_civilian_employees_contributions_to_the_federal_employees_retirement_system,2031,,4.6,-4.6,https://www.cbo.gov/budget-options/60968,CBO_BUDGET_OPTION_ANNUAL
CBO_2024_increase_federal_civilian_employees_contributions_to_the_federal_employees_retirement_system__increase_contributions,CBO_2024_increase_federal_civilian_employees_contributions_to_the_federal_employees_retirement_system,2032,,4.4,-4.4,https://www.cbo.gov/budget-options/60968,CBO_BUDGET_OPTION_ANNUAL
CBO_2024_increase_federal_civilian_employees_contributions_to_the_federal_employees_retirement_system__increase_contributions,CBO_2024_increase_federal_civilian_employees_contributions_to_the_federal_employees_retirement_system,2033,,4.2,-4.2,https://www.cbo.gov/budget-options/60968,CBO_BUDGET_OPTION_ANNUAL
CBO_2024_increase_federal_civilian_employees_contributions_to_the_federal_employees_retirement_system__increase_contributions,CBO_2024_increase_federal_civilian_employees_contributions_to_the_federal_employees_retirement_system,2034,,4,-4.0,https://www.cbo.gov/budget-options/60968,CBO_BUDGET_OPTION_ANNUAL
CBO_2022_reduce_spending_on_other_mandatory_programs__reduce_specified_other_mandatory_spending,CBO_2022_reduce_spending_on_other_mandatory_programs,2023,-1,,-1.0,https://www.cbo.gov/budget-options/58631,CBO_BUDGET_OPTION_ANNUAL
CBO_2022_reduce_spending_on_other_mandatory_programs__reduce_specified_other_mandatory_spending,CBO_2022_reduce_spending_on_other_mandatory_programs,2024,-49,,-49.0,https://www.cbo.gov/budget-options/58631,CBO_BUDGET_OPTION_ANNUAL
CBO_2022_reduce_spending_on_other_mandatory_programs__reduce_specified_other_mandatory_spending,CBO_2022_reduce_spending_on_other_mandatory_programs,2025,-60,,-60.0,https://www.cbo.gov/budget-options/58631,CBO_BUDGET_OPTION_ANNUAL
CBO_2022_reduce_spending_on_other_mandatory_programs__reduce_specified_other_mandatory_spending,CBO_2022_reduce_spending_on_other_mandatory_programs,2026,-62,,-62.0,https://www.cbo.gov/budget-options/58631,CBO_BUDGET_OPTION_ANNUAL
CBO_2022_reduce_spending_on_other_mandatory_programs__reduce_specified_other_mandatory_spending,CBO_2022_reduce_spending_on_other_mandatory_programs,2027,-64,,-64.0,https://www.cbo.gov/budget-options/58631,CBO_BUDGET_OPTION_ANNUAL
CBO_2022_reduce_spending_on_other_mandatory_programs__reduce_specified_other_mandatory_spending,CBO_2022_reduce_spending_on_other_mandatory_programs,2028,-69,,-69.0,https://www.cbo.gov/budget-options/58631,CBO_BUDGET_OPTION_ANNUAL
CBO_2022_reduce_spending_on_other_mandatory_programs__reduce_specified_other_mandatory_spending,CBO_2022_reduce_spending_on_other_mandatory_programs,2029,-64,,-64.0,https://www.cbo.gov/budget-options/58631,CBO_BUDGET_OPTION_ANNUAL
CBO_2022_reduce_spending_on_other_mandatory_programs__reduce_specified_other_mandatory_spending,CBO_2022_reduce_spending_on_other_mandatory_programs,2030,-69,,-69.0,https://www.cbo.gov/budget-options/58631,CBO_BUDGET_OPTION_ANNUAL
CBO_2022_reduce_spending_on_other_mandatory_programs__reduce_specified_other_mandatory_spending,CBO_2022_reduce_spending_on_other_mandatory_programs,2031,-71,,-71.0,https://www.cbo.gov/budget-options/58631,CBO_BUDGET_OPTION_ANNUAL
CBO_2022_reduce_spending_on_other_mandatory_programs__reduce_specified_other_mandatory_spending,CBO_2022_reduce_spending_on_other_mandatory_programs,2032,-73,,-73.0,https://www.cbo.gov/budget-options/58631,CBO_BUDGET_OPTION_ANNUAL
CBO_2022_eliminate_title_i_agriculture_programs__eliminate_programs,CBO_2022_eliminate_title_i_agriculture_programs,2023,0,,0.0,https://www.cbo.gov/budget-options/58639,CBO_BUDGET_OPTION_ANNUAL
CBO_2022_eliminate_title_i_agriculture_programs__eliminate_programs,CBO_2022_eliminate_title_i_agriculture_programs,2024,-1.4,,-1.4,https://www.cbo.gov/budget-options/58639,CBO_BUDGET_OPTION_ANNUAL
CBO_2022_eliminate_title_i_agriculture_programs__eliminate_programs,CBO_2022_eliminate_title_i_agriculture_programs,2025,-1.2,,-1.2,https://www.cbo.gov/budget-options/58639,CBO_BUDGET_OPTION_ANNUAL
CBO_2022_eliminate_title_i_agriculture_programs__eliminate_programs,CBO_2022_eliminate_title_i_agriculture_programs,2026,-6,,-6.0,https://www.cbo.gov/budget-options/58639,CBO_BUDGET_OPTION_ANNUAL
CBO_2022_eliminate_title_i_agriculture_programs__eliminate_programs,CBO_2022_eliminate_title_i_agriculture_programs,2027,-7.7,,-7.7,https://www.cbo.gov/budget-options/58639,CBO_BUDGET_OPTION_ANNUAL
CBO_2022_eliminate_title_i_agriculture_programs__eliminate_programs,CBO_2022_eliminate_title_i_agriculture_programs,2028,-8.4,,-8.4,https://www.cbo.gov/budget-options/58639,CBO_BUDGET_OPTION_ANNUAL
CBO_2022_eliminate_title_i_agriculture_programs__eliminate_programs,CBO_2022_eliminate_title_i_agriculture_programs,2029,-7.5,,-7.5,https://www.cbo.gov/budget-options/58639,CBO_BUDGET_OPTION_ANNUAL
CBO_2022_eliminate_title_i_agriculture_programs__eliminate_programs,CBO_2022_eliminate_title_i_agriculture_programs,2030,-6,,-6.0,https://www.cbo.gov/budget-options/58639,CBO_BUDGET_OPTION_ANNUAL
CBO_2022_eliminate_title_i_agriculture_programs__eliminate_programs,CBO_2022_eliminate_title_i_agriculture_programs,2031,-5.5,,-5.5,https://www.cbo.gov/budget-options/58639,CBO_BUDGET_OPTION_ANNUAL
CBO_2022_eliminate_title_i_agriculture_programs__eliminate_programs,CBO_2022_eliminate_title_i_agriculture_programs,2032,-5.6,,-5.6,https://www.cbo.gov/budget-options/58639,CBO_BUDGET_OPTION_ANNUAL
CBO_2022_limit_arc_and_plc_payment_acres_to_30_percent_of_base_acres__limit_payment_acres,CBO_2022_limit_arc_and_plc_payment_acres_to_30_percent_of_base_acres,2023,0,,0.0,https://www.cbo.gov/budget-options/58641,CBO_BUDGET_OPTION_ANNUAL
CBO_2022_limit_arc_and_plc_payment_acres_to_30_percent_of_base_acres__limit_payment_acres,CBO_2022_limit_arc_and_plc_payment_acres_to_30_percent_of_base_acres,2024,0,,0.0,https://www.cbo.gov/budget-options/58641,CBO_BUDGET_OPTION_ANNUAL
CBO_2022_limit_arc_and_plc_payment_acres_to_30_percent_of_base_acres__limit_payment_acres,CBO_2022_limit_arc_and_plc_payment_acres_to_30_percent_of_base_acres,2025,0,,0.0,https://www.cbo.gov/budget-options/58641,CBO_BUDGET_OPTION_ANNUAL
CBO_2022_limit_arc_and_plc_payment_acres_to_30_percent_of_base_acres__limit_payment_acres,CBO_2022_limit_arc_and_plc_payment_acres_to_30_percent_of_base_acres,2026,-3.1,,-3.1,https://www.cbo.gov/budget-options/58641,CBO_BUDGET_OPTION_ANNUAL
CBO_2022_limit_arc_and_plc_payment_acres_to_30_percent_of_base_acres__limit_payment_acres,CBO_2022_limit_arc_and_plc_payment_acres_to_30_percent_of_base_acres,2027,-4.2,,-4.2,https://www.cbo.gov/budget-options/58641,CBO_BUDGET_OPTION_ANNUAL
CBO_2022_limit_arc_and_plc_payment_acres_to_30_percent_of_base_acres__limit_payment_acres,CBO_2022_limit_arc_and_plc_payment_acres_to_30_percent_of_base_acres,2028,-4.5,,-4.5,https://www.cbo.gov/budget-options/58641,CBO_BUDGET_OPTION_ANNUAL
CBO_2022_limit_arc_and_plc_payment_acres_to_30_percent_of_base_acres__limit_payment_acres,CBO_2022_limit_arc_and_plc_payment_acres_to_30_percent_of_base_acres,2029,-4,,-4.0,https://www.cbo.gov/budget-options/58641,CBO_BUDGET_OPTION_ANNUAL
CBO_2022_limit_arc_and_plc_payment_acres_to_30_percent_of_base_acres__limit_payment_acres,CBO_2022_limit_arc_and_plc_payment_acres_to_30_percent_of_base_acres,2030,-3,,-3.0,https://www.cbo.gov/budget-options/58641,CBO_BUDGET_OPTION_ANNUAL
CBO_2022_limit_arc_and_plc_payment_acres_to_30_percent_of_base_acres__limit_payment_acres,CBO_2022_limit_arc_and_plc_payment_acres_to_30_percent_of_base_acres,2031,-2.7,,-2.7,https://www.cbo.gov/budget-options/58641,CBO_BUDGET_OPTION_ANNUAL
CBO_2022_limit_arc_and_plc_payment_acres_to_30_percent_of_base_acres__limit_payment_acres,CBO_2022_limit_arc_and_plc_payment_acres_to_30_percent_of_base_acres,2032,-2.8,,-2.8,https://www.cbo.gov/budget-options/58641,CBO_BUDGET_OPTION_ANNUAL
CBO_2022_reduce_the_size_of_the_nuclear_triad__10_submarines_and_300_icbms,CBO_2022_reduce_the_size_of_the_nuclear_triad,2023,0,,0.0,https://www.cbo.gov/budget-options/58660,CBO_BUDGET_OPTION_ANNUAL
CBO_2022_reduce_the_size_of_the_nuclear_triad__10_submarines_and_300_icbms,CBO_2022_reduce_the_size_of_the_nuclear_triad,2024,-0.2,,-0.2,https://www.cbo.gov/budget-options/58660,CBO_BUDGET_OPTION_ANNUAL
CBO_2022_reduce_the_size_of_the_nuclear_triad__10_submarines_and_300_icbms,CBO_2022_reduce_the_size_of_the_nuclear_triad,2025,-0.9,,-0.9,https://www.cbo.gov/budget-options/58660,CBO_BUDGET_OPTION_ANNUAL
CBO_2022_reduce_the_size_of_the_nuclear_triad__10_submarines_and_300_icbms,CBO_2022_reduce_the_size_of_the_nuclear_triad,2026,-1.4,,-1.4,https://www.cbo.gov/budget-options/58660,CBO_BUDGET_OPTION_ANNUAL
CBO_2022_reduce_the_size_of_the_nuclear_triad__10_submarines_and_300_icbms,CBO_2022_reduce_the_size_of_the_nuclear_triad,2027,-2.2,,-2.2,https://www.cbo.gov/budget-options/58660,CBO_BUDGET_OPTION_ANNUAL
CBO_2022_reduce_the_size_of_the_nuclear_triad__10_submarines_and_300_icbms,CBO_2022_reduce_the_size_of_the_nuclear_triad,2028,-2.1,,-2.1,https://www.cbo.gov/budget-options/58660,CBO_BUDGET_OPTION_ANNUAL
CBO_2022_reduce_the_size_of_the_nuclear_triad__10_submarines_and_300_icbms,CBO_2022_reduce_the_size_of_the_nuclear_triad,2029,-1.8,,-1.8,https://www.cbo.gov/budget-options/58660,CBO_BUDGET_OPTION_ANNUAL
CBO_2022_reduce_the_size_of_the_nuclear_triad__10_submarines_and_300_icbms,CBO_2022_reduce_the_size_of_the_nuclear_triad,2030,-1.3,,-1.3,https://www.cbo.gov/budget-options/58660,CBO_BUDGET_OPTION_ANNUAL
CBO_2022_reduce_the_size_of_the_nuclear_triad__10_submarines_and_300_icbms,CBO_2022_reduce_the_size_of_the_nuclear_triad,2031,-1.1,,-1.1,https://www.cbo.gov/budget-options/58660,CBO_BUDGET_OPTION_ANNUAL
CBO_2022_reduce_the_size_of_the_nuclear_triad__10_submarines_and_300_icbms,CBO_2022_reduce_the_size_of_the_nuclear_triad,2032,-1,,-1.0,https://www.cbo.gov/budget-options/58660,CBO_BUDGET_OPTION_ANNUAL
CBO_2022_reduce_the_size_of_the_nuclear_triad__8_submarines_and_150_icbms,CBO_2022_reduce_the_size_of_the_nuclear_triad,2023,0,,0.0,https://www.cbo.gov/budget-options/58660,CBO_BUDGET_OPTION_ANNUAL
CBO_2022_reduce_the_size_of_the_nuclear_triad__8_submarines_and_150_icbms,CBO_2022_reduce_the_size_of_the_nuclear_triad,2024,-0.2,,-0.2,https://www.cbo.gov/budget-options/58660,CBO_BUDGET_OPTION_ANNUAL
CBO_2022_reduce_the_size_of_the_nuclear_triad__8_submarines_and_150_icbms,CBO_2022_reduce_the_size_of_the_nuclear_triad,2025,-1,,-1.0,https://www.cbo.gov/budget-options/58660,CBO_BUDGET_OPTION_ANNUAL
CBO_2022_reduce_the_size_of_the_nuclear_triad__8_submarines_and_150_icbms,CBO_2022_reduce_the_size_of_the_nuclear_triad,2026,-1.5,,-1.5,https://www.cbo.gov/budget-options/58660,CBO_BUDGET_OPTION_ANNUAL
CBO_2022_reduce_the_size_of_the_nuclear_triad__8_submarines_and_150_icbms,CBO_2022_reduce_the_size_of_the_nuclear_triad,2027,-2.5,,-2.5,https://www.cbo.gov/budget-options/58660,CBO_BUDGET_OPTION_ANNUAL
CBO_2022_reduce_the_size_of_the_nuclear_triad__8_submarines_and_150_icbms,CBO_2022_reduce_the_size_of_the_nuclear_triad,2028,-2.5,,-2.5,https://www.cbo.gov/budget-options/58660,CBO_BUDGET_OPTION_ANNUAL
CBO_2022_reduce_the_size_of_the_nuclear_triad__8_submarines_and_150_icbms,CBO_2022_reduce_the_size_of_the_nuclear_triad,2029,-2.3,,-2.3,https://www.cbo.gov/budget-options/58660,CBO_BUDGET_OPTION_ANNUAL
CBO_2022_reduce_the_size_of_the_nuclear_triad__8_submarines_and_150_icbms,CBO_2022_reduce_the_size_of_the_nuclear_triad,2030,-2,,-2.0,https://www.cbo.gov/budget-options/58660,CBO_BUDGET_OPTION_ANNUAL
CBO_2022_reduce_the_size_of_the_nuclear_triad__8_submarines_and_150_icbms,CBO_2022_reduce_the_size_of_the_nuclear_triad,2031,-2.2,,-2.2,https://www.cbo.gov/budget-options/58660,CBO_BUDGET_OPTION_ANNUAL
CBO_2022_reduce_the_size_of_the_nuclear_triad__8_submarines_and_150_icbms,CBO_2022_reduce_the_size_of_the_nuclear_triad,2032,-3.3,,-3.3,https://www.cbo.gov/budget-options/58660,CBO_BUDGET_OPTION_ANNUAL
CBO_2022_cancel_the_army_s_future_vertical_lift_aircraft__cancel_fvl,CBO_2022_cancel_the_army_s_future_vertical_lift_aircraft,2023,0,,0.0,https://www.cbo.gov/budget-options/58662,CBO_BUDGET_OPTION_ANNUAL
CBO_2022_cancel_the_army_s_future_vertical_lift_aircraft__cancel_fvl,CBO_2022_cancel_the_army_s_future_vertical_lift_aircraft,2024,-0.4,,-0.4,https://www.cbo.gov/budget-options/58662,CBO_BUDGET_OPTION_ANNUAL
CBO_2022_cancel_the_army_s_future_vertical_lift_aircraft__cancel_fvl,CBO_2022_cancel_the_army_s_future_vertical_lift_aircraft,2025,-1,,-1.0,https://www.cbo.gov/budget-options/58662,CBO_BUDGET_OPTION_ANNUAL
CBO_2022_cancel_the_army_s_future_vertical_lift_aircraft__cancel_fvl,CBO_2022_cancel_the_army_s_future_vertical_lift_aircraft,2026,-1.2,,-1.2,https://www.cbo.gov/budget-options/58662,CBO_BUDGET_OPTION_ANNUAL
CBO_2022_cancel_the_army_s_future_vertical_lift_aircraft__cancel_fvl,CBO_2022_cancel_the_army_s_future_vertical_lift_aircraft,2027,-1.5,,-1.5,https://www.cbo.gov/budget-options/58662,CBO_BUDGET_OPTION_ANNUAL
CBO_2022_cancel_the_army_s_future_vertical_lift_aircraft__cancel_fvl,CBO_2022_cancel_the_army_s_future_vertical_lift_aircraft,2028,-1.8,,-1.8,https://www.cbo.gov/budget-options/58662,CBO_BUDGET_OPTION_ANNUAL
CBO_2022_cancel_the_army_s_future_vertical_lift_aircraft__cancel_fvl,CBO_2022_cancel_the_army_s_future_vertical_lift_aircraft,2029,-2,,-2.0,https://www.cbo.gov/budget-options/58662,CBO_BUDGET_OPTION_ANNUAL
CBO_2022_cancel_the_army_s_future_vertical_lift_aircraft__cancel_fvl,CBO_2022_cancel_the_army_s_future_vertical_lift_aircraft,2030,-2.2,,-2.2,https://www.cbo.gov/budget-options/58662,CBO_BUDGET_OPTION_ANNUAL
CBO_2022_cancel_the_army_s_future_vertical_lift_aircraft__cancel_fvl,CBO_2022_cancel_the_army_s_future_vertical_lift_aircraft,2031,-2.3,,-2.3,https://www.cbo.gov/budget-options/58662,CBO_BUDGET_OPTION_ANNUAL
CBO_2022_cancel_the_army_s_future_vertical_lift_aircraft__cancel_fvl,CBO_2022_cancel_the_army_s_future_vertical_lift_aircraft,2032,-2.5,,-2.5,https://www.cbo.gov/budget-options/58662,CBO_BUDGET_OPTION_ANNUAL
CBO_2022_change_the_tax_treatment_of_capital_gains_from_sales_of_inherited_assets__tax_capital_gains_from_inherited_assets,CBO_2022_change_the_tax_treatment_of_capital_gains_from_sales_of_inherited_assets,2023,,2,-2.0,https://www.cbo.gov/budget-options/58691,CBO_BUDGET_OPTION_ANNUAL
CBO_2022_change_the_tax_treatment_of_capital_gains_from_sales_of_inherited_assets__tax_capital_gains_from_inherited_assets,CBO_2022_change_the_tax_treatment_of_capital_gains_from_sales_of_inherited_assets,2024,,7.2,-7.2,https://www.cbo.gov/budget-options/58691,CBO_BUDGET_OPTION_ANNUAL
CBO_2022_change_the_tax_treatment_of_capital_gains_from_sales_of_inherited_assets__tax_capital_gains_from_inherited_assets,CBO_2022_change_the_tax_treatment_of_capital_gains_from_sales_of_inherited_assets,2025,,10.2,-10.2,https://www.cbo.gov/budget-options/58691,CBO_BUDGET_OPTION_ANNUAL
CBO_2022_change_the_tax_treatment_of_capital_gains_from_sales_of_inherited_assets__tax_capital_gains_from_inherited_assets,CBO_2022_change_the_tax_treatment_of_capital_gains_from_sales_of_inherited_assets,2026,,12.8,-12.8,https://www.cbo.gov/budget-options/58691,CBO_BUDGET_OPTION_ANNUAL
CBO_2022_change_the_tax_treatment_of_capital_gains_from_sales_of_inherited_assets__tax_capital_gains_from_inherited_assets,CBO_2022_change_the_tax_treatment_of_capital_gains_from_sales_of_inherited_assets,2027,,15.1,-15.1,https://www.cbo.gov/budget-options/58691,CBO_BUDGET_OPTION_ANNUAL
CBO_2022_change_the_tax_treatment_of_capital_gains_from_sales_of_inherited_assets__tax_capital_gains_from_inherited_assets,CBO_2022_change_the_tax_treatment_of_capital_gains_from_sales_of_inherited_assets,2028,,17.3,-17.3,https://www.cbo.gov/budget-options/58691,CBO_BUDGET_OPTION_ANNUAL
CBO_2022_change_the_tax_treatment_of_capital_gains_from_sales_of_inherited_assets__tax_capital_gains_from_inherited_assets,CBO_2022_change_the_tax_treatment_of_capital_gains_from_sales_of_inherited_assets,2029,,19.5,-19.5,https://www.cbo.gov/budget-options/58691,CBO_BUDGET_OPTION_ANNUAL
CBO_2022_change_the_tax_treatment_of_capital_gains_from_sales_of_inherited_assets__tax_capital_gains_from_inherited_assets,CBO_2022_change_the_tax_treatment_of_capital_gains_from_sales_of_inherited_assets,2030,,21.7,-21.7,https://www.cbo.gov/budget-options/58691,CBO_BUDGET_OPTION_ANNUAL
CBO_2022_change_the_tax_treatment_of_capital_gains_from_sales_of_inherited_assets__tax_capital_gains_from_inherited_assets,CBO_2022_change_the_tax_treatment_of_capital_gains_from_sales_of_inherited_assets,2031,,24.1,-24.1,https://www.cbo.gov/budget-options/58691,CBO_BUDGET_OPTION_ANNUAL
CBO_2022_change_the_tax_treatment_of_capital_gains_from_sales_of_inherited_assets__tax_capital_gains_from_inherited_assets,CBO_2022_change_the_tax_treatment_of_capital_gains_from_sales_of_inherited_assets,2032,,26.6,-26.6,https://www.cbo.gov/budget-options/58691,CBO_BUDGET_OPTION_ANNUAL
CBO_2020_eliminate_supplemental_security_income_benefits_for_disabled_children__eliminate_benefits,CBO_2020_eliminate_supplemental_security_income_benefits_for_disabled_children,2021,0,,0.0,https://www.cbo.gov/budget-options/56836,CBO_BUDGET_OPTION_ANNUAL
CBO_2020_eliminate_supplemental_security_income_benefits_for_disabled_children__eliminate_benefits,CBO_2020_eliminate_supplemental_security_income_benefits_for_disabled_children,2022,-12,,-12.0,https://www.cbo.gov/budget-options/56836,CBO_BUDGET_OPTION_ANNUAL
CBO_2020_eliminate_supplemental_security_income_benefits_for_disabled_children__eliminate_benefits,CBO_2020_eliminate_supplemental_security_income_benefits_for_disabled_children,2023,-11,,-11.0,https://www.cbo.gov/budget-options/56836,CBO_BUDGET_OPTION_ANNUAL
CBO_2020_eliminate_supplemental_security_income_benefits_for_disabled_children__eliminate_benefits,CBO_2020_eliminate_supplemental_security_income_benefits_for_disabled_children,2024,-11,,-11.0,https://www.cbo.gov/budget-options/56836,CBO_BUDGET_OPTION_ANNUAL
CBO_2020_eliminate_supplemental_security_income_benefits_for_disabled_children__eliminate_benefits,CBO_2020_eliminate_supplemental_security_income_benefits_for_disabled_children,2025,-12,,-12.0,https://www.cbo.gov/budget-options/56836,CBO_BUDGET_OPTION_ANNUAL
CBO_2020_eliminate_supplemental_security_income_benefits_for_disabled_children__eliminate_benefits,CBO_2020_eliminate_supplemental_security_income_benefits_for_disabled_children,2026,-13,,-13.0,https://www.cbo.gov/budget-options/56836,CBO_BUDGET_OPTION_ANNUAL
CBO_2020_eliminate_supplemental_security_income_benefits_for_disabled_children__eliminate_benefits,CBO_2020_eliminate_supplemental_security_income_benefits_for_disabled_children,2027,-13,,-13.0,https://www.cbo.gov/budget-options/56836,CBO_BUDGET_OPTION_ANNUAL
CBO_2020_eliminate_supplemental_security_income_benefits_for_disabled_children__eliminate_benefits,CBO_2020_eliminate_supplemental_security_income_benefits_for_disabled_children,2028,-14,,-14.0,https://www.cbo.gov/budget-options/56836,CBO_BUDGET_OPTION_ANNUAL
CBO_2020_eliminate_supplemental_security_income_benefits_for_disabled_children__eliminate_benefits,CBO_2020_eliminate_supplemental_security_income_benefits_for_disabled_children,2029,-12,,-12.0,https://www.cbo.gov/budget-options/56836,CBO_BUDGET_OPTION_ANNUAL
CBO_2020_eliminate_supplemental_security_income_benefits_for_disabled_children__eliminate_benefits,CBO_2020_eliminate_supplemental_security_income_benefits_for_disabled_children,2030,-14,,-14.0,https://www.cbo.gov/budget-options/56836,CBO_BUDGET_OPTION_ANNUAL
CBO_2020_link_initial_social_security_benefits_to_average_prices_instead_of_average_earnings__pure_price_indexing,CBO_2020_link_initial_social_security_benefits_to_average_prices_instead_of_average_earnings,2021,0,,0.0,https://www.cbo.gov/budget-options/56837,CBO_BUDGET_OPTION_ANNUAL
CBO_2020_link_initial_social_security_benefits_to_average_prices_instead_of_average_earnings__pure_price_indexing,CBO_2020_link_initial_social_security_benefits_to_average_prices_instead_of_average_earnings,2022,0,,0.0,https://www.cbo.gov/budget-options/56837,CBO_BUDGET_OPTION_ANNUAL
CBO_2020_link_initial_social_security_benefits_to_average_prices_instead_of_average_earnings__pure_price_indexing,CBO_2020_link_initial_social_security_benefits_to_average_prices_instead_of_average_earnings,2023,0,,0.0,https://www.cbo.gov/budget-options/56837,CBO_BUDGET_OPTION_ANNUAL
CBO_2020_link_initial_social_security_benefits_to_average_prices_instead_of_average_earnings__pure_price_indexing,CBO_2020_link_initial_social_security_benefits_to_average_prices_instead_of_average_earnings,2024,-2,,-2.0,https://www.cbo.gov/budget-options/56837,CBO_BUDGET_OPTION_ANNUAL
CBO_2020_link_initial_social_security_benefits_to_average_prices_instead_of_average_earnings__pure_price_indexing,CBO_2020_link_initial_social_security_benefits_to_average_prices_instead_of_average_earnings,2025,-5,,-5.0,https://www.cbo.gov/budget-options/56837,CBO_BUDGET_OPTION_ANNUAL
CBO_2020_link_initial_social_security_benefits_to_average_prices_instead_of_average_earnings__pure_price_indexing,CBO_2020_link_initial_social_security_benefits_to_average_prices_instead_of_average_earnings,2026,-8,,-8.0,https://www.cbo.gov/budget-options/56837,CBO_BUDGET_OPTION_ANNUAL
CBO_2020_link_initial_social_security_benefits_to_average_prices_instead_of_average_earnings__pure_price_indexing,CBO_2020_link_initial_social_security_benefits_to_average_prices_instead_of_average_earnings,2027,-13,,-13.0,https://www.cbo.gov/budget-options/56837,CBO_BUDGET_OPTION_ANNUAL
CBO_2020_link_initial_social_security_benefits_to_average_prices_instead_of_average_earnings__pure_price_indexing,CBO_2020_link_initial_social_security_benefits_to_average_prices_instead_of_average_earnings,2028,-19,,-19.0,https://www.cbo.gov/budget-options/56837,CBO_BUDGET_OPTION_ANNUAL
CBO_2020_link_initial_social_security_benefits_to_average_prices_instead_of_average_earnings__pure_price_indexing,CBO_2020_link_initial_social_security_benefits_to_average_prices_instead_of_average_earnings,2029,-27,,-27.0,https://www.cbo.gov/budget-options/56837,CBO_BUDGET_OPTION_ANNUAL
CBO_2020_link_initial_social_security_benefits_to_average_prices_instead_of_average_earnings__pure_price_indexing,CBO_2020_link_initial_social_security_benefits_to_average_prices_instead_of_average_earnings,2030,-36,,-36.0,https://www.cbo.gov/budget-options/56837,CBO_BUDGET_OPTION_ANNUAL
CBO_2020_link_initial_social_security_benefits_to_average_prices_instead_of_average_earnings__progressive_price_indexing,CBO_2020_link_initial_social_security_benefits_to_average_prices_instead_of_average_earnings,2021,0,,0.0,https://www.cbo.gov/budget-options/56837,CBO_BUDGET_OPTION_ANNUAL
CBO_2020_link_initial_social_security_benefits_to_average_prices_instead_of_average_earnings__progressive_price_indexing,CBO_2020_link_initial_social_security_benefits_to_average_prices_instead_of_average_earnings,2022,0,,0.0,https://www.cbo.gov/budget-options/56837,CBO_BUDGET_OPTION_ANNUAL
CBO_2020_link_initial_social_security_benefits_to_average_prices_instead_of_average_earnings__progressive_price_indexing,CBO_2020_link_initial_social_security_benefits_to_average_prices_instead_of_average_earnings,2023,0,,0.0,https://www.cbo.gov/budget-options/56837,CBO_BUDGET_OPTION_ANNUAL
CBO_2020_link_initial_social_security_benefits_to_average_prices_instead_of_average_earnings__progressive_price_indexing,CBO_2020_link_initial_social_security_benefits_to_average_prices_instead_of_average_earnings,2024,-1,,-1.0,https://www.cbo.gov/budget-options/56837,CBO_BUDGET_OPTION_ANNUAL
CBO_2020_link_initial_social_security_benefits_to_average_prices_instead_of_average_earnings__progressive_price_indexing,CBO_2020_link_initial_social_security_benefits_to_average_prices_instead_of_average_earnings,2025,-3,,-3.0,https://www.cbo.gov/budget-options/56837,CBO_BUDGET_OPTION_ANNUAL
CBO_2020_link_initial_social_security_benefits_to_average_prices_instead_of_average_earnings__progressive_price_indexing,CBO_2020_link_initial_social_security_benefits_to_average_prices_instead_of_average_earnings,2026,-5,,-5.0,https://www.cbo.gov/budget-options/56837,CBO_BUDGET_OPTION_ANNUAL
CBO_2020_link_initial_social_security_benefits_to_average_prices_instead_of_average_earnings__progressive_price_indexing,CBO_2020_link_initial_social_security_benefits_to_average_prices_instead_of_average_earnings,2027,-8,,-8.0,https://www.cbo.gov/budget-options/56837,CBO_BUDGET_OPTION_ANNUAL
CBO_2020_link_initial_social_security_benefits_to_average_prices_instead_of_average_earnings__progressive_price_indexing,CBO_2020_link_initial_social_security_benefits_to_average_prices_instead_of_average_earnings,2028,-12,,-12.0,https://www.cbo.gov/budget-options/56837,CBO_BUDGET_OPTION_ANNUAL
CBO_2020_link_initial_social_security_benefits_to_average_prices_instead_of_average_earnings__progressive_price_indexing,CBO_2020_link_initial_social_security_benefits_to_average_prices_instead_of_average_earnings,2029,-17,,-17.0,https://www.cbo.gov/budget-options/56837,CBO_BUDGET_OPTION_ANNUAL
CBO_2020_link_initial_social_security_benefits_to_average_prices_instead_of_average_earnings__progressive_price_indexing,CBO_2020_link_initial_social_security_benefits_to_average_prices_instead_of_average_earnings,2030,-23,,-23.0,https://www.cbo.gov/budget-options/56837,CBO_BUDGET_OPTION_ANNUAL
CBO_2020_make_social_security_s_benefit_structure_more_progressive__90_32_5_factors,CBO_2020_make_social_security_s_benefit_structure_more_progressive,2021,0,,0.0,https://www.cbo.gov/budget-options/56838,CBO_BUDGET_OPTION_ANNUAL
CBO_2020_make_social_security_s_benefit_structure_more_progressive__90_32_5_factors,CBO_2020_make_social_security_s_benefit_structure_more_progressive,2022,0,,0.0,https://www.cbo.gov/budget-options/56838,CBO_BUDGET_OPTION_ANNUAL
CBO_2020_make_social_security_s_benefit_structure_more_progressive__90_32_5_factors,CBO_2020_make_social_security_s_benefit_structure_more_progressive,2023,0,,0.0,https://www.cbo.gov/budget-options/56838,CBO_BUDGET_OPTION_ANNUAL
CBO_2020_make_social_security_s_benefit_structure_more_progressive__90_32_5_factors,CBO_2020_make_social_security_s_benefit_structure_more_progressive,2024,-0.1,,-0.1,https://www.cbo.gov/budget-options/56838,CBO_BUDGET_OPTION_ANNUAL
CBO_2020_make_social_security_s_benefit_structure_more_progressive__90_32_5_factors,CBO_2020_make_social_security_s_benefit_structure_more_progressive,2025,-0.3,,-0.3,https://www.cbo.gov/budget-options/56838,CBO_BUDGET_OPTION_ANNUAL
CBO_2020_make_social_security_s_benefit_structure_more_progressive__90_32_5_factors,CBO_2020_make_social_security_s_benefit_structure_more_progressive,2026,-0.6,,-0.6,https://www.cbo.gov/budget-options/56838,CBO_BUDGET_OPTION_ANNUAL
CBO_2020_make_social_security_s_benefit_structure_more_progressive__90_32_5_factors,CBO_2020_make_social_security_s_benefit_structure_more_progressive,2027,-0.9,,-0.9,https://www.cbo.gov/budget-options/56838,CBO_BUDGET_OPTION_ANNUAL
CBO_2020_make_social_security_s_benefit_structure_more_progressive__90_32_5_factors,CBO_2020_make_social_security_s_benefit_structure_more_progressive,2028,-1.3,,-1.3,https://www.cbo.gov/budget-options/56838,CBO_BUDGET_OPTION_ANNUAL
CBO_2020_make_social_security_s_benefit_structure_more_progressive__90_32_5_factors,CBO_2020_make_social_security_s_benefit_structure_more_progressive,2029,-1.9,,-1.9,https://www.cbo.gov/budget-options/56838,CBO_BUDGET_OPTION_ANNUAL
CBO_2020_make_social_security_s_benefit_structure_more_progressive__90_32_5_factors,CBO_2020_make_social_security_s_benefit_structure_more_progressive,2030,-2.5,,-2.5,https://www.cbo.gov/budget-options/56838,CBO_BUDGET_OPTION_ANNUAL
CBO_2020_make_social_security_s_benefit_structure_more_progressive__100_25_5_factors,CBO_2020_make_social_security_s_benefit_structure_more_progressive,2021,0,,0.0,https://www.cbo.gov/budget-options/56838,CBO_BUDGET_OPTION_ANNUAL
CBO_2020_make_social_security_s_benefit_structure_more_progressive__100_25_5_factors,CBO_2020_make_social_security_s_benefit_structure_more_progressive,2022,0,,0.0,https://www.cbo.gov/budget-options/56838,CBO_BUDGET_OPTION_ANNUAL
CBO_2020_make_social_security_s_benefit_structure_more_progressive__100_25_5_factors,CBO_2020_make_social_security_s_benefit_structure_more_progressive,2023,-0.2,,-0.2,https://www.cbo.gov/budget-options/56838,CBO_BUDGET_OPTION_ANNUAL
CBO_2020_make_social_security_s_benefit_structure_more_progressive__100_25_5_factors,CBO_2020_make_social_security_s_benefit_structure_more_progressive,2024,-0.7,,-0.7,https://www.cbo.gov/budget-options/56838,CBO_BUDGET_OPTION_ANNUAL
CBO_2020_make_social_security_s_benefit_structure_more_progressive__100_25_5_factors,CBO_2020_make_social_security_s_benefit_structure_more_progressive,2025,-1.5,,-1.5,https://www.cbo.gov/budget-options/56838,CBO_BUDGET_OPTION_ANNUAL
CBO_2020_make_social_security_s_benefit_structure_more_progressive__100_25_5_factors,CBO_2020_make_social_security_s_benefit_structure_more_progressive,2026,-2.7,,-2.7,https://www.cbo.gov/budget-options/56838,CBO_BUDGET_OPTION_ANNUAL
CBO_2020_make_social_security_s_benefit_structure_more_progressive__100_25_5_factors,CBO_2020_make_social_security_s_benefit_structure_more_progressive,2027,-4.2,,-4.2,https://www.cbo.gov/budget-options/56838,CBO_BUDGET_OPTION_ANNUAL
CBO_2020_make_social_security_s_benefit_structure_more_progressive__100_25_5_factors,CBO_2020_make_social_security_s_benefit_structure_more_progressive,2028,-6.2,,-6.2,https://www.cbo.gov/budget-options/56838,CBO_BUDGET_OPTION_ANNUAL
CBO_2020_make_social_security_s_benefit_structure_more_progressive__100_25_5_factors,CBO_2020_make_social_security_s_benefit_structure_more_progressive,2029,-8.6,,-8.6,https://www.cbo.gov/budget-options/56838,CBO_BUDGET_OPTION_ANNUAL
CBO_2020_make_social_security_s_benefit_structure_more_progressive__100_25_5_factors,CBO_2020_make_social_security_s_benefit_structure_more_progressive,2030,-11.6,,-11.6,https://www.cbo.gov/budget-options/56838,CBO_BUDGET_OPTION_ANNUAL
CBO_2020_eliminate_eligibility_for_starting_social_security_disability_benefits_at_age_62_or_later__eliminate_eligibility,CBO_2020_eliminate_eligibility_for_starting_social_security_disability_benefits_at_age_62_or_later,2021,0,,0.0,https://www.cbo.gov/budget-options/56841,CBO_BUDGET_OPTION_ANNUAL
CBO_2020_eliminate_eligibility_for_starting_social_security_disability_benefits_at_age_62_or_later__eliminate_eligibility,CBO_2020_eliminate_eligibility_for_starting_social_security_disability_benefits_at_age_62_or_later,2022,-0.2,,-0.2,https://www.cbo.gov/budget-options/56841,CBO_BUDGET_OPTION_ANNUAL
CBO_2020_eliminate_eligibility_for_starting_social_security_disability_benefits_at_age_62_or_later__eliminate_eligibility,CBO_2020_eliminate_eligibility_for_starting_social_security_disability_benefits_at_age_62_or_later,2023,-0.6,,-0.6,https://www.cbo.gov/budget-options/56841,CBO_BUDGET_OPTION_ANNUAL
CBO_2020_eliminate_eligibility_for_starting_social_security_disability_benefits_at_age_62_or_later__eliminate_eligibility,CBO_2020_eliminate_eligibility_for_starting_social_security_disability_benefits_at_age_62_or_later,2024,-1.2,,-1.2,https://www.cbo.gov/budget-options/56841,CBO_BUDGET_OPTION_ANNUAL
CBO_2020_eliminate_eligibility_for_starting_social_security_disability_benefits_at_age_62_or_later__eliminate_eligibility,CBO_2020_eliminate_eligibility_for_starting_social_security_disability_benefits_at_age_62_or_later,2025,-1.7,,-1.7,https://www.cbo.gov/budget-options/56841,CBO_BUDGET_OPTION_ANNUAL
CBO_2020_eliminate_eligibility_for_starting_social_security_disability_benefits_at_age_62_or_later__eliminate_eligibility,CBO_2020_eliminate_eligibility_for_starting_social_security_disability_benefits_at_age_62_or_later,2026,-2.3,,-2.3,https://www.cbo.gov/budget-options/56841,CBO_BUDGET_OPTION_ANNUAL
CBO_2020_eliminate_eligibility_for_starting_social_security_disability_benefits_at_age_62_or_later__eliminate_eligibility,CBO_2020_eliminate_eligibility_for_starting_social_security_disability_benefits_at_age_62_or_later,2027,-2.9,,-2.9,https://www.cbo.gov/budget-options/56841,CBO_BUDGET_OPTION_ANNUAL
CBO_2020_eliminate_eligibility_for_starting_social_security_disability_benefits_at_age_62_or_later__eliminate_eligibility,CBO_2020_eliminate_eligibility_for_starting_social_security_disability_benefits_at_age_62_or_later,2028,-3.4,,-3.4,https://www.cbo.gov/budget-options/56841,CBO_BUDGET_OPTION_ANNUAL
CBO_2020_eliminate_eligibility_for_starting_social_security_disability_benefits_at_age_62_or_later__eliminate_eligibility,CBO_2020_eliminate_eligibility_for_starting_social_security_disability_benefits_at_age_62_or_later,2029,-4,,-4.0,https://www.cbo.gov/budget-options/56841,CBO_BUDGET_OPTION_ANNUAL
CBO_2020_eliminate_eligibility_for_starting_social_security_disability_benefits_at_age_62_or_later__eliminate_eligibility,CBO_2020_eliminate_eligibility_for_starting_social_security_disability_benefits_at_age_62_or_later,2030,-4.5,,-4.5,https://www.cbo.gov/budget-options/56841,CBO_BUDGET_OPTION_ANNUAL
CBO_2020_tax_social_security_and_railroad_retirement_benefits_in_the_same_way_that_distributions_from_defined_benefit_pensions_ar__tax_like_defined_benefit_pensions,CBO_2020_tax_social_security_and_railroad_retirement_benefits_in_the_same_way_that_distributions_from_defined_benefit_pensions_ar,2021,,17.4,-17.4,https://www.cbo.gov/budget-options/56856,CBO_BUDGET_OPTION_ANNUAL
CBO_2020_tax_social_security_and_railroad_retirement_benefits_in_the_same_way_that_distributions_from_defined_benefit_pensions_ar__tax_like_defined_benefit_pensions,CBO_2020_tax_social_security_and_railroad_retirement_benefits_in_the_same_way_that_distributions_from_defined_benefit_pensions_ar,2022,,35.8,-35.8,https://www.cbo.gov/budget-options/56856,CBO_BUDGET_OPTION_ANNUAL
CBO_2020_tax_social_security_and_railroad_retirement_benefits_in_the_same_way_that_distributions_from_defined_benefit_pensions_ar__tax_like_defined_benefit_pensions,CBO_2020_tax_social_security_and_railroad_retirement_benefits_in_the_same_way_that_distributions_from_defined_benefit_pensions_ar,2023,,37.9,-37.9,https://www.cbo.gov/budget-options/56856,CBO_BUDGET_OPTION_ANNUAL
CBO_2020_tax_social_security_and_railroad_retirement_benefits_in_the_same_way_that_distributions_from_defined_benefit_pensions_ar__tax_like_defined_benefit_pensions,CBO_2020_tax_social_security_and_railroad_retirement_benefits_in_the_same_way_that_distributions_from_defined_benefit_pensions_ar,2024,,39.9,-39.9,https://www.cbo.gov/budget-options/56856,CBO_BUDGET_OPTION_ANNUAL
CBO_2020_tax_social_security_and_railroad_retirement_benefits_in_the_same_way_that_distributions_from_defined_benefit_pensions_ar__tax_like_defined_benefit_pensions,CBO_2020_tax_social_security_and_railroad_retirement_benefits_in_the_same_way_that_distributions_from_defined_benefit_pensions_ar,2025,,41.9,-41.9,https://www.cbo.gov/budget-options/56856,CBO_BUDGET_OPTION_ANNUAL
CBO_2020_tax_social_security_and_railroad_retirement_benefits_in_the_same_way_that_distributions_from_defined_benefit_pensions_ar__tax_like_defined_benefit_pensions,CBO_2020_tax_social_security_and_railroad_retirement_benefits_in_the_same_way_that_distributions_from_defined_benefit_pensions_ar,2026,,48.7,-48.7,https://www.cbo.gov/budget-options/56856,CBO_BUDGET_OPTION_ANNUAL
CBO_2020_tax_social_security_and_railroad_retirement_benefits_in_the_same_way_that_distributions_from_defined_benefit_pensions_ar__tax_like_defined_benefit_pensions,CBO_2020_tax_social_security_and_railroad_retirement_benefits_in_the_same_way_that_distributions_from_defined_benefit_pensions_ar,2027,,55.8,-55.8,https://www.cbo.gov/budget-options/56856,CBO_BUDGET_OPTION_ANNUAL
CBO_2020_tax_social_security_and_railroad_retirement_benefits_in_the_same_way_that_distributions_from_defined_benefit_pensions_ar__tax_like_defined_benefit_pensions,CBO_2020_tax_social_security_and_railroad_retirement_benefits_in_the_same_way_that_distributions_from_defined_benefit_pensions_ar,2028,,58.2,-58.2,https://www.cbo.gov/budget-options/56856,CBO_BUDGET_OPTION_ANNUAL
CBO_2020_tax_social_security_and_railroad_retirement_benefits_in_the_same_way_that_distributions_from_defined_benefit_pensions_ar__tax_like_defined_benefit_pensions,CBO_2020_tax_social_security_and_railroad_retirement_benefits_in_the_same_way_that_distributions_from_defined_benefit_pensions_ar,2029,,60.5,-60.5,https://www.cbo.gov/budget-options/56856,CBO_BUDGET_OPTION_ANNUAL
CBO_2020_tax_social_security_and_railroad_retirement_benefits_in_the_same_way_that_distributions_from_defined_benefit_pensions_ar__tax_like_defined_benefit_pensions,CBO_2020_tax_social_security_and_railroad_retirement_benefits_in_the_same_way_that_distributions_from_defined_benefit_pensions_ar,2030,,62.8,-62.8,https://www.cbo.gov/budget-options/56856,CBO_BUDGET_OPTION_ANNUAL
CBO_2020_increase_the_payroll_tax_rate_for_medicare_hospital_insurance__increase_hi_payroll_tax_by_1_percentage_point,CBO_2020_increase_the_payroll_tax_rate_for_medicare_hospital_insurance,2021,,50.4,-50.4,https://www.cbo.gov/budget-options/56860,CBO_BUDGET_OPTION_ANNUAL
CBO_2020_increase_the_payroll_tax_rate_for_medicare_hospital_insurance__increase_hi_payroll_tax_by_1_percentage_point,CBO_2020_increase_the_payroll_tax_rate_for_medicare_hospital_insurance,2022,,78.8,-78.8,https://www.cbo.gov/budget-options/56860,CBO_BUDGET_OPTION_ANNUAL
CBO_2020_increase_the_payroll_tax_rate_for_medicare_hospital_insurance__increase_hi_payroll_tax_by_1_percentage_point,CBO_2020_increase_the_payroll_tax_rate_for_medicare_hospital_insurance,2023,,82,-82.0,https://www.cbo.gov/budget-options/56860,CBO_BUDGET_OPTION_ANNUAL
CBO_2020_increase_the_payroll_tax_rate_for_medicare_hospital_insurance__increase_hi_payroll_tax_by_1_percentage_point,CBO_2020_increase_the_payroll_tax_rate_for_medicare_hospital_insurance,2024,,85.2,-85.2,https://www.cbo.gov/budget-options/56860,CBO_BUDGET_OPTION_ANNUAL
CBO_2020_increase_the_payroll_tax_rate_for_medicare_hospital_insurance__increase_hi_payroll_tax_by_1_percentage_point,CBO_2020_increase_the_payroll_tax_rate_for_medicare_hospital_insurance,2025,,88.8,-88.8,https://www.cbo.gov/budget-options/56860,CBO_BUDGET_OPTION_ANNUAL
CBO_2020_increase_the_payroll_tax_rate_for_medicare_hospital_insurance__increase_hi_payroll_tax_by_1_percentage_point,CBO_2020_increase_the_payroll_tax_rate_for_medicare_hospital_insurance,2026,,91.6,-91.6,https://www.cbo.gov/budget-options/56860,CBO_BUDGET_OPTION_ANNUAL
CBO_2020_increase_the_payroll_tax_rate_for_medicare_hospital_insurance__increase_hi_payroll_tax_by_1_percentage_point,CBO_2020_increase_the_payroll_tax_rate_for_medicare_hospital_insurance,2027,,95,-95.0,https://www.cbo.gov/budget-options/56860,CBO_BUDGET_OPTION_ANNUAL
CBO_2020_increase_the_payroll_tax_rate_for_medicare_hospital_insurance__increase_hi_payroll_tax_by_1_percentage_point,CBO_2020_increase_the_payroll_tax_rate_for_medicare_hospital_insurance,2028,,98.4,-98.4,https://www.cbo.gov/budget-options/56860,CBO_BUDGET_OPTION_ANNUAL
CBO_2020_increase_the_payroll_tax_rate_for_medicare_hospital_insurance__increase_hi_payroll_tax_by_1_percentage_point,CBO_2020_increase_the_payroll_tax_rate_for_medicare_hospital_insurance,2029,,101.9,-101.9,https://www.cbo.gov/budget-options/56860,CBO_BUDGET_OPTION_ANNUAL
CBO_2020_increase_the_payroll_tax_rate_for_medicare_hospital_insurance__increase_hi_payroll_tax_by_1_percentage_point,CBO_2020_increase_the_payroll_tax_rate_for_medicare_hospital_insurance,2030,,105.4,-105.4,https://www.cbo.gov/budget-options/56860,CBO_BUDGET_OPTION_ANNUAL
CBO_2020_increase_the_payroll_tax_rate_for_medicare_hospital_insurance__increase_hi_payroll_tax_by_2_percentage_points,CBO_2020_increase_the_payroll_tax_rate_for_medicare_hospital_insurance,2021,,99.8,-99.8,https://www.cbo.gov/budget-options/56860,CBO_BUDGET_OPTION_ANNUAL
CBO_2020_increase_the_payroll_tax_rate_for_medicare_hospital_insurance__increase_hi_payroll_tax_by_2_percentage_points,CBO_2020_increase_the_payroll_tax_rate_for_medicare_hospital_insurance,2022,,156,-156.0,https://www.cbo.gov/budget-options/56860,CBO_BUDGET_OPTION_ANNUAL
CBO_2020_increase_the_payroll_tax_rate_for_medicare_hospital_insurance__increase_hi_payroll_tax_by_2_percentage_points,CBO_2020_increase_the_payroll_tax_rate_for_medicare_hospital_insurance,2023,,162.2,-162.2,https://www.cbo.gov/budget-options/56860,CBO_BUDGET_OPTION_ANNUAL
CBO_2020_increase_the_payroll_tax_rate_for_medicare_hospital_insurance__increase_hi_payroll_tax_by_2_percentage_points,CBO_2020_increase_the_payroll_tax_rate_for_medicare_hospital_insurance,2024,,168.7,-168.7,https://www.cbo.gov/budget-options/56860,CBO_BUDGET_OPTION_ANNUAL
CBO_2020_increase_the_payroll_tax_rate_for_medicare_hospital_insurance__increase_hi_payroll_tax_by_2_percentage_points,CBO_2020_increase_the_payroll_tax_rate_for_medicare_hospital_insurance,2025,,175.7,-175.7,https://www.cbo.gov/budget-options/56860,CBO_BUDGET_OPTION_ANNUAL
CBO_2020_increase_the_payroll_tax_rate_for_medicare_hospital_insurance__increase_hi_payroll_tax_by_2_percentage_points,CBO_2020_increase_the_payroll_tax_rate_for_medicare_hospital_insurance,2026,,181.3,-181.3,https://www.cbo.gov/budget-options/56860,CBO_BUDGET_OPTION_ANNUAL
CBO_2020_increase_the_payroll_tax_rate_for_medicare_hospital_insurance__increase_hi_payroll_tax_by_2_percentage_points,CBO_2020_increase_the_payroll_tax_rate_for_medicare_hospital_insurance,2027,,188,-188.0,https://www.cbo.gov/budget-options/56860,CBO_BUDGET_OPTION_ANNUAL
CBO_2020_increase_the_payroll_tax_rate_for_medicare_hospital_insurance__increase_hi_payroll_tax_by_2_percentage_points,CBO_2020_increase_the_payroll_tax_rate_for_medicare_hospital_insurance,2028,,194.8,-194.8,https://www.cbo.gov/budget-options/56860,CBO_BUDGET_OPTION_ANNUAL
CBO_2020_increase_the_payroll_tax_rate_for_medicare_hospital_insurance__increase_hi_payroll_tax_by_2_percentage_points,CBO_2020_increase_the_payroll_tax_rate_for_medicare_hospital_insurance,2029,,201.4,-201.4,https://www.cbo.gov/budget-options/56860,CBO_BUDGET_OPTION_ANNUAL
CBO_2020_increase_the_payroll_tax_rate_for_medicare_hospital_insurance__increase_hi_payroll_tax_by_2_percentage_points,CBO_2020_increase_the_payroll_tax_rate_for_medicare_hospital_insurance,2030,,208.5,-208.5,https://www.cbo.gov/budget-options/56860,CBO_BUDGET_OPTION_ANNUAL
CBO_2020_increase_the_payroll_tax_rate_for_social_security__increase_oasdi_payroll_tax_by_1_percentage_point,CBO_2020_increase_the_payroll_tax_rate_for_social_security,2021,,44.9,-44.9,https://www.cbo.gov/budget-options/56861,CBO_BUDGET_OPTION_ANNUAL
CBO_2020_increase_the_payroll_tax_rate_for_social_security__increase_oasdi_payroll_tax_by_1_percentage_point,CBO_2020_increase_the_payroll_tax_rate_for_social_security,2022,,63.5,-63.5,https://www.cbo.gov/budget-options/56861,CBO_BUDGET_OPTION_ANNUAL
CBO_2020_increase_the_payroll_tax_rate_for_social_security__increase_oasdi_payroll_tax_by_1_percentage_point,CBO_2020_increase_the_payroll_tax_rate_for_social_security,2023,,66.2,-66.2,https://www.cbo.gov/budget-options/56861,CBO_BUDGET_OPTION_ANNUAL
CBO_2020_increase_the_payroll_tax_rate_for_social_security__increase_oasdi_payroll_tax_by_1_percentage_point,CBO_2020_increase_the_payroll_tax_rate_for_social_security,2024,,68.9,-68.9,https://www.cbo.gov/budget-options/56861,CBO_BUDGET_OPTION_ANNUAL
CBO_2020_increase_the_payroll_tax_rate_for_social_security__increase_oasdi_payroll_tax_by_1_percentage_point,CBO_2020_increase_the_payroll_tax_rate_for_social_security,2025,,71.8,-71.8,https://www.cbo.gov/budget-options/56861,CBO_BUDGET_OPTION_ANNUAL
CBO_2020_increase_the_payroll_tax_rate_for_social_security__increase_oasdi_payroll_tax_by_1_percentage_point,CBO_2020_increase_the_payroll_tax_rate_for_social_security,2026,,73.9,-73.9,https://www.cbo.gov/budget-options/56861,CBO_BUDGET_OPTION_ANNUAL
CBO_2020_increase_the_payroll_tax_rate_for_social_security__increase_oasdi_payroll_tax_by_1_percentage_point,CBO_2020_increase_the_payroll_tax_rate_for_social_security,2027,,76.2,-76.2,https://www.cbo.gov/budget-options/56861,CBO_BUDGET_OPTION_ANNUAL
CBO_2020_increase_the_payroll_tax_rate_for_social_security__increase_oasdi_payroll_tax_by_1_percentage_point,CBO_2020_increase_the_payroll_tax_rate_for_social_security,2028,,79.2,-79.2,https://www.cbo.gov/budget-options/56861,CBO_BUDGET_OPTION_ANNUAL
CBO_2020_increase_the_payroll_tax_rate_for_social_security__increase_oasdi_payroll_tax_by_1_percentage_point,CBO_2020_increase_the_payroll_tax_rate_for_social_security,2029,,82.2,-82.2,https://www.cbo.gov/budget-options/56861,CBO_BUDGET_OPTION_ANNUAL
CBO_2020_increase_the_payroll_tax_rate_for_social_security__increase_oasdi_payroll_tax_by_1_percentage_point,CBO_2020_increase_the_payroll_tax_rate_for_social_security,2030,,85.1,-85.1,https://www.cbo.gov/budget-options/56861,CBO_BUDGET_OPTION_ANNUAL
CBO_2020_increase_the_payroll_tax_rate_for_social_security__increase_oasdi_payroll_tax_by_2_percentage_points,CBO_2020_increase_the_payroll_tax_rate_for_social_security,2021,,88.8,-88.8,https://www.cbo.gov/budget-options/56861,CBO_BUDGET_OPTION_ANNUAL
CBO_2020_increase_the_payroll_tax_rate_for_social_security__increase_oasdi_payroll_tax_by_2_percentage_points,CBO_2020_increase_the_payroll_tax_rate_for_social_security,2022,,125.5,-125.5,https://www.cbo.gov/budget-options/56861,CBO_BUDGET_OPTION_ANNUAL
CBO_2020_increase_the_payroll_tax_rate_for_social_security__increase_oasdi_payroll_tax_by_2_percentage_points,CBO_2020_increase_the_payroll_tax_rate_for_social_security,2023,,130.8,-130.8,https://www.cbo.gov/budget-options/56861,CBO_BUDGET_OPTION_ANNUAL
CBO_2020_increase_the_payroll_tax_rate_for_social_security__increase_oasdi_payroll_tax_by_2_percentage_points,CBO_2020_increase_the_payroll_tax_rate_for_social_security,2024,,136.2,-136.2,https://www.cbo.gov/budget-options/56861,CBO_BUDGET_OPTION_ANNUAL
CBO_2020_increase_the_payroll_tax_rate_for_social_security__increase_oasdi_payroll_tax_by_2_percentage_points,CBO_2020_increase_the_payroll_tax_rate_for_social_security,2025,,141.8,-141.8,https://www.cbo.gov/budget-options/56861,CBO_BUDGET_OPTION_ANNUAL
CBO_2020_increase_the_payroll_tax_rate_for_social_security__increase_oasdi_payroll_tax_by_2_percentage_points,CBO_2020_increase_the_payroll_tax_rate_for_social_security,2026,,146,-146.0,https://www.cbo.gov/budget-options/56861,CBO_BUDGET_OPTION_ANNUAL
CBO_2020_increase_the_payroll_tax_rate_for_social_security__increase_oasdi_payroll_tax_by_2_percentage_points,CBO_2020_increase_the_payroll_tax_rate_for_social_security,2027,,150.4,-150.4,https://www.cbo.gov/budget-options/56861,CBO_BUDGET_OPTION_ANNUAL
CBO_2020_increase_the_payroll_tax_rate_for_social_security__increase_oasdi_payroll_tax_by_2_percentage_points,CBO_2020_increase_the_payroll_tax_rate_for_social_security,2028,,156.4,-156.4,https://www.cbo.gov/budget-options/56861,CBO_BUDGET_OPTION_ANNUAL
CBO_2020_increase_the_payroll_tax_rate_for_social_security__increase_oasdi_payroll_tax_by_2_percentage_points,CBO_2020_increase_the_payroll_tax_rate_for_social_security,2029,,162.1,-162.1,https://www.cbo.gov/budget-options/56861,CBO_BUDGET_OPTION_ANNUAL
CBO_2020_increase_the_payroll_tax_rate_for_social_security__increase_oasdi_payroll_tax_by_2_percentage_points,CBO_2020_increase_the_payroll_tax_rate_for_social_security,2030,,167.9,-167.9,https://www.cbo.gov/budget-options/56861,CBO_BUDGET_OPTION_ANNUAL
CBO_2020_impose_an_excise_tax_on_overland_freight_transport__freight_tax,CBO_2020_impose_an_excise_tax_on_overland_freight_transport,2021,,17.2,-17.2,https://www.cbo.gov/budget-options/56871,CBO_BUDGET_OPTION_ANNUAL
CBO_2020_impose_an_excise_tax_on_overland_freight_transport__freight_tax,CBO_2020_impose_an_excise_tax_on_overland_freight_transport,2022,,32,-32.0,https://www.cbo.gov/budget-options/56871,CBO_BUDGET_OPTION_ANNUAL
CBO_2020_impose_an_excise_tax_on_overland_freight_transport__freight_tax,CBO_2020_impose_an_excise_tax_on_overland_freight_transport,2023,,35.6,-35.6,https://www.cbo.gov/budget-options/56871,CBO_BUDGET_OPTION_ANNUAL
CBO_2020_impose_an_excise_tax_on_overland_freight_transport__freight_tax,CBO_2020_impose_an_excise_tax_on_overland_freight_transport,2024,,36.4,-36.4,https://www.cbo.gov/budget-options/56871,CBO_BUDGET_OPTION_ANNUAL
CBO_2020_impose_an_excise_tax_on_overland_freight_transport__freight_tax,CBO_2020_impose_an_excise_tax_on_overland_freight_transport,2025,,37.1,-37.1,https://www.cbo.gov/budget-options/56871,CBO_BUDGET_OPTION_ANNUAL
CBO_2020_impose_an_excise_tax_on_overland_freight_transport__freight_tax,CBO_2020_impose_an_excise_tax_on_overland_freight_transport,2026,,37.2,-37.2,https://www.cbo.gov/budget-options/56871,CBO_BUDGET_OPTION_ANNUAL
CBO_2020_impose_an_excise_tax_on_overland_freight_transport__freight_tax,CBO_2020_impose_an_excise_tax_on_overland_freight_transport,2027,,37.7,-37.7,https://www.cbo.gov/budget-options/56871,CBO_BUDGET_OPTION_ANNUAL
CBO_2020_impose_an_excise_tax_on_overland_freight_transport__freight_tax,CBO_2020_impose_an_excise_tax_on_overland_freight_transport,2028,,38.5,-38.5,https://www.cbo.gov/budget-options/56871,CBO_BUDGET_OPTION_ANNUAL
CBO_2020_impose_an_excise_tax_on_overland_freight_transport__freight_tax,CBO_2020_impose_an_excise_tax_on_overland_freight_transport,2029,,39.2,-39.2,https://www.cbo.gov/budget-options/56871,CBO_BUDGET_OPTION_ANNUAL
CBO_2020_impose_an_excise_tax_on_overland_freight_transport__freight_tax,CBO_2020_impose_an_excise_tax_on_overland_freight_transport,2030,,39.9,-39.9,https://www.cbo.gov/budget-options/56871,CBO_BUDGET_OPTION_ANNUAL
CBO_2020_reduce_dod_s_operation_and_maintenance_appropriation_excluding_funding_for_the_defense_health_program__freeze_nominal_o_m,CBO_2020_reduce_dod_s_operation_and_maintenance_appropriation_excluding_funding_for_the_defense_health_program,2021,0,,0.0,https://www.cbo.gov/budget-options/56786,CBO_BUDGET_OPTION_ANNUAL
CBO_2020_reduce_dod_s_operation_and_maintenance_appropriation_excluding_funding_for_the_defense_health_program__freeze_nominal_o_m,CBO_2020_reduce_dod_s_operation_and_maintenance_appropriation_excluding_funding_for_the_defense_health_program,2022,-4,,-4.0,https://www.cbo.gov/budget-options/56786,CBO_BUDGET_OPTION_ANNUAL
CBO_2020_reduce_dod_s_operation_and_maintenance_appropriation_excluding_funding_for_the_defense_health_program__freeze_nominal_o_m,CBO_2020_reduce_dod_s_operation_and_maintenance_appropriation_excluding_funding_for_the_defense_health_program,2023,-7,,-7.0,https://www.cbo.gov/budget-options/56786,CBO_BUDGET_OPTION_ANNUAL
CBO_2020_reduce_dod_s_operation_and_maintenance_appropriation_excluding_funding_for_the_defense_health_program__freeze_nominal_o_m,CBO_2020_reduce_dod_s_operation_and_maintenance_appropriation_excluding_funding_for_the_defense_health_program,2024,-11,,-11.0,https://www.cbo.gov/budget-options/56786,CBO_BUDGET_OPTION_ANNUAL
CBO_2020_reduce_dod_s_operation_and_maintenance_appropriation_excluding_funding_for_the_defense_health_program__freeze_nominal_o_m,CBO_2020_reduce_dod_s_operation_and_maintenance_appropriation_excluding_funding_for_the_defense_health_program,2025,-15,,-15.0,https://www.cbo.gov/budget-options/56786,CBO_BUDGET_OPTION_ANNUAL
CBO_2020_reduce_dod_s_operation_and_maintenance_appropriation_excluding_funding_for_the_defense_health_program__freeze_nominal_o_m,CBO_2020_reduce_dod_s_operation_and_maintenance_appropriation_excluding_funding_for_the_defense_health_program,2026,-19,,-19.0,https://www.cbo.gov/budget-options/56786,CBO_BUDGET_OPTION_ANNUAL
CBO_2020_reduce_dod_s_operation_and_maintenance_appropriation_excluding_funding_for_the_defense_health_program__freeze_nominal_o_m,CBO_2020_reduce_dod_s_operation_and_maintenance_appropriation_excluding_funding_for_the_defense_health_program,2027,-23,,-23.0,https://www.cbo.gov/budget-options/56786,CBO_BUDGET_OPTION_ANNUAL
CBO_2020_reduce_dod_s_operation_and_maintenance_appropriation_excluding_funding_for_the_defense_health_program__freeze_nominal_o_m,CBO_2020_reduce_dod_s_operation_and_maintenance_appropriation_excluding_funding_for_the_defense_health_program,2028,-26,,-26.0,https://www.cbo.gov/budget-options/56786,CBO_BUDGET_OPTION_ANNUAL
CBO_2020_reduce_dod_s_operation_and_maintenance_appropriation_excluding_funding_for_the_defense_health_program__freeze_nominal_o_m,CBO_2020_reduce_dod_s_operation_and_maintenance_appropriation_excluding_funding_for_the_defense_health_program,2029,-30,,-30.0,https://www.cbo.gov/budget-options/56786,CBO_BUDGET_OPTION_ANNUAL
CBO_2020_reduce_dod_s_operation_and_maintenance_appropriation_excluding_funding_for_the_defense_health_program__freeze_nominal_o_m,CBO_2020_reduce_dod_s_operation_and_maintenance_appropriation_excluding_funding_for_the_defense_health_program,2030,-33,,-33.0,https://www.cbo.gov/budget-options/56786,CBO_BUDGET_OPTION_ANNUAL
CBO_2020_reduce_dod_s_operation_and_maintenance_appropriation_excluding_funding_for_the_defense_health_program__limit_o_m_growth_to_inflation,CBO_2020_reduce_dod_s_operation_and_maintenance_appropriation_excluding_funding_for_the_defense_health_program,2021,0,,0.0,https://www.cbo.gov/budget-options/56786,CBO_BUDGET_OPTION_ANNUAL
CBO_2020_reduce_dod_s_operation_and_maintenance_appropriation_excluding_funding_for_the_defense_health_program__limit_o_m_growth_to_inflation,CBO_2020_reduce_dod_s_operation_and_maintenance_appropriation_excluding_funding_for_the_defense_health_program,2022,-1,,-1.0,https://www.cbo.gov/budget-options/56786,CBO_BUDGET_OPTION_ANNUAL
CBO_2020_reduce_dod_s_operation_and_maintenance_appropriation_excluding_funding_for_the_defense_health_program__limit_o_m_growth_to_inflation,CBO_2020_reduce_dod_s_operation_and_maintenance_appropriation_excluding_funding_for_the_defense_health_program,2023,-2,,-2.0,https://www.cbo.gov/budget-options/56786,CBO_BUDGET_OPTION_ANNUAL
CBO_2020_reduce_dod_s_operation_and_maintenance_appropriation_excluding_funding_for_the_defense_health_program__limit_o_m_growth_to_inflation,CBO_2020_reduce_dod_s_operation_and_maintenance_appropriation_excluding_funding_for_the_defense_health_program,2024,-3,,-3.0,https://www.cbo.gov/budget-options/56786,CBO_BUDGET_OPTION_ANNUAL
CBO_2020_reduce_dod_s_operation_and_maintenance_appropriation_excluding_funding_for_the_defense_health_program__limit_o_m_growth_to_inflation,CBO_2020_reduce_dod_s_operation_and_maintenance_appropriation_excluding_funding_for_the_defense_health_program,2025,-3,,-3.0,https://www.cbo.gov/budget-options/56786,CBO_BUDGET_OPTION_ANNUAL
CBO_2020_reduce_dod_s_operation_and_maintenance_appropriation_excluding_funding_for_the_defense_health_program__limit_o_m_growth_to_inflation,CBO_2020_reduce_dod_s_operation_and_maintenance_appropriation_excluding_funding_for_the_defense_health_program,2026,-4,,-4.0,https://www.cbo.gov/budget-options/56786,CBO_BUDGET_OPTION_ANNUAL
CBO_2020_reduce_dod_s_operation_and_maintenance_appropriation_excluding_funding_for_the_defense_health_program__limit_o_m_growth_to_inflation,CBO_2020_reduce_dod_s_operation_and_maintenance_appropriation_excluding_funding_for_the_defense_health_program,2027,-7,,-7.0,https://www.cbo.gov/budget-options/56786,CBO_BUDGET_OPTION_ANNUAL
CBO_2020_reduce_dod_s_operation_and_maintenance_appropriation_excluding_funding_for_the_defense_health_program__limit_o_m_growth_to_inflation,CBO_2020_reduce_dod_s_operation_and_maintenance_appropriation_excluding_funding_for_the_defense_health_program,2028,-10,,-10.0,https://www.cbo.gov/budget-options/56786,CBO_BUDGET_OPTION_ANNUAL
CBO_2020_reduce_dod_s_operation_and_maintenance_appropriation_excluding_funding_for_the_defense_health_program__limit_o_m_growth_to_inflation,CBO_2020_reduce_dod_s_operation_and_maintenance_appropriation_excluding_funding_for_the_defense_health_program,2029,-13,,-13.0,https://www.cbo.gov/budget-options/56786,CBO_BUDGET_OPTION_ANNUAL
CBO_2020_reduce_dod_s_operation_and_maintenance_appropriation_excluding_funding_for_the_defense_health_program__limit_o_m_growth_to_inflation,CBO_2020_reduce_dod_s_operation_and_maintenance_appropriation_excluding_funding_for_the_defense_health_program,2030,-17,,-17.0,https://www.cbo.gov/budget-options/56786,CBO_BUDGET_OPTION_ANNUAL
CBO_2020_reduce_funding_for_naval_ship_construction_to_historical_levels__historical_funding_level,CBO_2020_reduce_funding_for_naval_ship_construction_to_historical_levels,2021,0,,0.0,https://www.cbo.gov/budget-options/56790,CBO_BUDGET_OPTION_ANNUAL
CBO_2020_reduce_funding_for_naval_ship_construction_to_historical_levels__historical_funding_level,CBO_2020_reduce_funding_for_naval_ship_construction_to_historical_levels,2022,-0.2,,-0.2,https://www.cbo.gov/budget-options/56790,CBO_BUDGET_OPTION_ANNUAL
CBO_2020_reduce_funding_for_naval_ship_construction_to_historical_levels__historical_funding_level,CBO_2020_reduce_funding_for_naval_ship_construction_to_historical_levels,2023,-1.3,,-1.3,https://www.cbo.gov/budget-options/56790,CBO_BUDGET_OPTION_ANNUAL
CBO_2020_reduce_funding_for_naval_ship_construction_to_historical_levels__historical_funding_level,CBO_2020_reduce_funding_for_naval_ship_construction_to_historical_levels,2024,-3,,-3.0,https://www.cbo.gov/budget-options/56790,CBO_BUDGET_OPTION_ANNUAL
CBO_2020_reduce_funding_for_naval_ship_construction_to_historical_levels__historical_funding_level,CBO_2020_reduce_funding_for_naval_ship_construction_to_historical_levels,2025,-5,,-5.0,https://www.cbo.gov/budget-options/56790,CBO_BUDGET_OPTION_ANNUAL
CBO_2020_reduce_funding_for_naval_ship_construction_to_historical_levels__historical_funding_level,CBO_2020_reduce_funding_for_naval_ship_construction_to_historical_levels,2026,-6.8,,-6.8,https://www.cbo.gov/budget-options/56790,CBO_BUDGET_OPTION_ANNUAL
CBO_2020_reduce_funding_for_naval_ship_construction_to_historical_levels__historical_funding_level,CBO_2020_reduce_funding_for_naval_ship_construction_to_historical_levels,2027,-8,,-8.0,https://www.cbo.gov/budget-options/56790,CBO_BUDGET_OPTION_ANNUAL
CBO_2020_reduce_funding_for_naval_ship_construction_to_historical_levels__historical_funding_level,CBO_2020_reduce_funding_for_naval_ship_construction_to_historical_levels,2028,-8.7,,-8.7,https://www.cbo.gov/budget-options/56790,CBO_BUDGET_OPTION_ANNUAL
CBO_2020_reduce_funding_for_naval_ship_construction_to_historical_levels__historical_funding_level,CBO_2020_reduce_funding_for_naval_ship_construction_to_historical_levels,2029,-8.9,,-8.9,https://www.cbo.gov/budget-options/56790,CBO_BUDGET_OPTION_ANNUAL
CBO_2020_reduce_funding_for_naval_ship_construction_to_historical_levels__historical_funding_level,CBO_2020_reduce_funding_for_naval_ship_construction_to_historical_levels,2030,-8.9,,-8.9,https://www.cbo.gov/budget-options/56790,CBO_BUDGET_OPTION_ANNUAL
CBO_2020_eliminate_head_start__eliminate_head_start,CBO_2020_eliminate_head_start,2021,0,,0.0,https://www.cbo.gov/budget-options/56805,CBO_BUDGET_OPTION_ANNUAL
CBO_2020_eliminate_head_start__eliminate_head_start,CBO_2020_eliminate_head_start,2022,-4,,-4.0,https://www.cbo.gov/budget-options/56805,CBO_BUDGET_OPTION_ANNUAL
CBO_2020_eliminate_head_start__eliminate_head_start,CBO_2020_eliminate_head_start,2023,-10,,-10.0,https://www.cbo.gov/budget-options/56805,CBO_BUDGET_OPTION_ANNUAL
CBO_2020_eliminate_head_start__eliminate_head_start,CBO_2020_eliminate_head_start,2024,-11,,-11.0,https://www.cbo.gov/budget-options/56805,CBO_BUDGET_OPTION_ANNUAL
CBO_2020_eliminate_head_start__eliminate_head_start,CBO_2020_eliminate_head_start,2025,-11,,-11.0,https://www.cbo.gov/budget-options/56805,CBO_BUDGET_OPTION_ANNUAL
CBO_2020_eliminate_head_start__eliminate_head_start,CBO_2020_eliminate_head_start,2026,-11,,-11.0,https://www.cbo.gov/budget-options/56805,CBO_BUDGET_OPTION_ANNUAL
CBO_2020_eliminate_head_start__eliminate_head_start,CBO_2020_eliminate_head_start,2027,-12,,-12.0,https://www.cbo.gov/budget-options/56805,CBO_BUDGET_OPTION_ANNUAL
CBO_2020_eliminate_head_start__eliminate_head_start,CBO_2020_eliminate_head_start,2028,-12,,-12.0,https://www.cbo.gov/budget-options/56805,CBO_BUDGET_OPTION_ANNUAL
CBO_2020_eliminate_head_start__eliminate_head_start,CBO_2020_eliminate_head_start,2029,-12,,-12.0,https://www.cbo.gov/budget-options/56805,CBO_BUDGET_OPTION_ANNUAL
CBO_2020_eliminate_head_start__eliminate_head_start,CBO_2020_eliminate_head_start,2030,-12,,-12.0,https://www.cbo.gov/budget-options/56805,CBO_BUDGET_OPTION_ANNUAL
CBO_2020_limit_enrollment_in_the_department_of_agriculture_s_conservation_programs__limit_csp_enrollment,CBO_2020_limit_enrollment_in_the_department_of_agriculture_s_conservation_programs,2021,0,,0.0,https://www.cbo.gov/budget-options/56813,CBO_BUDGET_OPTION_ANNUAL
CBO_2020_limit_enrollment_in_the_department_of_agriculture_s_conservation_programs__limit_csp_enrollment,CBO_2020_limit_enrollment_in_the_department_of_agriculture_s_conservation_programs,2022,0,,0.0,https://www.cbo.gov/budget-options/56813,CBO_BUDGET_OPTION_ANNUAL
CBO_2020_limit_enrollment_in_the_department_of_agriculture_s_conservation_programs__limit_csp_enrollment,CBO_2020_limit_enrollment_in_the_department_of_agriculture_s_conservation_programs,2023,-0.1,,-0.1,https://www.cbo.gov/budget-options/56813,CBO_BUDGET_OPTION_ANNUAL
CBO_2020_limit_enrollment_in_the_department_of_agriculture_s_conservation_programs__limit_csp_enrollment,CBO_2020_limit_enrollment_in_the_department_of_agriculture_s_conservation_programs,2024,-0.2,,-0.2,https://www.cbo.gov/budget-options/56813,CBO_BUDGET_OPTION_ANNUAL
CBO_2020_limit_enrollment_in_the_department_of_agriculture_s_conservation_programs__limit_csp_enrollment,CBO_2020_limit_enrollment_in_the_department_of_agriculture_s_conservation_programs,2025,-0.2,,-0.2,https://www.cbo.gov/budget-options/56813,CBO_BUDGET_OPTION_ANNUAL
CBO_2020_limit_enrollment_in_the_department_of_agriculture_s_conservation_programs__limit_csp_enrollment,CBO_2020_limit_enrollment_in_the_department_of_agriculture_s_conservation_programs,2026,-0.3,,-0.3,https://www.cbo.gov/budget-options/56813,CBO_BUDGET_OPTION_ANNUAL
CBO_2020_limit_enrollment_in_the_department_of_agriculture_s_conservation_programs__limit_csp_enrollment,CBO_2020_limit_enrollment_in_the_department_of_agriculture_s_conservation_programs,2027,-0.5,,-0.5,https://www.cbo.gov/budget-options/56813,CBO_BUDGET_OPTION_ANNUAL
CBO_2020_limit_enrollment_in_the_department_of_agriculture_s_conservation_programs__limit_csp_enrollment,CBO_2020_limit_enrollment_in_the_department_of_agriculture_s_conservation_programs,2028,-0.6,,-0.6,https://www.cbo.gov/budget-options/56813,CBO_BUDGET_OPTION_ANNUAL
CBO_2020_limit_enrollment_in_the_department_of_agriculture_s_conservation_programs__limit_csp_enrollment,CBO_2020_limit_enrollment_in_the_department_of_agriculture_s_conservation_programs,2029,-0.7,,-0.7,https://www.cbo.gov/budget-options/56813,CBO_BUDGET_OPTION_ANNUAL
CBO_2020_limit_enrollment_in_the_department_of_agriculture_s_conservation_programs__limit_csp_enrollment,CBO_2020_limit_enrollment_in_the_department_of_agriculture_s_conservation_programs,2030,-0.8,,-0.8,https://www.cbo.gov/budget-options/56813,CBO_BUDGET_OPTION_ANNUAL
CBO_2020_limit_enrollment_in_the_department_of_agriculture_s_conservation_programs__limit_crp_enrollment,CBO_2020_limit_enrollment_in_the_department_of_agriculture_s_conservation_programs,2021,0,,0.0,https://www.cbo.gov/budget-options/56813,CBO_BUDGET_OPTION_ANNUAL
CBO_2020_limit_enrollment_in_the_department_of_agriculture_s_conservation_programs__limit_crp_enrollment,CBO_2020_limit_enrollment_in_the_department_of_agriculture_s_conservation_programs,2022,0,,0.0,https://www.cbo.gov/budget-options/56813,CBO_BUDGET_OPTION_ANNUAL
CBO_2020_limit_enrollment_in_the_department_of_agriculture_s_conservation_programs__limit_crp_enrollment,CBO_2020_limit_enrollment_in_the_department_of_agriculture_s_conservation_programs,2023,-0.3,,-0.3,https://www.cbo.gov/budget-options/56813,CBO_BUDGET_OPTION_ANNUAL
CBO_2020_limit_enrollment_in_the_department_of_agriculture_s_conservation_programs__limit_crp_enrollment,CBO_2020_limit_enrollment_in_the_department_of_agriculture_s_conservation_programs,2024,-0.5,,-0.5,https://www.cbo.gov/budget-options/56813,CBO_BUDGET_OPTION_ANNUAL
CBO_2020_limit_enrollment_in_the_department_of_agriculture_s_conservation_programs__limit_crp_enrollment,CBO_2020_limit_enrollment_in_the_department_of_agriculture_s_conservation_programs,2025,-0.7,,-0.7,https://www.cbo.gov/budget-options/56813,CBO_BUDGET_OPTION_ANNUAL
CBO_2020_limit_enrollment_in_the_department_of_agriculture_s_conservation_programs__limit_crp_enrollment,CBO_2020_limit_enrollment_in_the_department_of_agriculture_s_conservation_programs,2026,-0.7,,-0.7,https://www.cbo.gov/budget-options/56813,CBO_BUDGET_OPTION_ANNUAL
CBO_2020_limit_enrollment_in_the_department_of_agriculture_s_conservation_programs__limit_crp_enrollment,CBO_2020_limit_enrollment_in_the_department_of_agriculture_s_conservation_programs,2027,-0.7,,-0.7,https://www.cbo.gov/budget-options/56813,CBO_BUDGET_OPTION_ANNUAL
CBO_2020_limit_enrollment_in_the_department_of_agriculture_s_conservation_programs__limit_crp_enrollment,CBO_2020_limit_enrollment_in_the_department_of_agriculture_s_conservation_programs,2028,-0.7,,-0.7,https://www.cbo.gov/budget-options/56813,CBO_BUDGET_OPTION_ANNUAL
CBO_2020_limit_enrollment_in_the_department_of_agriculture_s_conservation_programs__limit_crp_enrollment,CBO_2020_limit_enrollment_in_the_department_of_agriculture_s_conservation_programs,2029,-0.6,,-0.6,https://www.cbo.gov/budget-options/56813,CBO_BUDGET_OPTION_ANNUAL
CBO_2020_limit_enrollment_in_the_department_of_agriculture_s_conservation_programs__limit_crp_enrollment,CBO_2020_limit_enrollment_in_the_department_of_agriculture_s_conservation_programs,2030,-0.6,,-0.6,https://www.cbo.gov/budget-options/56813,CBO_BUDGET_OPTION_ANNUAL
CBO_2020_limit_enrollment_in_the_department_of_agriculture_s_conservation_programs__limit_both_csp_and_crp,CBO_2020_limit_enrollment_in_the_department_of_agriculture_s_conservation_programs,2021,0,,0.0,https://www.cbo.gov/budget-options/56813,CBO_BUDGET_OPTION_ANNUAL
CBO_2020_limit_enrollment_in_the_department_of_agriculture_s_conservation_programs__limit_both_csp_and_crp,CBO_2020_limit_enrollment_in_the_department_of_agriculture_s_conservation_programs,2022,0,,0.0,https://www.cbo.gov/budget-options/56813,CBO_BUDGET_OPTION_ANNUAL
CBO_2020_limit_enrollment_in_the_department_of_agriculture_s_conservation_programs__limit_both_csp_and_crp,CBO_2020_limit_enrollment_in_the_department_of_agriculture_s_conservation_programs,2023,-0.4,,-0.4,https://www.cbo.gov/budget-options/56813,CBO_BUDGET_OPTION_ANNUAL
CBO_2020_limit_enrollment_in_the_department_of_agriculture_s_conservation_programs__limit_both_csp_and_crp,CBO_2020_limit_enrollment_in_the_department_of_agriculture_s_conservation_programs,2024,-0.7,,-0.7,https://www.cbo.gov/budget-options/56813,CBO_BUDGET_OPTION_ANNUAL
CBO_2020_limit_enrollment_in_the_department_of_agriculture_s_conservation_programs__limit_both_csp_and_crp,CBO_2020_limit_enrollment_in_the_department_of_agriculture_s_conservation_programs,2025,-1,,-1.0,https://www.cbo.gov/budget-options/56813,CBO_BUDGET_OPTION_ANNUAL
CBO_2020_limit_enrollment_in_the_department_of_agriculture_s_conservation_programs__limit_both_csp_and_crp,CBO_2020_limit_enrollment_in_the_department_of_agriculture_s_conservation_programs,2026,-1.1,,-1.1,https://www.cbo.gov/budget-options/56813,CBO_BUDGET_OPTION_ANNUAL
CBO_2020_limit_enrollment_in_the_department_of_agriculture_s_conservation_programs__limit_both_csp_and_crp,CBO_2020_limit_enrollment_in_the_department_of_agriculture_s_conservation_programs,2027,-1.2,,-1.2,https://www.cbo.gov/budget-options/56813,CBO_BUDGET_OPTION_ANNUAL
CBO_2020_limit_enrollment_in_the_department_of_agriculture_s_conservation_programs__limit_both_csp_and_crp,CBO_2020_limit_enrollment_in_the_department_of_agriculture_s_conservation_programs,2028,-1.2,,-1.2,https://www.cbo.gov/budget-options/56813,CBO_BUDGET_OPTION_ANNUAL
CBO_2020_limit_enrollment_in_the_department_of_agriculture_s_conservation_programs__limit_both_csp_and_crp,CBO_2020_limit_enrollment_in_the_department_of_agriculture_s_conservation_programs,2029,-1.3,,-1.3,https://www.cbo.gov/budget-options/56813,CBO_BUDGET_OPTION_ANNUAL
CBO_2020_limit_enrollment_in_the_department_of_agriculture_s_conservation_programs__limit_both_csp_and_crp,CBO_2020_limit_enrollment_in_the_department_of_agriculture_s_conservation_programs,2030,-1.4,,-1.4,https://www.cbo.gov/budget-options/56813,CBO_BUDGET_OPTION_ANNUAL
CBO_2018_cancel_plans_to_purchase_additional_f_35_joint_strike_fighters_and_instead_purchase_f_16s_and_f_a_18s__replace_planned_f_35_purchases,CBO_2018_cancel_plans_to_purchase_additional_f_35_joint_strike_fighters_and_instead_purchase_f_16s_and_f_a_18s,2019,0,,0.0,https://www.cbo.gov/budget-options/54757,CBO_BUDGET_OPTION_ANNUAL
CBO_2018_cancel_plans_to_purchase_additional_f_35_joint_strike_fighters_and_instead_purchase_f_16s_and_f_a_18s__replace_planned_f_35_purchases,CBO_2018_cancel_plans_to_purchase_additional_f_35_joint_strike_fighters_and_instead_purchase_f_16s_and_f_a_18s,2020,-0.3,,-0.3,https://www.cbo.gov/budget-options/54757,CBO_BUDGET_OPTION_ANNUAL
CBO_2018_cancel_plans_to_purchase_additional_f_35_joint_strike_fighters_and_instead_purchase_f_16s_and_f_a_18s__replace_planned_f_35_purchases,CBO_2018_cancel_plans_to_purchase_additional_f_35_joint_strike_fighters_and_instead_purchase_f_16s_and_f_a_18s,2021,-0.8,,-0.8,https://www.cbo.gov/budget-options/54757,CBO_BUDGET_OPTION_ANNUAL
CBO_2018_cancel_plans_to_purchase_additional_f_35_joint_strike_fighters_and_instead_purchase_f_16s_and_f_a_18s__replace_planned_f_35_purchases,CBO_2018_cancel_plans_to_purchase_additional_f_35_joint_strike_fighters_and_instead_purchase_f_16s_and_f_a_18s,2022,-1.5,,-1.5,https://www.cbo.gov/budget-options/54757,CBO_BUDGET_OPTION_ANNUAL
CBO_2018_cancel_plans_to_purchase_additional_f_35_joint_strike_fighters_and_instead_purchase_f_16s_and_f_a_18s__replace_planned_f_35_purchases,CBO_2018_cancel_plans_to_purchase_additional_f_35_joint_strike_fighters_and_instead_purchase_f_16s_and_f_a_18s,2023,-1.8,,-1.8,https://www.cbo.gov/budget-options/54757,CBO_BUDGET_OPTION_ANNUAL
CBO_2018_cancel_plans_to_purchase_additional_f_35_joint_strike_fighters_and_instead_purchase_f_16s_and_f_a_18s__replace_planned_f_35_purchases,CBO_2018_cancel_plans_to_purchase_additional_f_35_joint_strike_fighters_and_instead_purchase_f_16s_and_f_a_18s,2024,-2,,-2.0,https://www.cbo.gov/budget-options/54757,CBO_BUDGET_OPTION_ANNUAL
CBO_2018_cancel_plans_to_purchase_additional_f_35_joint_strike_fighters_and_instead_purchase_f_16s_and_f_a_18s__replace_planned_f_35_purchases,CBO_2018_cancel_plans_to_purchase_additional_f_35_joint_strike_fighters_and_instead_purchase_f_16s_and_f_a_18s,2025,-2.1,,-2.1,https://www.cbo.gov/budget-options/54757,CBO_BUDGET_OPTION_ANNUAL
CBO_2018_cancel_plans_to_purchase_additional_f_35_joint_strike_fighters_and_instead_purchase_f_16s_and_f_a_18s__replace_planned_f_35_purchases,CBO_2018_cancel_plans_to_purchase_additional_f_35_joint_strike_fighters_and_instead_purchase_f_16s_and_f_a_18s,2026,-1.8,,-1.8,https://www.cbo.gov/budget-options/54757,CBO_BUDGET_OPTION_ANNUAL
CBO_2018_cancel_plans_to_purchase_additional_f_35_joint_strike_fighters_and_instead_purchase_f_16s_and_f_a_18s__replace_planned_f_35_purchases,CBO_2018_cancel_plans_to_purchase_additional_f_35_joint_strike_fighters_and_instead_purchase_f_16s_and_f_a_18s,2027,-1.3,,-1.3,https://www.cbo.gov/budget-options/54757,CBO_BUDGET_OPTION_ANNUAL
CBO_2018_cancel_plans_to_purchase_additional_f_35_joint_strike_fighters_and_instead_purchase_f_16s_and_f_a_18s__replace_planned_f_35_purchases,CBO_2018_cancel_plans_to_purchase_additional_f_35_joint_strike_fighters_and_instead_purchase_f_16s_and_f_a_18s,2028,-1.2,,-1.2,https://www.cbo.gov/budget-options/54757,CBO_BUDGET_OPTION_ANNUAL
CBO_2018_modify_tricare_enrollment_fees_and_cost_sharing_for_working_age_military_retirees__modify_enrollment_fees_and_cost_sharing,CBO_2018_modify_tricare_enrollment_fees_and_cost_sharing_for_working_age_military_retirees,2019,,,0.0,https://www.cbo.gov/budget-options/54763,CBO_BUDGET_OPTION_ANNUAL
CBO_2018_modify_tricare_enrollment_fees_and_cost_sharing_for_working_age_military_retirees__modify_enrollment_fees_and_cost_sharing,CBO_2018_modify_tricare_enrollment_fees_and_cost_sharing_for_working_age_military_retirees,2020,,,0.0,https://www.cbo.gov/budget-options/54763,CBO_BUDGET_OPTION_ANNUAL
CBO_2018_modify_tricare_enrollment_fees_and_cost_sharing_for_working_age_military_retirees__modify_enrollment_fees_and_cost_sharing,CBO_2018_modify_tricare_enrollment_fees_and_cost_sharing_for_working_age_military_retirees,2021,,,-0.8,https://www.cbo.gov/budget-options/54763,CBO_BUDGET_OPTION_ANNUAL
CBO_2018_modify_tricare_enrollment_fees_and_cost_sharing_for_working_age_military_retirees__modify_enrollment_fees_and_cost_sharing,CBO_2018_modify_tricare_enrollment_fees_and_cost_sharing_for_working_age_military_retirees,2022,,,-1.2,https://www.cbo.gov/budget-options/54763,CBO_BUDGET_OPTION_ANNUAL
CBO_2018_modify_tricare_enrollment_fees_and_cost_sharing_for_working_age_military_retirees__modify_enrollment_fees_and_cost_sharing,CBO_2018_modify_tricare_enrollment_fees_and_cost_sharing_for_working_age_military_retirees,2023,,,-1.5,https://www.cbo.gov/budget-options/54763,CBO_BUDGET_OPTION_ANNUAL
CBO_2018_modify_tricare_enrollment_fees_and_cost_sharing_for_working_age_military_retirees__modify_enrollment_fees_and_cost_sharing,CBO_2018_modify_tricare_enrollment_fees_and_cost_sharing_for_working_age_military_retirees,2024,,,-1.6,https://www.cbo.gov/budget-options/54763,CBO_BUDGET_OPTION_ANNUAL
CBO_2018_modify_tricare_enrollment_fees_and_cost_sharing_for_working_age_military_retirees__modify_enrollment_fees_and_cost_sharing,CBO_2018_modify_tricare_enrollment_fees_and_cost_sharing_for_working_age_military_retirees,2025,,,-1.8,https://www.cbo.gov/budget-options/54763,CBO_BUDGET_OPTION_ANNUAL
CBO_2018_modify_tricare_enrollment_fees_and_cost_sharing_for_working_age_military_retirees__modify_enrollment_fees_and_cost_sharing,CBO_2018_modify_tricare_enrollment_fees_and_cost_sharing_for_working_age_military_retirees,2026,,,-2.0,https://www.cbo.gov/budget-options/54763,CBO_BUDGET_OPTION_ANNUAL
CBO_2018_modify_tricare_enrollment_fees_and_cost_sharing_for_working_age_military_retirees__modify_enrollment_fees_and_cost_sharing,CBO_2018_modify_tricare_enrollment_fees_and_cost_sharing_for_working_age_military_retirees,2027,,,-2.1,https://www.cbo.gov/budget-options/54763,CBO_BUDGET_OPTION_ANNUAL
CBO_2018_modify_tricare_enrollment_fees_and_cost_sharing_for_working_age_military_retirees__modify_enrollment_fees_and_cost_sharing,CBO_2018_modify_tricare_enrollment_fees_and_cost_sharing_for_working_age_military_retirees,2028,,,-2.2,https://www.cbo.gov/budget-options/54763,CBO_BUDGET_OPTION_ANNUAL
CBO_2018_cancel_the_ground_based_midcourse_defense_system__cancel_system,CBO_2018_cancel_the_ground_based_midcourse_defense_system,2019,0,,0.0,https://www.cbo.gov/budget-options/54766,CBO_BUDGET_OPTION_ANNUAL
CBO_2018_cancel_the_ground_based_midcourse_defense_system__cancel_system,CBO_2018_cancel_the_ground_based_midcourse_defense_system,2020,-1,,-1.0,https://www.cbo.gov/budget-options/54766,CBO_BUDGET_OPTION_ANNUAL
CBO_2018_cancel_the_ground_based_midcourse_defense_system__cancel_system,CBO_2018_cancel_the_ground_based_midcourse_defense_system,2021,-1.9,,-1.9,https://www.cbo.gov/budget-options/54766,CBO_BUDGET_OPTION_ANNUAL
CBO_2018_cancel_the_ground_based_midcourse_defense_system__cancel_system,CBO_2018_cancel_the_ground_based_midcourse_defense_system,2022,-2,,-2.0,https://www.cbo.gov/budget-options/54766,CBO_BUDGET_OPTION_ANNUAL
CBO_2018_cancel_the_ground_based_midcourse_defense_system__cancel_system,CBO_2018_cancel_the_ground_based_midcourse_defense_system,2023,-1.9,,-1.9,https://www.cbo.gov/budget-options/54766,CBO_BUDGET_OPTION_ANNUAL
CBO_2018_cancel_the_ground_based_midcourse_defense_system__cancel_system,CBO_2018_cancel_the_ground_based_midcourse_defense_system,2024,-1.9,,-1.9,https://www.cbo.gov/budget-options/54766,CBO_BUDGET_OPTION_ANNUAL
CBO_2018_cancel_the_ground_based_midcourse_defense_system__cancel_system,CBO_2018_cancel_the_ground_based_midcourse_defense_system,2025,-2,,-2.0,https://www.cbo.gov/budget-options/54766,CBO_BUDGET_OPTION_ANNUAL
CBO_2018_cancel_the_ground_based_midcourse_defense_system__cancel_system,CBO_2018_cancel_the_ground_based_midcourse_defense_system,2026,-2.2,,-2.2,https://www.cbo.gov/budget-options/54766,CBO_BUDGET_OPTION_ANNUAL
CBO_2018_cancel_the_ground_based_midcourse_defense_system__cancel_system,CBO_2018_cancel_the_ground_based_midcourse_defense_system,2027,-2.4,,-2.4,https://www.cbo.gov/budget-options/54766,CBO_BUDGET_OPTION_ANNUAL
CBO_2018_cancel_the_ground_based_midcourse_defense_system__cancel_system,CBO_2018_cancel_the_ground_based_midcourse_defense_system,2028,-2.5,,-2.5,https://www.cbo.gov/budget-options/54766,CBO_BUDGET_OPTION_ANNUAL
CBO_2018_cancel_development_and_production_of_the_new_missile_in_the_ground_based_strategic_deterrent_program__cancel_new_missile,CBO_2018_cancel_development_and_production_of_the_new_missile_in_the_ground_based_strategic_deterrent_program,2019,0,,0.0,https://www.cbo.gov/budget-options/54768,CBO_BUDGET_OPTION_ANNUAL
CBO_2018_cancel_development_and_production_of_the_new_missile_in_the_ground_based_strategic_deterrent_program__cancel_new_missile,CBO_2018_cancel_development_and_production_of_the_new_missile_in_the_ground_based_strategic_deterrent_program,2020,-0.4,,-0.4,https://www.cbo.gov/budget-options/54768,CBO_BUDGET_OPTION_ANNUAL
CBO_2018_cancel_development_and_production_of_the_new_missile_in_the_ground_based_strategic_deterrent_program__cancel_new_missile,CBO_2018_cancel_development_and_production_of_the_new_missile_in_the_ground_based_strategic_deterrent_program,2021,-1.1,,-1.1,https://www.cbo.gov/budget-options/54768,CBO_BUDGET_OPTION_ANNUAL
CBO_2018_cancel_development_and_production_of_the_new_missile_in_the_ground_based_strategic_deterrent_program__cancel_new_missile,CBO_2018_cancel_development_and_production_of_the_new_missile_in_the_ground_based_strategic_deterrent_program,2022,-1.9,,-1.9,https://www.cbo.gov/budget-options/54768,CBO_BUDGET_OPTION_ANNUAL
CBO_2018_cancel_development_and_production_of_the_new_missile_in_the_ground_based_strategic_deterrent_program__cancel_new_missile,CBO_2018_cancel_development_and_production_of_the_new_missile_in_the_ground_based_strategic_deterrent_program,2023,-2.6,,-2.6,https://www.cbo.gov/budget-options/54768,CBO_BUDGET_OPTION_ANNUAL
CBO_2018_cancel_development_and_production_of_the_new_missile_in_the_ground_based_strategic_deterrent_program__cancel_new_missile,CBO_2018_cancel_development_and_production_of_the_new_missile_in_the_ground_based_strategic_deterrent_program,2024,-3.3,,-3.3,https://www.cbo.gov/budget-options/54768,CBO_BUDGET_OPTION_ANNUAL
CBO_2018_cancel_development_and_production_of_the_new_missile_in_the_ground_based_strategic_deterrent_program__cancel_new_missile,CBO_2018_cancel_development_and_production_of_the_new_missile_in_the_ground_based_strategic_deterrent_program,2025,-3.7,,-3.7,https://www.cbo.gov/budget-options/54768,CBO_BUDGET_OPTION_ANNUAL
CBO_2018_cancel_development_and_production_of_the_new_missile_in_the_ground_based_strategic_deterrent_program__cancel_new_missile,CBO_2018_cancel_development_and_production_of_the_new_missile_in_the_ground_based_strategic_deterrent_program,2026,-3.9,,-3.9,https://www.cbo.gov/budget-options/54768,CBO_BUDGET_OPTION_ANNUAL
CBO_2018_cancel_development_and_production_of_the_new_missile_in_the_ground_based_strategic_deterrent_program__cancel_new_missile,CBO_2018_cancel_development_and_production_of_the_new_missile_in_the_ground_based_strategic_deterrent_program,2027,-3.7,,-3.7,https://www.cbo.gov/budget-options/54768,CBO_BUDGET_OPTION_ANNUAL
CBO_2018_cancel_development_and_production_of_the_new_missile_in_the_ground_based_strategic_deterrent_program__cancel_new_missile,CBO_2018_cancel_development_and_production_of_the_new_missile_in_the_ground_based_strategic_deterrent_program,2028,-3.6,,-3.6,https://www.cbo.gov/budget-options/54768,CBO_BUDGET_OPTION_ANNUAL
CBO_2018_reduce_appropriations_for_global_health_to_their_level_in_2000__reduce_appropriations,CBO_2018_reduce_appropriations_for_global_health_to_their_level_in_2000,2019,0,,0.0,https://www.cbo.gov/budget-options/54770,CBO_BUDGET_OPTION_ANNUAL
CBO_2018_reduce_appropriations_for_global_health_to_their_level_in_2000__reduce_appropriations,CBO_2018_reduce_appropriations_for_global_health_to_their_level_in_2000,2020,-0.5,,-0.5,https://www.cbo.gov/budget-options/54770,CBO_BUDGET_OPTION_ANNUAL
CBO_2018_reduce_appropriations_for_global_health_to_their_level_in_2000__reduce_appropriations,CBO_2018_reduce_appropriations_for_global_health_to_their_level_in_2000,2021,-3.3,,-3.3,https://www.cbo.gov/budget-options/54770,CBO_BUDGET_OPTION_ANNUAL
CBO_2018_reduce_appropriations_for_global_health_to_their_level_in_2000__reduce_appropriations,CBO_2018_reduce_appropriations_for_global_health_to_their_level_in_2000,2022,-5.8,,-5.8,https://www.cbo.gov/budget-options/54770,CBO_BUDGET_OPTION_ANNUAL
CBO_2018_reduce_appropriations_for_global_health_to_their_level_in_2000__reduce_appropriations,CBO_2018_reduce_appropriations_for_global_health_to_their_level_in_2000,2023,-6.9,,-6.9,https://www.cbo.gov/budget-options/54770,CBO_BUDGET_OPTION_ANNUAL
CBO_2018_reduce_appropriations_for_global_health_to_their_level_in_2000__reduce_appropriations,CBO_2018_reduce_appropriations_for_global_health_to_their_level_in_2000,2024,-7.4,,-7.4,https://www.cbo.gov/budget-options/54770,CBO_BUDGET_OPTION_ANNUAL
CBO_2018_reduce_appropriations_for_global_health_to_their_level_in_2000__reduce_appropriations,CBO_2018_reduce_appropriations_for_global_health_to_their_level_in_2000,2025,-7.8,,-7.8,https://www.cbo.gov/budget-options/54770,CBO_BUDGET_OPTION_ANNUAL
CBO_2018_reduce_appropriations_for_global_health_to_their_level_in_2000__reduce_appropriations,CBO_2018_reduce_appropriations_for_global_health_to_their_level_in_2000,2026,-8.2,,-8.2,https://www.cbo.gov/budget-options/54770,CBO_BUDGET_OPTION_ANNUAL
CBO_2018_reduce_appropriations_for_global_health_to_their_level_in_2000__reduce_appropriations,CBO_2018_reduce_appropriations_for_global_health_to_their_level_in_2000,2027,-8.4,,-8.4,https://www.cbo.gov/budget-options/54770,CBO_BUDGET_OPTION_ANNUAL
CBO_2018_reduce_appropriations_for_global_health_to_their_level_in_2000__reduce_appropriations,CBO_2018_reduce_appropriations_for_global_health_to_their_level_in_2000,2028,-8.6,,-8.6,https://www.cbo.gov/budget-options/54770,CBO_BUDGET_OPTION_ANNUAL
CBO_2018_eliminate_human_space_exploration_programs__eliminate_programs,CBO_2018_eliminate_human_space_exploration_programs,2019,0,,0.0,https://www.cbo.gov/budget-options/54771,CBO_BUDGET_OPTION_ANNUAL
CBO_2018_eliminate_human_space_exploration_programs__eliminate_programs,CBO_2018_eliminate_human_space_exploration_programs,2020,-7.1,,-7.1,https://www.cbo.gov/budget-options/54771,CBO_BUDGET_OPTION_ANNUAL
CBO_2018_eliminate_human_space_exploration_programs__eliminate_programs,CBO_2018_eliminate_human_space_exploration_programs,2021,-9,,-9.0,https://www.cbo.gov/budget-options/54771,CBO_BUDGET_OPTION_ANNUAL
CBO_2018_eliminate_human_space_exploration_programs__eliminate_programs,CBO_2018_eliminate_human_space_exploration_programs,2022,-9.7,,-9.7,https://www.cbo.gov/budget-options/54771,CBO_BUDGET_OPTION_ANNUAL
CBO_2018_eliminate_human_space_exploration_programs__eliminate_programs,CBO_2018_eliminate_human_space_exploration_programs,2023,-10,,-10.0,https://www.cbo.gov/budget-options/54771,CBO_BUDGET_OPTION_ANNUAL
CBO_2018_eliminate_human_space_exploration_programs__eliminate_programs,CBO_2018_eliminate_human_space_exploration_programs,2024,-10.2,,-10.2,https://www.cbo.gov/budget-options/54771,CBO_BUDGET_OPTION_ANNUAL
CBO_2018_eliminate_human_space_exploration_programs__eliminate_programs,CBO_2018_eliminate_human_space_exploration_programs,2025,-10.5,,-10.5,https://www.cbo.gov/budget-options/54771,CBO_BUDGET_OPTION_ANNUAL
CBO_2018_eliminate_human_space_exploration_programs__eliminate_programs,CBO_2018_eliminate_human_space_exploration_programs,2026,-10.7,,-10.7,https://www.cbo.gov/budget-options/54771,CBO_BUDGET_OPTION_ANNUAL
CBO_2018_eliminate_human_space_exploration_programs__eliminate_programs,CBO_2018_eliminate_human_space_exploration_programs,2027,-11,,-11.0,https://www.cbo.gov/budget-options/54771,CBO_BUDGET_OPTION_ANNUAL
CBO_2018_eliminate_human_space_exploration_programs__eliminate_programs,CBO_2018_eliminate_human_space_exploration_programs,2028,-11.2,,-11.2,https://www.cbo.gov/budget-options/54771,CBO_BUDGET_OPTION_ANNUAL
CBO_2018_reduce_department_of_energy_funding_for_energy_technology_development__fossil_energy_technology,CBO_2018_reduce_department_of_energy_funding_for_energy_technology_development,2019,0,,0.0,https://www.cbo.gov/budget-options/54772,CBO_BUDGET_OPTION_ANNUAL
CBO_2018_reduce_department_of_energy_funding_for_energy_technology_development__fossil_energy_technology,CBO_2018_reduce_department_of_energy_funding_for_energy_technology_development,2020,0,,0.0,https://www.cbo.gov/budget-options/54772,CBO_BUDGET_OPTION_ANNUAL
CBO_2018_reduce_department_of_energy_funding_for_energy_technology_development__fossil_energy_technology,CBO_2018_reduce_department_of_energy_funding_for_energy_technology_development,2021,-0.1,,-0.1,https://www.cbo.gov/budget-options/54772,CBO_BUDGET_OPTION_ANNUAL
CBO_2018_reduce_department_of_energy_funding_for_energy_technology_development__fossil_energy_technology,CBO_2018_reduce_department_of_energy_funding_for_energy_technology_development,2022,-0.2,,-0.2,https://www.cbo.gov/budget-options/54772,CBO_BUDGET_OPTION_ANNUAL
CBO_2018_reduce_department_of_energy_funding_for_energy_technology_development__fossil_energy_technology,CBO_2018_reduce_department_of_energy_funding_for_energy_technology_development,2023,-0.3,,-0.3,https://www.cbo.gov/budget-options/54772,CBO_BUDGET_OPTION_ANNUAL
CBO_2018_reduce_department_of_energy_funding_for_energy_technology_development__fossil_energy_technology,CBO_2018_reduce_department_of_energy_funding_for_energy_technology_development,2024,-0.4,,-0.4,https://www.cbo.gov/budget-options/54772,CBO_BUDGET_OPTION_ANNUAL
CBO_2018_reduce_department_of_energy_funding_for_energy_technology_development__fossil_energy_technology,CBO_2018_reduce_department_of_energy_funding_for_energy_technology_development,2025,-0.5,,-0.5,https://www.cbo.gov/budget-options/54772,CBO_BUDGET_OPTION_ANNUAL
CBO_2018_reduce_department_of_energy_funding_for_energy_technology_development__fossil_energy_technology,CBO_2018_reduce_department_of_energy_funding_for_energy_technology_development,2026,-0.5,,-0.5,https://www.cbo.gov/budget-options/54772,CBO_BUDGET_OPTION_ANNUAL
CBO_2018_reduce_department_of_energy_funding_for_energy_technology_development__fossil_energy_technology,CBO_2018_reduce_department_of_energy_funding_for_energy_technology_development,2027,-0.5,,-0.5,https://www.cbo.gov/budget-options/54772,CBO_BUDGET_OPTION_ANNUAL
CBO_2018_reduce_department_of_energy_funding_for_energy_technology_development__fossil_energy_technology,CBO_2018_reduce_department_of_energy_funding_for_energy_technology_development,2028,-0.5,,-0.5,https://www.cbo.gov/budget-options/54772,CBO_BUDGET_OPTION_ANNUAL
CBO_2018_reduce_department_of_energy_funding_for_energy_technology_development__nuclear_energy_technology,CBO_2018_reduce_department_of_energy_funding_for_energy_technology_development,2019,0,,0.0,https://www.cbo.gov/budget-options/54772,CBO_BUDGET_OPTION_ANNUAL
CBO_2018_reduce_department_of_energy_funding_for_energy_technology_development__nuclear_energy_technology,CBO_2018_reduce_department_of_energy_funding_for_energy_technology_development,2020,-0.1,,-0.1,https://www.cbo.gov/budget-options/54772,CBO_BUDGET_OPTION_ANNUAL
CBO_2018_reduce_department_of_energy_funding_for_energy_technology_development__nuclear_energy_technology,CBO_2018_reduce_department_of_energy_funding_for_energy_technology_development,2021,-0.3,,-0.3,https://www.cbo.gov/budget-options/54772,CBO_BUDGET_OPTION_ANNUAL
CBO_2018_reduce_department_of_energy_funding_for_energy_technology_development__nuclear_energy_technology,CBO_2018_reduce_department_of_energy_funding_for_energy_technology_development,2022,-0.5,,-0.5,https://www.cbo.gov/budget-options/54772,CBO_BUDGET_OPTION_ANNUAL
CBO_2018_reduce_department_of_energy_funding_for_energy_technology_development__nuclear_energy_technology,CBO_2018_reduce_department_of_energy_funding_for_energy_technology_development,2023,-0.6,,-0.6,https://www.cbo.gov/budget-options/54772,CBO_BUDGET_OPTION_ANNUAL
CBO_2018_reduce_department_of_energy_funding_for_energy_technology_development__nuclear_energy_technology,CBO_2018_reduce_department_of_energy_funding_for_energy_technology_development,2024,-0.6,,-0.6,https://www.cbo.gov/budget-options/54772,CBO_BUDGET_OPTION_ANNUAL
CBO_2018_reduce_department_of_energy_funding_for_energy_technology_development__nuclear_energy_technology,CBO_2018_reduce_department_of_energy_funding_for_energy_technology_development,2025,-0.6,,-0.6,https://www.cbo.gov/budget-options/54772,CBO_BUDGET_OPTION_ANNUAL
CBO_2018_reduce_department_of_energy_funding_for_energy_technology_development__nuclear_energy_technology,CBO_2018_reduce_department_of_energy_funding_for_energy_technology_development,2026,-0.7,,-0.7,https://www.cbo.gov/budget-options/54772,CBO_BUDGET_OPTION_ANNUAL
CBO_2018_reduce_department_of_energy_funding_for_energy_technology_development__nuclear_energy_technology,CBO_2018_reduce_department_of_energy_funding_for_energy_technology_development,2027,-0.7,,-0.7,https://www.cbo.gov/budget-options/54772,CBO_BUDGET_OPTION_ANNUAL
CBO_2018_reduce_department_of_energy_funding_for_energy_technology_development__nuclear_energy_technology,CBO_2018_reduce_department_of_energy_funding_for_energy_technology_development,2028,-0.7,,-0.7,https://www.cbo.gov/budget-options/54772,CBO_BUDGET_OPTION_ANNUAL
CBO_2018_reduce_department_of_energy_funding_for_energy_technology_development__renewable_energy_technology,CBO_2018_reduce_department_of_energy_funding_for_energy_technology_development,2019,0,,0.0,https://www.cbo.gov/budget-options/54772,CBO_BUDGET_OPTION_ANNUAL
CBO_2018_reduce_department_of_energy_funding_for_energy_technology_development__renewable_energy_technology,CBO_2018_reduce_department_of_energy_funding_for_energy_technology_development,2020,-0.1,,-0.1,https://www.cbo.gov/budget-options/54772,CBO_BUDGET_OPTION_ANNUAL
CBO_2018_reduce_department_of_energy_funding_for_energy_technology_development__renewable_energy_technology,CBO_2018_reduce_department_of_energy_funding_for_energy_technology_development,2021,-0.3,,-0.3,https://www.cbo.gov/budget-options/54772,CBO_BUDGET_OPTION_ANNUAL
CBO_2018_reduce_department_of_energy_funding_for_energy_technology_development__renewable_energy_technology,CBO_2018_reduce_department_of_energy_funding_for_energy_technology_development,2022,-0.6,,-0.6,https://www.cbo.gov/budget-options/54772,CBO_BUDGET_OPTION_ANNUAL
CBO_2018_reduce_department_of_energy_funding_for_energy_technology_development__renewable_energy_technology,CBO_2018_reduce_department_of_energy_funding_for_energy_technology_development,2023,-0.9,,-0.9,https://www.cbo.gov/budget-options/54772,CBO_BUDGET_OPTION_ANNUAL
CBO_2018_reduce_department_of_energy_funding_for_energy_technology_development__renewable_energy_technology,CBO_2018_reduce_department_of_energy_funding_for_energy_technology_development,2024,-1.1,,-1.1,https://www.cbo.gov/budget-options/54772,CBO_BUDGET_OPTION_ANNUAL
CBO_2018_reduce_department_of_energy_funding_for_energy_technology_development__renewable_energy_technology,CBO_2018_reduce_department_of_energy_funding_for_energy_technology_development,2025,-1.2,,-1.2,https://www.cbo.gov/budget-options/54772,CBO_BUDGET_OPTION_ANNUAL
CBO_2018_reduce_department_of_energy_funding_for_energy_technology_development__renewable_energy_technology,CBO_2018_reduce_department_of_energy_funding_for_energy_technology_development,2026,-1.3,,-1.3,https://www.cbo.gov/budget-options/54772,CBO_BUDGET_OPTION_ANNUAL
CBO_2018_reduce_department_of_energy_funding_for_energy_technology_development__renewable_energy_technology,CBO_2018_reduce_department_of_energy_funding_for_energy_technology_development,2027,-1.4,,-1.4,https://www.cbo.gov/budget-options/54772,CBO_BUDGET_OPTION_ANNUAL
CBO_2018_reduce_department_of_energy_funding_for_energy_technology_development__renewable_energy_technology,CBO_2018_reduce_department_of_energy_funding_for_energy_technology_development,2028,-1.4,,-1.4,https://www.cbo.gov/budget-options/54772,CBO_BUDGET_OPTION_ANNUAL
CBO_2018_reduce_department_of_energy_funding_for_energy_technology_development__all_specified_technology_development,CBO_2018_reduce_department_of_energy_funding_for_energy_technology_development,2019,0,,0.0,https://www.cbo.gov/budget-options/54772,CBO_BUDGET_OPTION_ANNUAL
CBO_2018_reduce_department_of_energy_funding_for_energy_technology_development__all_specified_technology_development,CBO_2018_reduce_department_of_energy_funding_for_energy_technology_development,2020,-0.2,,-0.2,https://www.cbo.gov/budget-options/54772,CBO_BUDGET_OPTION_ANNUAL
CBO_2018_reduce_department_of_energy_funding_for_energy_technology_development__all_specified_technology_development,CBO_2018_reduce_department_of_energy_funding_for_energy_technology_development,2021,-0.7,,-0.7,https://www.cbo.gov/budget-options/54772,CBO_BUDGET_OPTION_ANNUAL
CBO_2018_reduce_department_of_energy_funding_for_energy_technology_development__all_specified_technology_development,CBO_2018_reduce_department_of_energy_funding_for_energy_technology_development,2022,-1.3,,-1.3,https://www.cbo.gov/budget-options/54772,CBO_BUDGET_OPTION_ANNUAL
CBO_2018_reduce_department_of_energy_funding_for_energy_technology_development__all_specified_technology_development,CBO_2018_reduce_department_of_energy_funding_for_energy_technology_development,2023,-1.8,,-1.8,https://www.cbo.gov/budget-options/54772,CBO_BUDGET_OPTION_ANNUAL
CBO_2018_reduce_department_of_energy_funding_for_energy_technology_development__all_specified_technology_development,CBO_2018_reduce_department_of_energy_funding_for_energy_technology_development,2024,-2.1,,-2.1,https://www.cbo.gov/budget-options/54772,CBO_BUDGET_OPTION_ANNUAL
CBO_2018_reduce_department_of_energy_funding_for_energy_technology_development__all_specified_technology_development,CBO_2018_reduce_department_of_energy_funding_for_energy_technology_development,2025,-2.3,,-2.3,https://www.cbo.gov/budget-options/54772,CBO_BUDGET_OPTION_ANNUAL
CBO_2018_reduce_department_of_energy_funding_for_energy_technology_development__all_specified_technology_development,CBO_2018_reduce_department_of_energy_funding_for_energy_technology_development,2026,-2.5,,-2.5,https://www.cbo.gov/budget-options/54772,CBO_BUDGET_OPTION_ANNUAL
CBO_2018_reduce_department_of_energy_funding_for_energy_technology_development__all_specified_technology_development,CBO_2018_reduce_department_of_energy_funding_for_energy_technology_development,2027,-2.5,,-2.5,https://www.cbo.gov/budget-options/54772,CBO_BUDGET_OPTION_ANNUAL
CBO_2018_reduce_department_of_energy_funding_for_energy_technology_development__all_specified_technology_development,CBO_2018_reduce_department_of_energy_funding_for_energy_technology_development,2028,-2.6,,-2.6,https://www.cbo.gov/budget-options/54772,CBO_BUDGET_OPTION_ANNUAL
CBO_2018_limit_highway_and_transit_funding_to_expected_revenues__limit_funding,CBO_2018_limit_highway_and_transit_funding_to_expected_revenues,2019,0,,0.0,https://www.cbo.gov/budget-options/54774,CBO_BUDGET_OPTION_ANNUAL
CBO_2018_limit_highway_and_transit_funding_to_expected_revenues__limit_funding,CBO_2018_limit_highway_and_transit_funding_to_expected_revenues,2020,0,,0.0,https://www.cbo.gov/budget-options/54774,CBO_BUDGET_OPTION_ANNUAL
CBO_2018_limit_highway_and_transit_funding_to_expected_revenues__limit_funding,CBO_2018_limit_highway_and_transit_funding_to_expected_revenues,2021,-2,,-2.0,https://www.cbo.gov/budget-options/54774,CBO_BUDGET_OPTION_ANNUAL
CBO_2018_limit_highway_and_transit_funding_to_expected_revenues__limit_funding,CBO_2018_limit_highway_and_transit_funding_to_expected_revenues,2022,-9,,-9.0,https://www.cbo.gov/budget-options/54774,CBO_BUDGET_OPTION_ANNUAL
CBO_2018_limit_highway_and_transit_funding_to_expected_revenues__limit_funding,CBO_2018_limit_highway_and_transit_funding_to_expected_revenues,2023,-12,,-12.0,https://www.cbo.gov/budget-options/54774,CBO_BUDGET_OPTION_ANNUAL
CBO_2018_limit_highway_and_transit_funding_to_expected_revenues__limit_funding,CBO_2018_limit_highway_and_transit_funding_to_expected_revenues,2024,-14,,-14.0,https://www.cbo.gov/budget-options/54774,CBO_BUDGET_OPTION_ANNUAL
CBO_2018_limit_highway_and_transit_funding_to_expected_revenues__limit_funding,CBO_2018_limit_highway_and_transit_funding_to_expected_revenues,2025,-17,,-17.0,https://www.cbo.gov/budget-options/54774,CBO_BUDGET_OPTION_ANNUAL
CBO_2018_limit_highway_and_transit_funding_to_expected_revenues__limit_funding,CBO_2018_limit_highway_and_transit_funding_to_expected_revenues,2026,-19,,-19.0,https://www.cbo.gov/budget-options/54774,CBO_BUDGET_OPTION_ANNUAL
CBO_2018_limit_highway_and_transit_funding_to_expected_revenues__limit_funding,CBO_2018_limit_highway_and_transit_funding_to_expected_revenues,2027,-21,,-21.0,https://www.cbo.gov/budget-options/54774,CBO_BUDGET_OPTION_ANNUAL
CBO_2018_limit_highway_and_transit_funding_to_expected_revenues__limit_funding,CBO_2018_limit_highway_and_transit_funding_to_expected_revenues,2028,-22,,-22.0,https://www.cbo.gov/budget-options/54774,CBO_BUDGET_OPTION_ANNUAL
CBO_2018_eliminate_the_federal_transit_administration__eliminate_fta,CBO_2018_eliminate_the_federal_transit_administration,2019,0,,0.0,https://www.cbo.gov/budget-options/54775,CBO_BUDGET_OPTION_ANNUAL
CBO_2018_eliminate_the_federal_transit_administration__eliminate_fta,CBO_2018_eliminate_the_federal_transit_administration,2020,0,,0.0,https://www.cbo.gov/budget-options/54775,CBO_BUDGET_OPTION_ANNUAL
CBO_2018_eliminate_the_federal_transit_administration__eliminate_fta,CBO_2018_eliminate_the_federal_transit_administration,2021,-2,,-2.0,https://www.cbo.gov/budget-options/54775,CBO_BUDGET_OPTION_ANNUAL
CBO_2018_eliminate_the_federal_transit_administration__eliminate_fta,CBO_2018_eliminate_the_federal_transit_administration,2022,-6,,-6.0,https://www.cbo.gov/budget-options/54775,CBO_BUDGET_OPTION_ANNUAL
CBO_2018_eliminate_the_federal_transit_administration__eliminate_fta,CBO_2018_eliminate_the_federal_transit_administration,2023,-9,,-9.0,https://www.cbo.gov/budget-options/54775,CBO_BUDGET_OPTION_ANNUAL
CBO_2018_eliminate_the_federal_transit_administration__eliminate_fta,CBO_2018_eliminate_the_federal_transit_administration,2024,-11,,-11.0,https://www.cbo.gov/budget-options/54775,CBO_BUDGET_OPTION_ANNUAL
CBO_2018_eliminate_the_federal_transit_administration__eliminate_fta,CBO_2018_eliminate_the_federal_transit_administration,2025,-13,,-13.0,https://www.cbo.gov/budget-options/54775,CBO_BUDGET_OPTION_ANNUAL
CBO_2018_eliminate_the_federal_transit_administration__eliminate_fta,CBO_2018_eliminate_the_federal_transit_administration,2026,-15,,-15.0,https://www.cbo.gov/budget-options/54775,CBO_BUDGET_OPTION_ANNUAL
CBO_2018_eliminate_the_federal_transit_administration__eliminate_fta,CBO_2018_eliminate_the_federal_transit_administration,2027,-16,,-16.0,https://www.cbo.gov/budget-options/54775,CBO_BUDGET_OPTION_ANNUAL
CBO_2018_eliminate_the_federal_transit_administration__eliminate_fta,CBO_2018_eliminate_the_federal_transit_administration,2028,-16,,-16.0,https://www.cbo.gov/budget-options/54775,CBO_BUDGET_OPTION_ANNUAL
CBO_2018_increase_the_passenger_fee_for_aviation_security__increase_passenger_fee,CBO_2018_increase_the_passenger_fee_for_aviation_security,2019,,0,0.0,https://www.cbo.gov/budget-options/54776,CBO_BUDGET_OPTION_ANNUAL
CBO_2018_increase_the_passenger_fee_for_aviation_security__increase_passenger_fee,CBO_2018_increase_the_passenger_fee_for_aviation_security,2020,,2,-2.0,https://www.cbo.gov/budget-options/54776,CBO_BUDGET_OPTION_ANNUAL
CBO_2018_increase_the_passenger_fee_for_aviation_security__increase_passenger_fee,CBO_2018_increase_the_passenger_fee_for_aviation_security,2021,,2,-2.0,https://www.cbo.gov/budget-options/54776,CBO_BUDGET_OPTION_ANNUAL
CBO_2018_increase_the_passenger_fee_for_aviation_security__increase_passenger_fee,CBO_2018_increase_the_passenger_fee_for_aviation_security,2022,,2.1,-2.1,https://www.cbo.gov/budget-options/54776,CBO_BUDGET_OPTION_ANNUAL
CBO_2018_increase_the_passenger_fee_for_aviation_security__increase_passenger_fee,CBO_2018_increase_the_passenger_fee_for_aviation_security,2023,,2.2,-2.2,https://www.cbo.gov/budget-options/54776,CBO_BUDGET_OPTION_ANNUAL
CBO_2018_increase_the_passenger_fee_for_aviation_security__increase_passenger_fee,CBO_2018_increase_the_passenger_fee_for_aviation_security,2024,,2.3,-2.3,https://www.cbo.gov/budget-options/54776,CBO_BUDGET_OPTION_ANNUAL
CBO_2018_increase_the_passenger_fee_for_aviation_security__increase_passenger_fee,CBO_2018_increase_the_passenger_fee_for_aviation_security,2025,,2.4,-2.4,https://www.cbo.gov/budget-options/54776,CBO_BUDGET_OPTION_ANNUAL
CBO_2018_increase_the_passenger_fee_for_aviation_security__increase_passenger_fee,CBO_2018_increase_the_passenger_fee_for_aviation_security,2026,,2.4,-2.4,https://www.cbo.gov/budget-options/54776,CBO_BUDGET_OPTION_ANNUAL
CBO_2018_increase_the_passenger_fee_for_aviation_security__increase_passenger_fee,CBO_2018_increase_the_passenger_fee_for_aviation_security,2027,,2.5,-2.5,https://www.cbo.gov/budget-options/54776,CBO_BUDGET_OPTION_ANNUAL
CBO_2018_increase_the_passenger_fee_for_aviation_security__increase_passenger_fee,CBO_2018_increase_the_passenger_fee_for_aviation_security,2028,,2.6,-2.6,https://www.cbo.gov/budget-options/54776,CBO_BUDGET_OPTION_ANNUAL
CBO_2018_increase_payments_by_tenants_in_federally_assisted_housing__increase_tenant_payments,CBO_2018_increase_payments_by_tenants_in_federally_assisted_housing,2019,0,,0.0,https://www.cbo.gov/budget-options/54780,CBO_BUDGET_OPTION_ANNUAL
CBO_2018_increase_payments_by_tenants_in_federally_assisted_housing__increase_tenant_payments,CBO_2018_increase_payments_by_tenants_in_federally_assisted_housing,2020,-0.3,,-0.3,https://www.cbo.gov/budget-options/54780,CBO_BUDGET_OPTION_ANNUAL
CBO_2018_increase_payments_by_tenants_in_federally_assisted_housing__increase_tenant_payments,CBO_2018_increase_payments_by_tenants_in_federally_assisted_housing,2021,-0.9,,-0.9,https://www.cbo.gov/budget-options/54780,CBO_BUDGET_OPTION_ANNUAL
CBO_2018_increase_payments_by_tenants_in_federally_assisted_housing__increase_tenant_payments,CBO_2018_increase_payments_by_tenants_in_federally_assisted_housing,2022,-1.5,,-1.5,https://www.cbo.gov/budget-options/54780,CBO_BUDGET_OPTION_ANNUAL
CBO_2018_increase_payments_by_tenants_in_federally_assisted_housing__increase_tenant_payments,CBO_2018_increase_payments_by_tenants_in_federally_assisted_housing,2023,-2.2,,-2.2,https://www.cbo.gov/budget-options/54780,CBO_BUDGET_OPTION_ANNUAL
CBO_2018_increase_payments_by_tenants_in_federally_assisted_housing__increase_tenant_payments,CBO_2018_increase_payments_by_tenants_in_federally_assisted_housing,2024,-2.9,,-2.9,https://www.cbo.gov/budget-options/54780,CBO_BUDGET_OPTION_ANNUAL
CBO_2018_increase_payments_by_tenants_in_federally_assisted_housing__increase_tenant_payments,CBO_2018_increase_payments_by_tenants_in_federally_assisted_housing,2025,-3.2,,-3.2,https://www.cbo.gov/budget-options/54780,CBO_BUDGET_OPTION_ANNUAL
CBO_2018_increase_payments_by_tenants_in_federally_assisted_housing__increase_tenant_payments,CBO_2018_increase_payments_by_tenants_in_federally_assisted_housing,2026,-3.3,,-3.3,https://www.cbo.gov/budget-options/54780,CBO_BUDGET_OPTION_ANNUAL
CBO_2018_increase_payments_by_tenants_in_federally_assisted_housing__increase_tenant_payments,CBO_2018_increase_payments_by_tenants_in_federally_assisted_housing,2027,-3.4,,-3.4,https://www.cbo.gov/budget-options/54780,CBO_BUDGET_OPTION_ANNUAL
CBO_2018_increase_payments_by_tenants_in_federally_assisted_housing__increase_tenant_payments,CBO_2018_increase_payments_by_tenants_in_federally_assisted_housing,2028,-3.5,,-3.5,https://www.cbo.gov/budget-options/54780,CBO_BUDGET_OPTION_ANNUAL
CBO_2018_reduce_funding_for_the_housing_choice_voucher_program_or_eliminate_the_program__reduce_funding,CBO_2018_reduce_funding_for_the_housing_choice_voucher_program_or_eliminate_the_program,2019,0,,0.0,https://www.cbo.gov/budget-options/54781,CBO_BUDGET_OPTION_ANNUAL
CBO_2018_reduce_funding_for_the_housing_choice_voucher_program_or_eliminate_the_program__reduce_funding,CBO_2018_reduce_funding_for_the_housing_choice_voucher_program_or_eliminate_the_program,2020,-1,,-1.0,https://www.cbo.gov/budget-options/54781,CBO_BUDGET_OPTION_ANNUAL
CBO_2018_reduce_funding_for_the_housing_choice_voucher_program_or_eliminate_the_program__reduce_funding,CBO_2018_reduce_funding_for_the_housing_choice_voucher_program_or_eliminate_the_program,2021,-1,,-1.0,https://www.cbo.gov/budget-options/54781,CBO_BUDGET_OPTION_ANNUAL
CBO_2018_reduce_funding_for_the_housing_choice_voucher_program_or_eliminate_the_program__reduce_funding,CBO_2018_reduce_funding_for_the_housing_choice_voucher_program_or_eliminate_the_program,2022,-1,,-1.0,https://www.cbo.gov/budget-options/54781,CBO_BUDGET_OPTION_ANNUAL
CBO_2018_reduce_funding_for_the_housing_choice_voucher_program_or_eliminate_the_program__reduce_funding,CBO_2018_reduce_funding_for_the_housing_choice_voucher_program_or_eliminate_the_program,2023,-1,,-1.0,https://www.cbo.gov/budget-options/54781,CBO_BUDGET_OPTION_ANNUAL
CBO_2018_reduce_funding_for_the_housing_choice_voucher_program_or_eliminate_the_program__reduce_funding,CBO_2018_reduce_funding_for_the_housing_choice_voucher_program_or_eliminate_the_program,2024,-1,,-1.0,https://www.cbo.gov/budget-options/54781,CBO_BUDGET_OPTION_ANNUAL
CBO_2018_reduce_funding_for_the_housing_choice_voucher_program_or_eliminate_the_program__reduce_funding,CBO_2018_reduce_funding_for_the_housing_choice_voucher_program_or_eliminate_the_program,2025,-1,,-1.0,https://www.cbo.gov/budget-options/54781,CBO_BUDGET_OPTION_ANNUAL
CBO_2018_reduce_funding_for_the_housing_choice_voucher_program_or_eliminate_the_program__reduce_funding,CBO_2018_reduce_funding_for_the_housing_choice_voucher_program_or_eliminate_the_program,2026,-1,,-1.0,https://www.cbo.gov/budget-options/54781,CBO_BUDGET_OPTION_ANNUAL
CBO_2018_reduce_funding_for_the_housing_choice_voucher_program_or_eliminate_the_program__reduce_funding,CBO_2018_reduce_funding_for_the_housing_choice_voucher_program_or_eliminate_the_program,2027,-1,,-1.0,https://www.cbo.gov/budget-options/54781,CBO_BUDGET_OPTION_ANNUAL
CBO_2018_reduce_funding_for_the_housing_choice_voucher_program_or_eliminate_the_program__reduce_funding,CBO_2018_reduce_funding_for_the_housing_choice_voucher_program_or_eliminate_the_program,2028,-1,,-1.0,https://www.cbo.gov/budget-options/54781,CBO_BUDGET_OPTION_ANNUAL
CBO_2018_reduce_funding_for_the_housing_choice_voucher_program_or_eliminate_the_program__eliminate_program,CBO_2018_reduce_funding_for_the_housing_choice_voucher_program_or_eliminate_the_program,2019,0,,0.0,https://www.cbo.gov/budget-options/54781,CBO_BUDGET_OPTION_ANNUAL
CBO_2018_reduce_funding_for_the_housing_choice_voucher_program_or_eliminate_the_program__eliminate_program,CBO_2018_reduce_funding_for_the_housing_choice_voucher_program_or_eliminate_the_program,2020,-2,,-2.0,https://www.cbo.gov/budget-options/54781,CBO_BUDGET_OPTION_ANNUAL
CBO_2018_reduce_funding_for_the_housing_choice_voucher_program_or_eliminate_the_program__eliminate_program,CBO_2018_reduce_funding_for_the_housing_choice_voucher_program_or_eliminate_the_program,2021,-5,,-5.0,https://www.cbo.gov/budget-options/54781,CBO_BUDGET_OPTION_ANNUAL
CBO_2018_reduce_funding_for_the_housing_choice_voucher_program_or_eliminate_the_program__eliminate_program,CBO_2018_reduce_funding_for_the_housing_choice_voucher_program_or_eliminate_the_program,2022,-8,,-8.0,https://www.cbo.gov/budget-options/54781,CBO_BUDGET_OPTION_ANNUAL
CBO_2018_reduce_funding_for_the_housing_choice_voucher_program_or_eliminate_the_program__eliminate_program,CBO_2018_reduce_funding_for_the_housing_choice_voucher_program_or_eliminate_the_program,2023,-10,,-10.0,https://www.cbo.gov/budget-options/54781,CBO_BUDGET_OPTION_ANNUAL
CBO_2018_reduce_funding_for_the_housing_choice_voucher_program_or_eliminate_the_program__eliminate_program,CBO_2018_reduce_funding_for_the_housing_choice_voucher_program_or_eliminate_the_program,2024,-13,,-13.0,https://www.cbo.gov/budget-options/54781,CBO_BUDGET_OPTION_ANNUAL
CBO_2018_reduce_funding_for_the_housing_choice_voucher_program_or_eliminate_the_program__eliminate_program,CBO_2018_reduce_funding_for_the_housing_choice_voucher_program_or_eliminate_the_program,2025,-17,,-17.0,https://www.cbo.gov/budget-options/54781,CBO_BUDGET_OPTION_ANNUAL
CBO_2018_reduce_funding_for_the_housing_choice_voucher_program_or_eliminate_the_program__eliminate_program,CBO_2018_reduce_funding_for_the_housing_choice_voucher_program_or_eliminate_the_program,2026,-20,,-20.0,https://www.cbo.gov/budget-options/54781,CBO_BUDGET_OPTION_ANNUAL
CBO_2018_reduce_funding_for_the_housing_choice_voucher_program_or_eliminate_the_program__eliminate_program,CBO_2018_reduce_funding_for_the_housing_choice_voucher_program_or_eliminate_the_program,2027,-23,,-23.0,https://www.cbo.gov/budget-options/54781,CBO_BUDGET_OPTION_ANNUAL
CBO_2018_reduce_funding_for_the_housing_choice_voucher_program_or_eliminate_the_program__eliminate_program,CBO_2018_reduce_funding_for_the_housing_choice_voucher_program_or_eliminate_the_program,2028,-27,,-27.0,https://www.cbo.gov/budget-options/54781,CBO_BUDGET_OPTION_ANNUAL
CBO_2018_include_employer_paid_premiums_for_income_replacement_insurance_in_employees_taxable_income__include_premiums_in_taxable_income,CBO_2018_include_employer_paid_premiums_for_income_replacement_insurance_in_employees_taxable_income,2019,,19.2,-19.2,https://www.cbo.gov/budget-options/54797,CBO_BUDGET_OPTION_ANNUAL
CBO_2018_include_employer_paid_premiums_for_income_replacement_insurance_in_employees_taxable_income__include_premiums_in_taxable_income,CBO_2018_include_employer_paid_premiums_for_income_replacement_insurance_in_employees_taxable_income,2020,,34.9,-34.9,https://www.cbo.gov/budget-options/54797,CBO_BUDGET_OPTION_ANNUAL
CBO_2018_include_employer_paid_premiums_for_income_replacement_insurance_in_employees_taxable_income__include_premiums_in_taxable_income,CBO_2018_include_employer_paid_premiums_for_income_replacement_insurance_in_employees_taxable_income,2021,,34.4,-34.4,https://www.cbo.gov/budget-options/54797,CBO_BUDGET_OPTION_ANNUAL
CBO_2018_include_employer_paid_premiums_for_income_replacement_insurance_in_employees_taxable_income__include_premiums_in_taxable_income,CBO_2018_include_employer_paid_premiums_for_income_replacement_insurance_in_employees_taxable_income,2022,,33.8,-33.8,https://www.cbo.gov/budget-options/54797,CBO_BUDGET_OPTION_ANNUAL
CBO_2018_include_employer_paid_premiums_for_income_replacement_insurance_in_employees_taxable_income__include_premiums_in_taxable_income,CBO_2018_include_employer_paid_premiums_for_income_replacement_insurance_in_employees_taxable_income,2023,,33.1,-33.1,https://www.cbo.gov/budget-options/54797,CBO_BUDGET_OPTION_ANNUAL
CBO_2018_include_employer_paid_premiums_for_income_replacement_insurance_in_employees_taxable_income__include_premiums_in_taxable_income,CBO_2018_include_employer_paid_premiums_for_income_replacement_insurance_in_employees_taxable_income,2024,,34.1,-34.1,https://www.cbo.gov/budget-options/54797,CBO_BUDGET_OPTION_ANNUAL
CBO_2018_include_employer_paid_premiums_for_income_replacement_insurance_in_employees_taxable_income__include_premiums_in_taxable_income,CBO_2018_include_employer_paid_premiums_for_income_replacement_insurance_in_employees_taxable_income,2025,,35.2,-35.2,https://www.cbo.gov/budget-options/54797,CBO_BUDGET_OPTION_ANNUAL
CBO_2018_include_employer_paid_premiums_for_income_replacement_insurance_in_employees_taxable_income__include_premiums_in_taxable_income,CBO_2018_include_employer_paid_premiums_for_income_replacement_insurance_in_employees_taxable_income,2026,,36.4,-36.4,https://www.cbo.gov/budget-options/54797,CBO_BUDGET_OPTION_ANNUAL
CBO_2018_include_employer_paid_premiums_for_income_replacement_insurance_in_employees_taxable_income__include_premiums_in_taxable_income,CBO_2018_include_employer_paid_premiums_for_income_replacement_insurance_in_employees_taxable_income,2027,,39.8,-39.8,https://www.cbo.gov/budget-options/54797,CBO_BUDGET_OPTION_ANNUAL
CBO_2018_include_employer_paid_premiums_for_income_replacement_insurance_in_employees_taxable_income__include_premiums_in_taxable_income,CBO_2018_include_employer_paid_premiums_for_income_replacement_insurance_in_employees_taxable_income,2028,,40.9,-40.9,https://www.cbo.gov/budget-options/54797,CBO_BUDGET_OPTION_ANNUAL
CBO_2018_tax_all_pass_through_business_owners_under_seca_and_impose_a_material_participation_standard__apply_seca_material_participation_standard,CBO_2018_tax_all_pass_through_business_owners_under_seca_and_impose_a_material_participation_standard,2019,,6.7,-6.7,https://www.cbo.gov/budget-options/54808,CBO_BUDGET_OPTION_ANNUAL
CBO_2018_tax_all_pass_through_business_owners_under_seca_and_impose_a_material_participation_standard__apply_seca_material_participation_standard,CBO_2018_tax_all_pass_through_business_owners_under_seca_and_impose_a_material_participation_standard,2020,,12.4,-12.4,https://www.cbo.gov/budget-options/54808,CBO_BUDGET_OPTION_ANNUAL
CBO_2018_tax_all_pass_through_business_owners_under_seca_and_impose_a_material_participation_standard__apply_seca_material_participation_standard,CBO_2018_tax_all_pass_through_business_owners_under_seca_and_impose_a_material_participation_standard,2021,,14,-14.0,https://www.cbo.gov/budget-options/54808,CBO_BUDGET_OPTION_ANNUAL
CBO_2018_tax_all_pass_through_business_owners_under_seca_and_impose_a_material_participation_standard__apply_seca_material_participation_standard,CBO_2018_tax_all_pass_through_business_owners_under_seca_and_impose_a_material_participation_standard,2022,,15.6,-15.6,https://www.cbo.gov/budget-options/54808,CBO_BUDGET_OPTION_ANNUAL
CBO_2018_tax_all_pass_through_business_owners_under_seca_and_impose_a_material_participation_standard__apply_seca_material_participation_standard,CBO_2018_tax_all_pass_through_business_owners_under_seca_and_impose_a_material_participation_standard,2023,,17,-17.0,https://www.cbo.gov/budget-options/54808,CBO_BUDGET_OPTION_ANNUAL
CBO_2018_tax_all_pass_through_business_owners_under_seca_and_impose_a_material_participation_standard__apply_seca_material_participation_standard,CBO_2018_tax_all_pass_through_business_owners_under_seca_and_impose_a_material_participation_standard,2024,,17.9,-17.9,https://www.cbo.gov/budget-options/54808,CBO_BUDGET_OPTION_ANNUAL
CBO_2018_tax_all_pass_through_business_owners_under_seca_and_impose_a_material_participation_standard__apply_seca_material_participation_standard,CBO_2018_tax_all_pass_through_business_owners_under_seca_and_impose_a_material_participation_standard,2025,,18.8,-18.8,https://www.cbo.gov/budget-options/54808,CBO_BUDGET_OPTION_ANNUAL
CBO_2018_tax_all_pass_through_business_owners_under_seca_and_impose_a_material_participation_standard__apply_seca_material_participation_standard,CBO_2018_tax_all_pass_through_business_owners_under_seca_and_impose_a_material_participation_standard,2026,,19.5,-19.5,https://www.cbo.gov/budget-options/54808,CBO_BUDGET_OPTION_ANNUAL
CBO_2018_tax_all_pass_through_business_owners_under_seca_and_impose_a_material_participation_standard__apply_seca_material_participation_standard,CBO_2018_tax_all_pass_through_business_owners_under_seca_and_impose_a_material_participation_standard,2027,,20.2,-20.2,https://www.cbo.gov/budget-options/54808,CBO_BUDGET_OPTION_ANNUAL
CBO_2018_tax_all_pass_through_business_owners_under_seca_and_impose_a_material_participation_standard__apply_seca_material_participation_standard,CBO_2018_tax_all_pass_through_business_owners_under_seca_and_impose_a_material_participation_standard,2028,,21,-21.0,https://www.cbo.gov/budget-options/54808,CBO_BUDGET_OPTION_ANNUAL
CBO_2018_increase_taxes_that_finance_the_federal_share_of_the_unemployment_insurance_system__increase_futa_related_taxes,CBO_2018_increase_taxes_that_finance_the_federal_share_of_the_unemployment_insurance_system,2019,,5.6,-5.6,https://www.cbo.gov/budget-options/54809,CBO_BUDGET_OPTION_ANNUAL
CBO_2018_increase_taxes_that_finance_the_federal_share_of_the_unemployment_insurance_system__increase_futa_related_taxes,CBO_2018_increase_taxes_that_finance_the_federal_share_of_the_unemployment_insurance_system,2020,,7.5,-7.5,https://www.cbo.gov/budget-options/54809,CBO_BUDGET_OPTION_ANNUAL
CBO_2018_increase_taxes_that_finance_the_federal_share_of_the_unemployment_insurance_system__increase_futa_related_taxes,CBO_2018_increase_taxes_that_finance_the_federal_share_of_the_unemployment_insurance_system,2021,,6.8,-6.8,https://www.cbo.gov/budget-options/54809,CBO_BUDGET_OPTION_ANNUAL
CBO_2018_increase_taxes_that_finance_the_federal_share_of_the_unemployment_insurance_system__increase_futa_related_taxes,CBO_2018_increase_taxes_that_finance_the_federal_share_of_the_unemployment_insurance_system,2022,,6.7,-6.7,https://www.cbo.gov/budget-options/54809,CBO_BUDGET_OPTION_ANNUAL
CBO_2018_increase_taxes_that_finance_the_federal_share_of_the_unemployment_insurance_system__increase_futa_related_taxes,CBO_2018_increase_taxes_that_finance_the_federal_share_of_the_unemployment_insurance_system,2023,,0.6,-0.6,https://www.cbo.gov/budget-options/54809,CBO_BUDGET_OPTION_ANNUAL
CBO_2018_increase_taxes_that_finance_the_federal_share_of_the_unemployment_insurance_system__increase_futa_related_taxes,CBO_2018_increase_taxes_that_finance_the_federal_share_of_the_unemployment_insurance_system,2024,,-1.9,1.9,https://www.cbo.gov/budget-options/54809,CBO_BUDGET_OPTION_ANNUAL
CBO_2018_increase_taxes_that_finance_the_federal_share_of_the_unemployment_insurance_system__increase_futa_related_taxes,CBO_2018_increase_taxes_that_finance_the_federal_share_of_the_unemployment_insurance_system,2025,,-1.4,1.4,https://www.cbo.gov/budget-options/54809,CBO_BUDGET_OPTION_ANNUAL
CBO_2018_increase_taxes_that_finance_the_federal_share_of_the_unemployment_insurance_system__increase_futa_related_taxes,CBO_2018_increase_taxes_that_finance_the_federal_share_of_the_unemployment_insurance_system,2026,,-1.3,1.3,https://www.cbo.gov/budget-options/54809,CBO_BUDGET_OPTION_ANNUAL
CBO_2018_increase_taxes_that_finance_the_federal_share_of_the_unemployment_insurance_system__increase_futa_related_taxes,CBO_2018_increase_taxes_that_finance_the_federal_share_of_the_unemployment_insurance_system,2027,,-1.9,1.9,https://www.cbo.gov/budget-options/54809,CBO_BUDGET_OPTION_ANNUAL
CBO_2018_increase_taxes_that_finance_the_federal_share_of_the_unemployment_insurance_system__increase_futa_related_taxes,CBO_2018_increase_taxes_that_finance_the_federal_share_of_the_unemployment_insurance_system,2028,,-2.5,2.5,https://www.cbo.gov/budget-options/54809,CBO_BUDGET_OPTION_ANNUAL
CBO_2018_repeal_certain_tax_preferences_for_energy_and_natural_resource_based_industries__repeal_expensing_preference,CBO_2018_repeal_certain_tax_preferences_for_energy_and_natural_resource_based_industries,2019,,0.3,-0.3,https://www.cbo.gov/budget-options/54811,CBO_BUDGET_OPTION_ANNUAL
CBO_2018_repeal_certain_tax_preferences_for_energy_and_natural_resource_based_industries__repeal_expensing_preference,CBO_2018_repeal_certain_tax_preferences_for_energy_and_natural_resource_based_industries,2020,,0.4,-0.4,https://www.cbo.gov/budget-options/54811,CBO_BUDGET_OPTION_ANNUAL
CBO_2018_repeal_certain_tax_preferences_for_energy_and_natural_resource_based_industries__repeal_expensing_preference,CBO_2018_repeal_certain_tax_preferences_for_energy_and_natural_resource_based_industries,2021,,0.4,-0.4,https://www.cbo.gov/budget-options/54811,CBO_BUDGET_OPTION_ANNUAL
CBO_2018_repeal_certain_tax_preferences_for_energy_and_natural_resource_based_industries__repeal_expensing_preference,CBO_2018_repeal_certain_tax_preferences_for_energy_and_natural_resource_based_industries,2022,,0.4,-0.4,https://www.cbo.gov/budget-options/54811,CBO_BUDGET_OPTION_ANNUAL
CBO_2018_repeal_certain_tax_preferences_for_energy_and_natural_resource_based_industries__repeal_expensing_preference,CBO_2018_repeal_certain_tax_preferences_for_energy_and_natural_resource_based_industries,2023,,0.4,-0.4,https://www.cbo.gov/budget-options/54811,CBO_BUDGET_OPTION_ANNUAL
CBO_2018_repeal_certain_tax_preferences_for_energy_and_natural_resource_based_industries__repeal_expensing_preference,CBO_2018_repeal_certain_tax_preferences_for_energy_and_natural_resource_based_industries,2024,,0.3,-0.3,https://www.cbo.gov/budget-options/54811,CBO_BUDGET_OPTION_ANNUAL
CBO_2018_repeal_certain_tax_preferences_for_energy_and_natural_resource_based_industries__repeal_expensing_preference,CBO_2018_repeal_certain_tax_preferences_for_energy_and_natural_resource_based_industries,2025,,0.2,-0.2,https://www.cbo.gov/budget-options/54811,CBO_BUDGET_OPTION_ANNUAL
CBO_2018_repeal_certain_tax_preferences_for_energy_and_natural_resource_based_industries__repeal_expensing_preference,CBO_2018_repeal_certain_tax_preferences_for_energy_and_natural_resource_based_industries,2026,,0,0.0,https://www.cbo.gov/budget-options/54811,CBO_BUDGET_OPTION_ANNUAL
CBO_2018_repeal_certain_tax_preferences_for_energy_and_natural_resource_based_industries__repeal_expensing_preference,CBO_2018_repeal_certain_tax_preferences_for_energy_and_natural_resource_based_industries,2027,,0,0.0,https://www.cbo.gov/budget-options/54811,CBO_BUDGET_OPTION_ANNUAL
CBO_2018_repeal_certain_tax_preferences_for_energy_and_natural_resource_based_industries__repeal_expensing_preference,CBO_2018_repeal_certain_tax_preferences_for_energy_and_natural_resource_based_industries,2028,,0,0.0,https://www.cbo.gov/budget-options/54811,CBO_BUDGET_OPTION_ANNUAL
CBO_2018_repeal_certain_tax_preferences_for_energy_and_natural_resource_based_industries__repeal_percentage_depletion_preference,CBO_2018_repeal_certain_tax_preferences_for_energy_and_natural_resource_based_industries,2019,,0.4,-0.4,https://www.cbo.gov/budget-options/54811,CBO_BUDGET_OPTION_ANNUAL
CBO_2018_repeal_certain_tax_preferences_for_energy_and_natural_resource_based_industries__repeal_percentage_depletion_preference,CBO_2018_repeal_certain_tax_preferences_for_energy_and_natural_resource_based_industries,2020,,0.6,-0.6,https://www.cbo.gov/budget-options/54811,CBO_BUDGET_OPTION_ANNUAL
CBO_2018_repeal_certain_tax_preferences_for_energy_and_natural_resource_based_industries__repeal_percentage_depletion_preference,CBO_2018_repeal_certain_tax_preferences_for_energy_and_natural_resource_based_industries,2021,,0.6,-0.6,https://www.cbo.gov/budget-options/54811,CBO_BUDGET_OPTION_ANNUAL
CBO_2018_repeal_certain_tax_preferences_for_energy_and_natural_resource_based_industries__repeal_percentage_depletion_preference,CBO_2018_repeal_certain_tax_preferences_for_energy_and_natural_resource_based_industries,2022,,0.6,-0.6,https://www.cbo.gov/budget-options/54811,CBO_BUDGET_OPTION_ANNUAL
CBO_2018_repeal_certain_tax_preferences_for_energy_and_natural_resource_based_industries__repeal_percentage_depletion_preference,CBO_2018_repeal_certain_tax_preferences_for_energy_and_natural_resource_based_industries,2023,,0.6,-0.6,https://www.cbo.gov/budget-options/54811,CBO_BUDGET_OPTION_ANNUAL
CBO_2018_repeal_certain_tax_preferences_for_energy_and_natural_resource_based_industries__repeal_percentage_depletion_preference,CBO_2018_repeal_certain_tax_preferences_for_energy_and_natural_resource_based_industries,2024,,0.6,-0.6,https://www.cbo.gov/budget-options/54811,CBO_BUDGET_OPTION_ANNUAL
CBO_2018_repeal_certain_tax_preferences_for_energy_and_natural_resource_based_industries__repeal_percentage_depletion_preference,CBO_2018_repeal_certain_tax_preferences_for_energy_and_natural_resource_based_industries,2025,,0.7,-0.7,https://www.cbo.gov/budget-options/54811,CBO_BUDGET_OPTION_ANNUAL
CBO_2018_repeal_certain_tax_preferences_for_energy_and_natural_resource_based_industries__repeal_percentage_depletion_preference,CBO_2018_repeal_certain_tax_preferences_for_energy_and_natural_resource_based_industries,2026,,0.7,-0.7,https://www.cbo.gov/budget-options/54811,CBO_BUDGET_OPTION_ANNUAL
CBO_2018_repeal_certain_tax_preferences_for_energy_and_natural_resource_based_industries__repeal_percentage_depletion_preference,CBO_2018_repeal_certain_tax_preferences_for_energy_and_natural_resource_based_industries,2027,,0.7,-0.7,https://www.cbo.gov/budget-options/54811,CBO_BUDGET_OPTION_ANNUAL
CBO_2018_repeal_certain_tax_preferences_for_energy_and_natural_resource_based_industries__repeal_percentage_depletion_preference,CBO_2018_repeal_certain_tax_preferences_for_energy_and_natural_resource_based_industries,2028,,0.7,-0.7,https://www.cbo.gov/budget-options/54811,CBO_BUDGET_OPTION_ANNUAL
CBO_2018_repeal_certain_tax_preferences_for_energy_and_natural_resource_based_industries__repeal_both_preferences,CBO_2018_repeal_certain_tax_preferences_for_energy_and_natural_resource_based_industries,2019,,0.7,-0.7,https://www.cbo.gov/budget-options/54811,CBO_BUDGET_OPTION_ANNUAL
CBO_2018_repeal_certain_tax_preferences_for_energy_and_natural_resource_based_industries__repeal_both_preferences,CBO_2018_repeal_certain_tax_preferences_for_energy_and_natural_resource_based_industries,2020,,1,-1.0,https://www.cbo.gov/budget-options/54811,CBO_BUDGET_OPTION_ANNUAL
CBO_2018_repeal_certain_tax_preferences_for_energy_and_natural_resource_based_industries__repeal_both_preferences,CBO_2018_repeal_certain_tax_preferences_for_energy_and_natural_resource_based_industries,2021,,1,-1.0,https://www.cbo.gov/budget-options/54811,CBO_BUDGET_OPTION_ANNUAL
CBO_2018_repeal_certain_tax_preferences_for_energy_and_natural_resource_based_industries__repeal_both_preferences,CBO_2018_repeal_certain_tax_preferences_for_energy_and_natural_resource_based_industries,2022,,1,-1.0,https://www.cbo.gov/budget-options/54811,CBO_BUDGET_OPTION_ANNUAL
CBO_2018_repeal_certain_tax_preferences_for_energy_and_natural_resource_based_industries__repeal_both_preferences,CBO_2018_repeal_certain_tax_preferences_for_energy_and_natural_resource_based_industries,2023,,1,-1.0,https://www.cbo.gov/budget-options/54811,CBO_BUDGET_OPTION_ANNUAL
CBO_2018_repeal_certain_tax_preferences_for_energy_and_natural_resource_based_industries__repeal_both_preferences,CBO_2018_repeal_certain_tax_preferences_for_energy_and_natural_resource_based_industries,2024,,0.9,-0.9,https://www.cbo.gov/budget-options/54811,CBO_BUDGET_OPTION_ANNUAL
CBO_2018_repeal_certain_tax_preferences_for_energy_and_natural_resource_based_industries__repeal_both_preferences,CBO_2018_repeal_certain_tax_preferences_for_energy_and_natural_resource_based_industries,2025,,0.9,-0.9,https://www.cbo.gov/budget-options/54811,CBO_BUDGET_OPTION_ANNUAL
CBO_2018_repeal_certain_tax_preferences_for_energy_and_natural_resource_based_industries__repeal_both_preferences,CBO_2018_repeal_certain_tax_preferences_for_energy_and_natural_resource_based_industries,2026,,0.7,-0.7,https://www.cbo.gov/budget-options/54811,CBO_BUDGET_OPTION_ANNUAL
CBO_2018_repeal_certain_tax_preferences_for_energy_and_natural_resource_based_industries__repeal_both_preferences,CBO_2018_repeal_certain_tax_preferences_for_energy_and_natural_resource_based_industries,2027,,0.7,-0.7,https://www.cbo.gov/budget-options/54811,CBO_BUDGET_OPTION_ANNUAL
CBO_2018_repeal_certain_tax_preferences_for_energy_and_natural_resource_based_industries__repeal_both_preferences,CBO_2018_repeal_certain_tax_preferences_for_energy_and_natural_resource_based_industries,2028,,0.7,-0.7,https://www.cbo.gov/budget-options/54811,CBO_BUDGET_OPTION_ANNUAL
CBO_2018_impose_fees_to_cover_the_costs_of_government_regulations_and_charge_for_services_provided_to_the_private_sector__combined_fee_package,CBO_2018_impose_fees_to_cover_the_costs_of_government_regulations_and_charge_for_services_provided_to_the_private_sector,2019,,,0.0,https://www.cbo.gov/budget-options/54819,CBO_BUDGET_OPTION_ANNUAL
CBO_2018_impose_fees_to_cover_the_costs_of_government_regulations_and_charge_for_services_provided_to_the_private_sector__combined_fee_package,CBO_2018_impose_fees_to_cover_the_costs_of_government_regulations_and_charge_for_services_provided_to_the_private_sector,2020,,,-1.1,https://www.cbo.gov/budget-options/54819,CBO_BUDGET_OPTION_ANNUAL
CBO_2018_impose_fees_to_cover_the_costs_of_government_regulations_and_charge_for_services_provided_to_the_private_sector__combined_fee_package,CBO_2018_impose_fees_to_cover_the_costs_of_government_regulations_and_charge_for_services_provided_to_the_private_sector,2021,,,-1.4,https://www.cbo.gov/budget-options/54819,CBO_BUDGET_OPTION_ANNUAL
CBO_2018_impose_fees_to_cover_the_costs_of_government_regulations_and_charge_for_services_provided_to_the_private_sector__combined_fee_package,CBO_2018_impose_fees_to_cover_the_costs_of_government_regulations_and_charge_for_services_provided_to_the_private_sector,2022,,,-1.4,https://www.cbo.gov/budget-options/54819,CBO_BUDGET_OPTION_ANNUAL
CBO_2018_impose_fees_to_cover_the_costs_of_government_regulations_and_charge_for_services_provided_to_the_private_sector__combined_fee_package,CBO_2018_impose_fees_to_cover_the_costs_of_government_regulations_and_charge_for_services_provided_to_the_private_sector,2023,,,-1.5,https://www.cbo.gov/budget-options/54819,CBO_BUDGET_OPTION_ANNUAL
CBO_2018_impose_fees_to_cover_the_costs_of_government_regulations_and_charge_for_services_provided_to_the_private_sector__combined_fee_package,CBO_2018_impose_fees_to_cover_the_costs_of_government_regulations_and_charge_for_services_provided_to_the_private_sector,2024,,,-1.6,https://www.cbo.gov/budget-options/54819,CBO_BUDGET_OPTION_ANNUAL
CBO_2018_impose_fees_to_cover_the_costs_of_government_regulations_and_charge_for_services_provided_to_the_private_sector__combined_fee_package,CBO_2018_impose_fees_to_cover_the_costs_of_government_regulations_and_charge_for_services_provided_to_the_private_sector,2025,,,-1.6,https://www.cbo.gov/budget-options/54819,CBO_BUDGET_OPTION_ANNUAL
CBO_2018_impose_fees_to_cover_the_costs_of_government_regulations_and_charge_for_services_provided_to_the_private_sector__combined_fee_package,CBO_2018_impose_fees_to_cover_the_costs_of_government_regulations_and_charge_for_services_provided_to_the_private_sector,2026,,,-1.6,https://www.cbo.gov/budget-options/54819,CBO_BUDGET_OPTION_ANNUAL
CBO_2018_impose_fees_to_cover_the_costs_of_government_regulations_and_charge_for_services_provided_to_the_private_sector__combined_fee_package,CBO_2018_impose_fees_to_cover_the_costs_of_government_regulations_and_charge_for_services_provided_to_the_private_sector,2027,,,-1.6,https://www.cbo.gov/budget-options/54819,CBO_BUDGET_OPTION_ANNUAL
CBO_2018_impose_fees_to_cover_the_costs_of_government_regulations_and_charge_for_services_provided_to_the_private_sector__combined_fee_package,CBO_2018_impose_fees_to_cover_the_costs_of_government_regulations_and_charge_for_services_provided_to_the_private_sector,2028,,,-1.7,https://www.cbo.gov/budget-options/54819,CBO_BUDGET_OPTION_ANNUAL
CBO_2018_impose_a_fee_on_large_financial_institutions__50_billion_asset_threshold,CBO_2018_impose_a_fee_on_large_financial_institutions,2019,,10.5,-10.5,https://www.cbo.gov/budget-options/54822,CBO_BUDGET_OPTION_ANNUAL
CBO_2018_impose_a_fee_on_large_financial_institutions__50_billion_asset_threshold,CBO_2018_impose_a_fee_on_large_financial_institutions,2020,,10.6,-10.6,https://www.cbo.gov/budget-options/54822,CBO_BUDGET_OPTION_ANNUAL
CBO_2018_impose_a_fee_on_large_financial_institutions__50_billion_asset_threshold,CBO_2018_impose_a_fee_on_large_financial_institutions,2021,,10.6,-10.6,https://www.cbo.gov/budget-options/54822,CBO_BUDGET_OPTION_ANNUAL
CBO_2018_impose_a_fee_on_large_financial_institutions__50_billion_asset_threshold,CBO_2018_impose_a_fee_on_large_financial_institutions,2022,,10.6,-10.6,https://www.cbo.gov/budget-options/54822,CBO_BUDGET_OPTION_ANNUAL
CBO_2018_impose_a_fee_on_large_financial_institutions__50_billion_asset_threshold,CBO_2018_impose_a_fee_on_large_financial_institutions,2023,,10.5,-10.5,https://www.cbo.gov/budget-options/54822,CBO_BUDGET_OPTION_ANNUAL
CBO_2018_impose_a_fee_on_large_financial_institutions__50_billion_asset_threshold,CBO_2018_impose_a_fee_on_large_financial_institutions,2024,,10.4,-10.4,https://www.cbo.gov/budget-options/54822,CBO_BUDGET_OPTION_ANNUAL
CBO_2018_impose_a_fee_on_large_financial_institutions__50_billion_asset_threshold,CBO_2018_impose_a_fee_on_large_financial_institutions,2025,,10.3,-10.3,https://www.cbo.gov/budget-options/54822,CBO_BUDGET_OPTION_ANNUAL
CBO_2018_impose_a_fee_on_large_financial_institutions__50_billion_asset_threshold,CBO_2018_impose_a_fee_on_large_financial_institutions,2026,,10,-10.0,https://www.cbo.gov/budget-options/54822,CBO_BUDGET_OPTION_ANNUAL
CBO_2018_impose_a_fee_on_large_financial_institutions__50_billion_asset_threshold,CBO_2018_impose_a_fee_on_large_financial_institutions,2027,,9.9,-9.9,https://www.cbo.gov/budget-options/54822,CBO_BUDGET_OPTION_ANNUAL
CBO_2018_impose_a_fee_on_large_financial_institutions__50_billion_asset_threshold,CBO_2018_impose_a_fee_on_large_financial_institutions,2028,,9.8,-9.8,https://www.cbo.gov/budget-options/54822,CBO_BUDGET_OPTION_ANNUAL
CBO_2018_impose_a_fee_on_large_financial_institutions__250_billion_asset_threshold,CBO_2018_impose_a_fee_on_large_financial_institutions,2019,,9.2,-9.2,https://www.cbo.gov/budget-options/54822,CBO_BUDGET_OPTION_ANNUAL
CBO_2018_impose_a_fee_on_large_financial_institutions__250_billion_asset_threshold,CBO_2018_impose_a_fee_on_large_financial_institutions,2020,,9.3,-9.3,https://www.cbo.gov/budget-options/54822,CBO_BUDGET_OPTION_ANNUAL
CBO_2018_impose_a_fee_on_large_financial_institutions__250_billion_asset_threshold,CBO_2018_impose_a_fee_on_large_financial_institutions,2021,,9.2,-9.2,https://www.cbo.gov/budget-options/54822,CBO_BUDGET_OPTION_ANNUAL
CBO_2018_impose_a_fee_on_large_financial_institutions__250_billion_asset_threshold,CBO_2018_impose_a_fee_on_large_financial_institutions,2022,,9.2,-9.2,https://www.cbo.gov/budget-options/54822,CBO_BUDGET_OPTION_ANNUAL
CBO_2018_impose_a_fee_on_large_financial_institutions__250_billion_asset_threshold,CBO_2018_impose_a_fee_on_large_financial_institutions,2023,,9.2,-9.2,https://www.cbo.gov/budget-options/54822,CBO_BUDGET_OPTION_ANNUAL
CBO_2018_impose_a_fee_on_large_financial_institutions__250_billion_asset_threshold,CBO_2018_impose_a_fee_on_large_financial_institutions,2024,,9,-9.0,https://www.cbo.gov/budget-options/54822,CBO_BUDGET_OPTION_ANNUAL
CBO_2018_impose_a_fee_on_large_financial_institutions__250_billion_asset_threshold,CBO_2018_impose_a_fee_on_large_financial_institutions,2025,,9,-9.0,https://www.cbo.gov/budget-options/54822,CBO_BUDGET_OPTION_ANNUAL
CBO_2018_impose_a_fee_on_large_financial_institutions__250_billion_asset_threshold,CBO_2018_impose_a_fee_on_large_financial_institutions,2026,,8.7,-8.7,https://www.cbo.gov/budget-options/54822,CBO_BUDGET_OPTION_ANNUAL
CBO_2018_impose_a_fee_on_large_financial_institutions__250_billion_asset_threshold,CBO_2018_impose_a_fee_on_large_financial_institutions,2027,,8.6,-8.6,https://www.cbo.gov/budget-options/54822,CBO_BUDGET_OPTION_ANNUAL
CBO_2018_impose_a_fee_on_large_financial_institutions__250_billion_asset_threshold,CBO_2018_impose_a_fee_on_large_financial_institutions,2028,,8.6,-8.6,https://www.cbo.gov/budget-options/54822,CBO_BUDGET_OPTION_ANNUAL
CBO_2018_tax_gains_from_derivatives_as_ordinary_income_on_a_mark_to_market_basis__mark_to_market_derivatives,CBO_2018_tax_gains_from_derivatives_as_ordinary_income_on_a_mark_to_market_basis,2019,,0.6,-0.6,https://www.cbo.gov/budget-options/54824,CBO_BUDGET_OPTION_ANNUAL
CBO_2018_tax_gains_from_derivatives_as_ordinary_income_on_a_mark_to_market_basis__mark_to_market_derivatives,CBO_2018_tax_gains_from_derivatives_as_ordinary_income_on_a_mark_to_market_basis,2020,,3.9,-3.9,https://www.cbo.gov/budget-options/54824,CBO_BUDGET_OPTION_ANNUAL
CBO_2018_tax_gains_from_derivatives_as_ordinary_income_on_a_mark_to_market_basis__mark_to_market_derivatives,CBO_2018_tax_gains_from_derivatives_as_ordinary_income_on_a_mark_to_market_basis,2021,,3.3,-3.3,https://www.cbo.gov/budget-options/54824,CBO_BUDGET_OPTION_ANNUAL
CBO_2018_tax_gains_from_derivatives_as_ordinary_income_on_a_mark_to_market_basis__mark_to_market_derivatives,CBO_2018_tax_gains_from_derivatives_as_ordinary_income_on_a_mark_to_market_basis,2022,,1.8,-1.8,https://www.cbo.gov/budget-options/54824,CBO_BUDGET_OPTION_ANNUAL
CBO_2018_tax_gains_from_derivatives_as_ordinary_income_on_a_mark_to_market_basis__mark_to_market_derivatives,CBO_2018_tax_gains_from_derivatives_as_ordinary_income_on_a_mark_to_market_basis,2023,,1.6,-1.6,https://www.cbo.gov/budget-options/54824,CBO_BUDGET_OPTION_ANNUAL
CBO_2018_tax_gains_from_derivatives_as_ordinary_income_on_a_mark_to_market_basis__mark_to_market_derivatives,CBO_2018_tax_gains_from_derivatives_as_ordinary_income_on_a_mark_to_market_basis,2024,,1.6,-1.6,https://www.cbo.gov/budget-options/54824,CBO_BUDGET_OPTION_ANNUAL
CBO_2018_tax_gains_from_derivatives_as_ordinary_income_on_a_mark_to_market_basis__mark_to_market_derivatives,CBO_2018_tax_gains_from_derivatives_as_ordinary_income_on_a_mark_to_market_basis,2025,,1.5,-1.5,https://www.cbo.gov/budget-options/54824,CBO_BUDGET_OPTION_ANNUAL
CBO_2018_tax_gains_from_derivatives_as_ordinary_income_on_a_mark_to_market_basis__mark_to_market_derivatives,CBO_2018_tax_gains_from_derivatives_as_ordinary_income_on_a_mark_to_market_basis,2026,,1.5,-1.5,https://www.cbo.gov/budget-options/54824,CBO_BUDGET_OPTION_ANNUAL
CBO_2018_tax_gains_from_derivatives_as_ordinary_income_on_a_mark_to_market_basis__mark_to_market_derivatives,CBO_2018_tax_gains_from_derivatives_as_ordinary_income_on_a_mark_to_market_basis,2027,,1.4,-1.4,https://www.cbo.gov/budget-options/54824,CBO_BUDGET_OPTION_ANNUAL
CBO_2018_tax_gains_from_derivatives_as_ordinary_income_on_a_mark_to_market_basis__mark_to_market_derivatives,CBO_2018_tax_gains_from_derivatives_as_ordinary_income_on_a_mark_to_market_basis,2028,,1.4,-1.4,https://www.cbo.gov/budget-options/54824,CBO_BUDGET_OPTION_ANNUAL
CBO_2018_raise_the_age_of_eligibility_for_medicare_to_67__raise_age_by_two_months_each_year,CBO_2018_raise_the_age_of_eligibility_for_medicare_to_67,2019,,,0.0,https://www.cbo.gov/budget-options/54733,CBO_BUDGET_OPTION_ANNUAL
CBO_2018_raise_the_age_of_eligibility_for_medicare_to_67__raise_age_by_two_months_each_year,CBO_2018_raise_the_age_of_eligibility_for_medicare_to_67,2020,,,0.0,https://www.cbo.gov/budget-options/54733,CBO_BUDGET_OPTION_ANNUAL
CBO_2018_raise_the_age_of_eligibility_for_medicare_to_67__raise_age_by_two_months_each_year,CBO_2018_raise_the_age_of_eligibility_for_medicare_to_67,2021,,,0.0,https://www.cbo.gov/budget-options/54733,CBO_BUDGET_OPTION_ANNUAL
CBO_2018_raise_the_age_of_eligibility_for_medicare_to_67__raise_age_by_two_months_each_year,CBO_2018_raise_the_age_of_eligibility_for_medicare_to_67,2022,,,0.0,https://www.cbo.gov/budget-options/54733,CBO_BUDGET_OPTION_ANNUAL
CBO_2018_raise_the_age_of_eligibility_for_medicare_to_67__raise_age_by_two_months_each_year,CBO_2018_raise_the_age_of_eligibility_for_medicare_to_67,2023,,,-0.7,https://www.cbo.gov/budget-options/54733,CBO_BUDGET_OPTION_ANNUAL
CBO_2018_raise_the_age_of_eligibility_for_medicare_to_67__raise_age_by_two_months_each_year,CBO_2018_raise_the_age_of_eligibility_for_medicare_to_67,2024,,,-1.4,https://www.cbo.gov/budget-options/54733,CBO_BUDGET_OPTION_ANNUAL
CBO_2018_raise_the_age_of_eligibility_for_medicare_to_67__raise_age_by_two_months_each_year,CBO_2018_raise_the_age_of_eligibility_for_medicare_to_67,2025,,,-2.1,https://www.cbo.gov/budget-options/54733,CBO_BUDGET_OPTION_ANNUAL
CBO_2018_raise_the_age_of_eligibility_for_medicare_to_67__raise_age_by_two_months_each_year,CBO_2018_raise_the_age_of_eligibility_for_medicare_to_67,2026,,,-2.8,https://www.cbo.gov/budget-options/54733,CBO_BUDGET_OPTION_ANNUAL
CBO_2018_raise_the_age_of_eligibility_for_medicare_to_67__raise_age_by_two_months_each_year,CBO_2018_raise_the_age_of_eligibility_for_medicare_to_67,2027,,,-3.6,https://www.cbo.gov/budget-options/54733,CBO_BUDGET_OPTION_ANNUAL
CBO_2018_raise_the_age_of_eligibility_for_medicare_to_67__raise_age_by_two_months_each_year,CBO_2018_raise_the_age_of_eligibility_for_medicare_to_67,2028,,,-4.8,https://www.cbo.gov/budget-options/54733,CBO_BUDGET_OPTION_ANNUAL
CBO_2018_raise_the_age_of_eligibility_for_medicare_to_67__raise_age_by_three_months_each_year,CBO_2018_raise_the_age_of_eligibility_for_medicare_to_67,2019,,,0.0,https://www.cbo.gov/budget-options/54733,CBO_BUDGET_OPTION_ANNUAL
CBO_2018_raise_the_age_of_eligibility_for_medicare_to_67__raise_age_by_three_months_each_year,CBO_2018_raise_the_age_of_eligibility_for_medicare_to_67,2020,,,0.0,https://www.cbo.gov/budget-options/54733,CBO_BUDGET_OPTION_ANNUAL
CBO_2018_raise_the_age_of_eligibility_for_medicare_to_67__raise_age_by_three_months_each_year,CBO_2018_raise_the_age_of_eligibility_for_medicare_to_67,2021,,,0.0,https://www.cbo.gov/budget-options/54733,CBO_BUDGET_OPTION_ANNUAL
CBO_2018_raise_the_age_of_eligibility_for_medicare_to_67__raise_age_by_three_months_each_year,CBO_2018_raise_the_age_of_eligibility_for_medicare_to_67,2022,,,0.0,https://www.cbo.gov/budget-options/54733,CBO_BUDGET_OPTION_ANNUAL
CBO_2018_raise_the_age_of_eligibility_for_medicare_to_67__raise_age_by_three_months_each_year,CBO_2018_raise_the_age_of_eligibility_for_medicare_to_67,2023,,,-0.8,https://www.cbo.gov/budget-options/54733,CBO_BUDGET_OPTION_ANNUAL
CBO_2018_raise_the_age_of_eligibility_for_medicare_to_67__raise_age_by_three_months_each_year,CBO_2018_raise_the_age_of_eligibility_for_medicare_to_67,2024,,,-1.8,https://www.cbo.gov/budget-options/54733,CBO_BUDGET_OPTION_ANNUAL
CBO_2018_raise_the_age_of_eligibility_for_medicare_to_67__raise_age_by_three_months_each_year,CBO_2018_raise_the_age_of_eligibility_for_medicare_to_67,2025,,,-2.8,https://www.cbo.gov/budget-options/54733,CBO_BUDGET_OPTION_ANNUAL
CBO_2018_raise_the_age_of_eligibility_for_medicare_to_67__raise_age_by_three_months_each_year,CBO_2018_raise_the_age_of_eligibility_for_medicare_to_67,2026,,,-4.0,https://www.cbo.gov/budget-options/54733,CBO_BUDGET_OPTION_ANNUAL
CBO_2018_raise_the_age_of_eligibility_for_medicare_to_67__raise_age_by_three_months_each_year,CBO_2018_raise_the_age_of_eligibility_for_medicare_to_67,2027,,,-5.2,https://www.cbo.gov/budget-options/54733,CBO_BUDGET_OPTION_ANNUAL
CBO_2018_raise_the_age_of_eligibility_for_medicare_to_67__raise_age_by_three_months_each_year,CBO_2018_raise_the_age_of_eligibility_for_medicare_to_67,2028,,,-7.1,https://www.cbo.gov/budget-options/54733,CBO_BUDGET_OPTION_ANNUAL
CBO_2018_reduce_quality_bonus_payments_to_medicare_advantage_plans__eliminate_quality_linked_benchmark_increases,CBO_2018_reduce_quality_bonus_payments_to_medicare_advantage_plans,2019,0,,0.0,https://www.cbo.gov/budget-options/54737,CBO_BUDGET_OPTION_ANNUAL
CBO_2018_reduce_quality_bonus_payments_to_medicare_advantage_plans__eliminate_quality_linked_benchmark_increases,CBO_2018_reduce_quality_bonus_payments_to_medicare_advantage_plans,2020,0,,0.0,https://www.cbo.gov/budget-options/54737,CBO_BUDGET_OPTION_ANNUAL
CBO_2018_reduce_quality_bonus_payments_to_medicare_advantage_plans__eliminate_quality_linked_benchmark_increases,CBO_2018_reduce_quality_bonus_payments_to_medicare_advantage_plans,2021,-6.7,,-6.7,https://www.cbo.gov/budget-options/54737,CBO_BUDGET_OPTION_ANNUAL
CBO_2018_reduce_quality_bonus_payments_to_medicare_advantage_plans__eliminate_quality_linked_benchmark_increases,CBO_2018_reduce_quality_bonus_payments_to_medicare_advantage_plans,2022,-10.4,,-10.4,https://www.cbo.gov/budget-options/54737,CBO_BUDGET_OPTION_ANNUAL
CBO_2018_reduce_quality_bonus_payments_to_medicare_advantage_plans__eliminate_quality_linked_benchmark_increases,CBO_2018_reduce_quality_bonus_payments_to_medicare_advantage_plans,2023,-10.5,,-10.5,https://www.cbo.gov/budget-options/54737,CBO_BUDGET_OPTION_ANNUAL
CBO_2018_reduce_quality_bonus_payments_to_medicare_advantage_plans__eliminate_quality_linked_benchmark_increases,CBO_2018_reduce_quality_bonus_payments_to_medicare_advantage_plans,2024,-10.3,,-10.3,https://www.cbo.gov/budget-options/54737,CBO_BUDGET_OPTION_ANNUAL
CBO_2018_reduce_quality_bonus_payments_to_medicare_advantage_plans__eliminate_quality_linked_benchmark_increases,CBO_2018_reduce_quality_bonus_payments_to_medicare_advantage_plans,2025,-12.2,,-12.2,https://www.cbo.gov/budget-options/54737,CBO_BUDGET_OPTION_ANNUAL
CBO_2018_reduce_quality_bonus_payments_to_medicare_advantage_plans__eliminate_quality_linked_benchmark_increases,CBO_2018_reduce_quality_bonus_payments_to_medicare_advantage_plans,2026,-13.1,,-13.1,https://www.cbo.gov/budget-options/54737,CBO_BUDGET_OPTION_ANNUAL
CBO_2018_reduce_quality_bonus_payments_to_medicare_advantage_plans__eliminate_quality_linked_benchmark_increases,CBO_2018_reduce_quality_bonus_payments_to_medicare_advantage_plans,2027,-14.2,,-14.2,https://www.cbo.gov/budget-options/54737,CBO_BUDGET_OPTION_ANNUAL
CBO_2018_reduce_quality_bonus_payments_to_medicare_advantage_plans__eliminate_quality_linked_benchmark_increases,CBO_2018_reduce_quality_bonus_payments_to_medicare_advantage_plans,2028,-16.7,,-16.7,https://www.cbo.gov/budget-options/54737,CBO_BUDGET_OPTION_ANNUAL
CBO_2018_reduce_quality_bonus_payments_to_medicare_advantage_plans__eliminate_double_bonuses,CBO_2018_reduce_quality_bonus_payments_to_medicare_advantage_plans,2019,0,,0.0,https://www.cbo.gov/budget-options/54737,CBO_BUDGET_OPTION_ANNUAL
CBO_2018_reduce_quality_bonus_payments_to_medicare_advantage_plans__eliminate_double_bonuses,CBO_2018_reduce_quality_bonus_payments_to_medicare_advantage_plans,2020,0,,0.0,https://www.cbo.gov/budget-options/54737,CBO_BUDGET_OPTION_ANNUAL
CBO_2018_reduce_quality_bonus_payments_to_medicare_advantage_plans__eliminate_double_bonuses,CBO_2018_reduce_quality_bonus_payments_to_medicare_advantage_plans,2021,-1.3,,-1.3,https://www.cbo.gov/budget-options/54737,CBO_BUDGET_OPTION_ANNUAL
CBO_2018_reduce_quality_bonus_payments_to_medicare_advantage_plans__eliminate_double_bonuses,CBO_2018_reduce_quality_bonus_payments_to_medicare_advantage_plans,2022,-2,,-2.0,https://www.cbo.gov/budget-options/54737,CBO_BUDGET_OPTION_ANNUAL
CBO_2018_reduce_quality_bonus_payments_to_medicare_advantage_plans__eliminate_double_bonuses,CBO_2018_reduce_quality_bonus_payments_to_medicare_advantage_plans,2023,-2,,-2.0,https://www.cbo.gov/budget-options/54737,CBO_BUDGET_OPTION_ANNUAL
CBO_2018_reduce_quality_bonus_payments_to_medicare_advantage_plans__eliminate_double_bonuses,CBO_2018_reduce_quality_bonus_payments_to_medicare_advantage_plans,2024,-2,,-2.0,https://www.cbo.gov/budget-options/54737,CBO_BUDGET_OPTION_ANNUAL
CBO_2018_reduce_quality_bonus_payments_to_medicare_advantage_plans__eliminate_double_bonuses,CBO_2018_reduce_quality_bonus_payments_to_medicare_advantage_plans,2025,-2.4,,-2.4,https://www.cbo.gov/budget-options/54737,CBO_BUDGET_OPTION_ANNUAL
CBO_2018_reduce_quality_bonus_payments_to_medicare_advantage_plans__eliminate_double_bonuses,CBO_2018_reduce_quality_bonus_payments_to_medicare_advantage_plans,2026,-2.5,,-2.5,https://www.cbo.gov/budget-options/54737,CBO_BUDGET_OPTION_ANNUAL
CBO_2018_reduce_quality_bonus_payments_to_medicare_advantage_plans__eliminate_double_bonuses,CBO_2018_reduce_quality_bonus_payments_to_medicare_advantage_plans,2027,-2.7,,-2.7,https://www.cbo.gov/budget-options/54737,CBO_BUDGET_OPTION_ANNUAL
CBO_2018_reduce_quality_bonus_payments_to_medicare_advantage_plans__eliminate_double_bonuses,CBO_2018_reduce_quality_bonus_payments_to_medicare_advantage_plans,2028,-3.2,,-3.2,https://www.cbo.gov/budget-options/54737,CBO_BUDGET_OPTION_ANNUAL
CBO_2018_convert_multiple_assistance_programs_for_lower_income_people_into_smaller_block_grants_to_states__convert_snap_to_block_grant,CBO_2018_convert_multiple_assistance_programs_for_lower_income_people_into_smaller_block_grants_to_states,2019,0,,0.0,https://www.cbo.gov/budget-options/54739,CBO_BUDGET_OPTION_ANNUAL
CBO_2018_convert_multiple_assistance_programs_for_lower_income_people_into_smaller_block_grants_to_states__convert_snap_to_block_grant,CBO_2018_convert_multiple_assistance_programs_for_lower_income_people_into_smaller_block_grants_to_states,2020,-21,,-21.0,https://www.cbo.gov/budget-options/54739,CBO_BUDGET_OPTION_ANNUAL
CBO_2018_convert_multiple_assistance_programs_for_lower_income_people_into_smaller_block_grants_to_states__convert_snap_to_block_grant,CBO_2018_convert_multiple_assistance_programs_for_lower_income_people_into_smaller_block_grants_to_states,2021,-20,,-20.0,https://www.cbo.gov/budget-options/54739,CBO_BUDGET_OPTION_ANNUAL
CBO_2018_convert_multiple_assistance_programs_for_lower_income_people_into_smaller_block_grants_to_states__convert_snap_to_block_grant,CBO_2018_convert_multiple_assistance_programs_for_lower_income_people_into_smaller_block_grants_to_states,2022,-18,,-18.0,https://www.cbo.gov/budget-options/54739,CBO_BUDGET_OPTION_ANNUAL
CBO_2018_convert_multiple_assistance_programs_for_lower_income_people_into_smaller_block_grants_to_states__convert_snap_to_block_grant,CBO_2018_convert_multiple_assistance_programs_for_lower_income_people_into_smaller_block_grants_to_states,2023,-17,,-17.0,https://www.cbo.gov/budget-options/54739,CBO_BUDGET_OPTION_ANNUAL
CBO_2018_convert_multiple_assistance_programs_for_lower_income_people_into_smaller_block_grants_to_states__convert_snap_to_block_grant,CBO_2018_convert_multiple_assistance_programs_for_lower_income_people_into_smaller_block_grants_to_states,2024,-17,,-17.0,https://www.cbo.gov/budget-options/54739,CBO_BUDGET_OPTION_ANNUAL
CBO_2018_convert_multiple_assistance_programs_for_lower_income_people_into_smaller_block_grants_to_states__convert_snap_to_block_grant,CBO_2018_convert_multiple_assistance_programs_for_lower_income_people_into_smaller_block_grants_to_states,2025,-16,,-16.0,https://www.cbo.gov/budget-options/54739,CBO_BUDGET_OPTION_ANNUAL
CBO_2018_convert_multiple_assistance_programs_for_lower_income_people_into_smaller_block_grants_to_states__convert_snap_to_block_grant,CBO_2018_convert_multiple_assistance_programs_for_lower_income_people_into_smaller_block_grants_to_states,2026,-16,,-16.0,https://www.cbo.gov/budget-options/54739,CBO_BUDGET_OPTION_ANNUAL
CBO_2018_convert_multiple_assistance_programs_for_lower_income_people_into_smaller_block_grants_to_states__convert_snap_to_block_grant,CBO_2018_convert_multiple_assistance_programs_for_lower_income_people_into_smaller_block_grants_to_states,2027,-17,,-17.0,https://www.cbo.gov/budget-options/54739,CBO_BUDGET_OPTION_ANNUAL
CBO_2018_convert_multiple_assistance_programs_for_lower_income_people_into_smaller_block_grants_to_states__convert_snap_to_block_grant,CBO_2018_convert_multiple_assistance_programs_for_lower_income_people_into_smaller_block_grants_to_states,2028,-17,,-17.0,https://www.cbo.gov/budget-options/54739,CBO_BUDGET_OPTION_ANNUAL
CBO_2018_convert_multiple_assistance_programs_for_lower_income_people_into_smaller_block_grants_to_states__convert_child_nutrition_programs_to_block_grants,CBO_2018_convert_multiple_assistance_programs_for_lower_income_people_into_smaller_block_grants_to_states,2019,0,,0.0,https://www.cbo.gov/budget-options/54739,CBO_BUDGET_OPTION_ANNUAL
CBO_2018_convert_multiple_assistance_programs_for_lower_income_people_into_smaller_block_grants_to_states__convert_child_nutrition_programs_to_block_grants,CBO_2018_convert_multiple_assistance_programs_for_lower_income_people_into_smaller_block_grants_to_states,2020,-6,,-6.0,https://www.cbo.gov/budget-options/54739,CBO_BUDGET_OPTION_ANNUAL
CBO_2018_convert_multiple_assistance_programs_for_lower_income_people_into_smaller_block_grants_to_states__convert_child_nutrition_programs_to_block_grants,CBO_2018_convert_multiple_assistance_programs_for_lower_income_people_into_smaller_block_grants_to_states,2021,-8,,-8.0,https://www.cbo.gov/budget-options/54739,CBO_BUDGET_OPTION_ANNUAL
CBO_2018_convert_multiple_assistance_programs_for_lower_income_people_into_smaller_block_grants_to_states__convert_child_nutrition_programs_to_block_grants,CBO_2018_convert_multiple_assistance_programs_for_lower_income_people_into_smaller_block_grants_to_states,2022,-8,,-8.0,https://www.cbo.gov/budget-options/54739,CBO_BUDGET_OPTION_ANNUAL
CBO_2018_convert_multiple_assistance_programs_for_lower_income_people_into_smaller_block_grants_to_states__convert_child_nutrition_programs_to_block_grants,CBO_2018_convert_multiple_assistance_programs_for_lower_income_people_into_smaller_block_grants_to_states,2023,-9,,-9.0,https://www.cbo.gov/budget-options/54739,CBO_BUDGET_OPTION_ANNUAL
CBO_2018_convert_multiple_assistance_programs_for_lower_income_people_into_smaller_block_grants_to_states__convert_child_nutrition_programs_to_block_grants,CBO_2018_convert_multiple_assistance_programs_for_lower_income_people_into_smaller_block_grants_to_states,2024,-10,,-10.0,https://www.cbo.gov/budget-options/54739,CBO_BUDGET_OPTION_ANNUAL
CBO_2018_convert_multiple_assistance_programs_for_lower_income_people_into_smaller_block_grants_to_states__convert_child_nutrition_programs_to_block_grants,CBO_2018_convert_multiple_assistance_programs_for_lower_income_people_into_smaller_block_grants_to_states,2025,-10,,-10.0,https://www.cbo.gov/budget-options/54739,CBO_BUDGET_OPTION_ANNUAL
CBO_2018_convert_multiple_assistance_programs_for_lower_income_people_into_smaller_block_grants_to_states__convert_child_nutrition_programs_to_block_grants,CBO_2018_convert_multiple_assistance_programs_for_lower_income_people_into_smaller_block_grants_to_states,2026,-11,,-11.0,https://www.cbo.gov/budget-options/54739,CBO_BUDGET_OPTION_ANNUAL
CBO_2018_convert_multiple_assistance_programs_for_lower_income_people_into_smaller_block_grants_to_states__convert_child_nutrition_programs_to_block_grants,CBO_2018_convert_multiple_assistance_programs_for_lower_income_people_into_smaller_block_grants_to_states,2027,-12,,-12.0,https://www.cbo.gov/budget-options/54739,CBO_BUDGET_OPTION_ANNUAL
CBO_2018_convert_multiple_assistance_programs_for_lower_income_people_into_smaller_block_grants_to_states__convert_child_nutrition_programs_to_block_grants,CBO_2018_convert_multiple_assistance_programs_for_lower_income_people_into_smaller_block_grants_to_states,2028,-13,,-13.0,https://www.cbo.gov/budget-options/54739,CBO_BUDGET_OPTION_ANNUAL
CBO_2018_convert_multiple_assistance_programs_for_lower_income_people_into_smaller_block_grants_to_states__both_block_grants,CBO_2018_convert_multiple_assistance_programs_for_lower_income_people_into_smaller_block_grants_to_states,2019,0,,0.0,https://www.cbo.gov/budget-options/54739,CBO_BUDGET_OPTION_ANNUAL
CBO_2018_convert_multiple_assistance_programs_for_lower_income_people_into_smaller_block_grants_to_states__both_block_grants,CBO_2018_convert_multiple_assistance_programs_for_lower_income_people_into_smaller_block_grants_to_states,2020,-27,,-27.0,https://www.cbo.gov/budget-options/54739,CBO_BUDGET_OPTION_ANNUAL
CBO_2018_convert_multiple_assistance_programs_for_lower_income_people_into_smaller_block_grants_to_states__both_block_grants,CBO_2018_convert_multiple_assistance_programs_for_lower_income_people_into_smaller_block_grants_to_states,2021,-27,,-27.0,https://www.cbo.gov/budget-options/54739,CBO_BUDGET_OPTION_ANNUAL
CBO_2018_convert_multiple_assistance_programs_for_lower_income_people_into_smaller_block_grants_to_states__both_block_grants,CBO_2018_convert_multiple_assistance_programs_for_lower_income_people_into_smaller_block_grants_to_states,2022,-27,,-27.0,https://www.cbo.gov/budget-options/54739,CBO_BUDGET_OPTION_ANNUAL
CBO_2018_convert_multiple_assistance_programs_for_lower_income_people_into_smaller_block_grants_to_states__both_block_grants,CBO_2018_convert_multiple_assistance_programs_for_lower_income_people_into_smaller_block_grants_to_states,2023,-26,,-26.0,https://www.cbo.gov/budget-options/54739,CBO_BUDGET_OPTION_ANNUAL
CBO_2018_convert_multiple_assistance_programs_for_lower_income_people_into_smaller_block_grants_to_states__both_block_grants,CBO_2018_convert_multiple_assistance_programs_for_lower_income_people_into_smaller_block_grants_to_states,2024,-27,,-27.0,https://www.cbo.gov/budget-options/54739,CBO_BUDGET_OPTION_ANNUAL
CBO_2018_convert_multiple_assistance_programs_for_lower_income_people_into_smaller_block_grants_to_states__both_block_grants,CBO_2018_convert_multiple_assistance_programs_for_lower_income_people_into_smaller_block_grants_to_states,2025,-27,,-27.0,https://www.cbo.gov/budget-options/54739,CBO_BUDGET_OPTION_ANNUAL
CBO_2018_convert_multiple_assistance_programs_for_lower_income_people_into_smaller_block_grants_to_states__both_block_grants,CBO_2018_convert_multiple_assistance_programs_for_lower_income_people_into_smaller_block_grants_to_states,2026,-28,,-28.0,https://www.cbo.gov/budget-options/54739,CBO_BUDGET_OPTION_ANNUAL
CBO_2018_convert_multiple_assistance_programs_for_lower_income_people_into_smaller_block_grants_to_states__both_block_grants,CBO_2018_convert_multiple_assistance_programs_for_lower_income_people_into_smaller_block_grants_to_states,2027,-29,,-29.0,https://www.cbo.gov/budget-options/54739,CBO_BUDGET_OPTION_ANNUAL
CBO_2018_convert_multiple_assistance_programs_for_lower_income_people_into_smaller_block_grants_to_states__both_block_grants,CBO_2018_convert_multiple_assistance_programs_for_lower_income_people_into_smaller_block_grants_to_states,2028,-30,,-30.0,https://www.cbo.gov/budget-options/54739,CBO_BUDGET_OPTION_ANNUAL
CBO_2018_reduce_tanf_s_state_family_assistance_grant_by_10_percent__reduce_tanf_sfag_by_10_percent,CBO_2018_reduce_tanf_s_state_family_assistance_grant_by_10_percent,2019,0,,0.0,https://www.cbo.gov/budget-options,CBO_BUDGET_OPTION_ANNUAL
CBO_2018_reduce_tanf_s_state_family_assistance_grant_by_10_percent__reduce_tanf_sfag_by_10_percent,CBO_2018_reduce_tanf_s_state_family_assistance_grant_by_10_percent,2020,-0.9,,-0.9,https://www.cbo.gov/budget-options,CBO_BUDGET_OPTION_ANNUAL
CBO_2018_reduce_tanf_s_state_family_assistance_grant_by_10_percent__reduce_tanf_sfag_by_10_percent,CBO_2018_reduce_tanf_s_state_family_assistance_grant_by_10_percent,2021,-1.4,,-1.4,https://www.cbo.gov/budget-options,CBO_BUDGET_OPTION_ANNUAL
CBO_2018_reduce_tanf_s_state_family_assistance_grant_by_10_percent__reduce_tanf_sfag_by_10_percent,CBO_2018_reduce_tanf_s_state_family_assistance_grant_by_10_percent,2022,-1.5,,-1.5,https://www.cbo.gov/budget-options,CBO_BUDGET_OPTION_ANNUAL
CBO_2018_reduce_tanf_s_state_family_assistance_grant_by_10_percent__reduce_tanf_sfag_by_10_percent,CBO_2018_reduce_tanf_s_state_family_assistance_grant_by_10_percent,2023,-1.6,,-1.6,https://www.cbo.gov/budget-options,CBO_BUDGET_OPTION_ANNUAL
CBO_2018_reduce_tanf_s_state_family_assistance_grant_by_10_percent__reduce_tanf_sfag_by_10_percent,CBO_2018_reduce_tanf_s_state_family_assistance_grant_by_10_percent,2024,-1.6,,-1.6,https://www.cbo.gov/budget-options,CBO_BUDGET_OPTION_ANNUAL
CBO_2018_reduce_tanf_s_state_family_assistance_grant_by_10_percent__reduce_tanf_sfag_by_10_percent,CBO_2018_reduce_tanf_s_state_family_assistance_grant_by_10_percent,2025,-1.6,,-1.6,https://www.cbo.gov/budget-options,CBO_BUDGET_OPTION_ANNUAL
CBO_2018_reduce_tanf_s_state_family_assistance_grant_by_10_percent__reduce_tanf_sfag_by_10_percent,CBO_2018_reduce_tanf_s_state_family_assistance_grant_by_10_percent,2026,-1.6,,-1.6,https://www.cbo.gov/budget-options,CBO_BUDGET_OPTION_ANNUAL
CBO_2018_reduce_tanf_s_state_family_assistance_grant_by_10_percent__reduce_tanf_sfag_by_10_percent,CBO_2018_reduce_tanf_s_state_family_assistance_grant_by_10_percent,2027,-1.6,,-1.6,https://www.cbo.gov/budget-options,CBO_BUDGET_OPTION_ANNUAL
CBO_2018_reduce_tanf_s_state_family_assistance_grant_by_10_percent__reduce_tanf_sfag_by_10_percent,CBO_2018_reduce_tanf_s_state_family_assistance_grant_by_10_percent,2028,-1.6,,-1.6,https://www.cbo.gov/budget-options,CBO_BUDGET_OPTION_ANNUAL
CBO_2018_narrow_eligibility_for_veterans_disability_compensation_by_excluding_certain_disabilities_unrelated_to_military_duties__all_affected_recipients,CBO_2018_narrow_eligibility_for_veterans_disability_compensation_by_excluding_certain_disabilities_unrelated_to_military_duties,2019,0,,0.0,https://www.cbo.gov/budget-options/54748,CBO_BUDGET_OPTION_ANNUAL
CBO_2018_narrow_eligibility_for_veterans_disability_compensation_by_excluding_certain_disabilities_unrelated_to_military_duties__all_affected_recipients,CBO_2018_narrow_eligibility_for_veterans_disability_compensation_by_excluding_certain_disabilities_unrelated_to_military_duties,2020,-2.4,,-2.4,https://www.cbo.gov/budget-options/54748,CBO_BUDGET_OPTION_ANNUAL
CBO_2018_narrow_eligibility_for_veterans_disability_compensation_by_excluding_certain_disabilities_unrelated_to_military_duties__all_affected_recipients,CBO_2018_narrow_eligibility_for_veterans_disability_compensation_by_excluding_certain_disabilities_unrelated_to_military_duties,2021,-3.3,,-3.3,https://www.cbo.gov/budget-options/54748,CBO_BUDGET_OPTION_ANNUAL
CBO_2018_narrow_eligibility_for_veterans_disability_compensation_by_excluding_certain_disabilities_unrelated_to_military_duties__all_affected_recipients,CBO_2018_narrow_eligibility_for_veterans_disability_compensation_by_excluding_certain_disabilities_unrelated_to_military_duties,2022,-3.5,,-3.5,https://www.cbo.gov/budget-options/54748,CBO_BUDGET_OPTION_ANNUAL
CBO_2018_narrow_eligibility_for_veterans_disability_compensation_by_excluding_certain_disabilities_unrelated_to_military_duties__all_affected_recipients,CBO_2018_narrow_eligibility_for_veterans_disability_compensation_by_excluding_certain_disabilities_unrelated_to_military_duties,2023,-3.6,,-3.6,https://www.cbo.gov/budget-options/54748,CBO_BUDGET_OPTION_ANNUAL
CBO_2018_narrow_eligibility_for_veterans_disability_compensation_by_excluding_certain_disabilities_unrelated_to_military_duties__all_affected_recipients,CBO_2018_narrow_eligibility_for_veterans_disability_compensation_by_excluding_certain_disabilities_unrelated_to_military_duties,2024,-3.7,,-3.7,https://www.cbo.gov/budget-options/54748,CBO_BUDGET_OPTION_ANNUAL
CBO_2018_narrow_eligibility_for_veterans_disability_compensation_by_excluding_certain_disabilities_unrelated_to_military_duties__all_affected_recipients,CBO_2018_narrow_eligibility_for_veterans_disability_compensation_by_excluding_certain_disabilities_unrelated_to_military_duties,2025,-3.9,,-3.9,https://www.cbo.gov/budget-options/54748,CBO_BUDGET_OPTION_ANNUAL
CBO_2018_narrow_eligibility_for_veterans_disability_compensation_by_excluding_certain_disabilities_unrelated_to_military_duties__all_affected_recipients,CBO_2018_narrow_eligibility_for_veterans_disability_compensation_by_excluding_certain_disabilities_unrelated_to_military_duties,2026,-4.0,,-4.0,https://www.cbo.gov/budget-options/54748,CBO_BUDGET_OPTION_ANNUAL
CBO_2018_narrow_eligibility_for_veterans_disability_compensation_by_excluding_certain_disabilities_unrelated_to_military_duties__all_affected_recipients,CBO_2018_narrow_eligibility_for_veterans_disability_compensation_by_excluding_certain_disabilities_unrelated_to_military_duties,2027,-4.2,,-4.2,https://www.cbo.gov/budget-options/54748,CBO_BUDGET_OPTION_ANNUAL
CBO_2018_narrow_eligibility_for_veterans_disability_compensation_by_excluding_certain_disabilities_unrelated_to_military_duties__all_affected_recipients,CBO_2018_narrow_eligibility_for_veterans_disability_compensation_by_excluding_certain_disabilities_unrelated_to_military_duties,2028,-4.4,,-4.4,https://www.cbo.gov/budget-options/54748,CBO_BUDGET_OPTION_ANNUAL
CBO_2018_narrow_eligibility_for_veterans_disability_compensation_by_excluding_certain_disabilities_unrelated_to_military_duties__new_applicants_only,CBO_2018_narrow_eligibility_for_veterans_disability_compensation_by_excluding_certain_disabilities_unrelated_to_military_duties,2019,0,,0.0,https://www.cbo.gov/budget-options/54748,CBO_BUDGET_OPTION_ANNUAL
CBO_2018_narrow_eligibility_for_veterans_disability_compensation_by_excluding_certain_disabilities_unrelated_to_military_duties__new_applicants_only,CBO_2018_narrow_eligibility_for_veterans_disability_compensation_by_excluding_certain_disabilities_unrelated_to_military_duties,2020,0,,0.0,https://www.cbo.gov/budget-options/54748,CBO_BUDGET_OPTION_ANNUAL
CBO_2018_narrow_eligibility_for_veterans_disability_compensation_by_excluding_certain_disabilities_unrelated_to_military_duties__new_applicants_only,CBO_2018_narrow_eligibility_for_veterans_disability_compensation_by_excluding_certain_disabilities_unrelated_to_military_duties,2021,-0.1,,-0.1,https://www.cbo.gov/budget-options/54748,CBO_BUDGET_OPTION_ANNUAL
CBO_2018_narrow_eligibility_for_veterans_disability_compensation_by_excluding_certain_disabilities_unrelated_to_military_duties__new_applicants_only,CBO_2018_narrow_eligibility_for_veterans_disability_compensation_by_excluding_certain_disabilities_unrelated_to_military_duties,2022,-0.2,,-0.2,https://www.cbo.gov/budget-options/54748,CBO_BUDGET_OPTION_ANNUAL
CBO_2018_narrow_eligibility_for_veterans_disability_compensation_by_excluding_certain_disabilities_unrelated_to_military_duties__new_applicants_only,CBO_2018_narrow_eligibility_for_veterans_disability_compensation_by_excluding_certain_disabilities_unrelated_to_military_duties,2023,-0.3,,-0.3,https://www.cbo.gov/budget-options/54748,CBO_BUDGET_OPTION_ANNUAL
CBO_2018_narrow_eligibility_for_veterans_disability_compensation_by_excluding_certain_disabilities_unrelated_to_military_duties__new_applicants_only,CBO_2018_narrow_eligibility_for_veterans_disability_compensation_by_excluding_certain_disabilities_unrelated_to_military_duties,2024,-0.4,,-0.4,https://www.cbo.gov/budget-options/54748,CBO_BUDGET_OPTION_ANNUAL
CBO_2018_narrow_eligibility_for_veterans_disability_compensation_by_excluding_certain_disabilities_unrelated_to_military_duties__new_applicants_only,CBO_2018_narrow_eligibility_for_veterans_disability_compensation_by_excluding_certain_disabilities_unrelated_to_military_duties,2025,-0.5,,-0.5,https://www.cbo.gov/budget-options/54748,CBO_BUDGET_OPTION_ANNUAL
CBO_2018_narrow_eligibility_for_veterans_disability_compensation_by_excluding_certain_disabilities_unrelated_to_military_duties__new_applicants_only,CBO_2018_narrow_eligibility_for_veterans_disability_compensation_by_excluding_certain_disabilities_unrelated_to_military_duties,2026,-0.6,,-0.6,https://www.cbo.gov/budget-options/54748,CBO_BUDGET_OPTION_ANNUAL
CBO_2018_narrow_eligibility_for_veterans_disability_compensation_by_excluding_certain_disabilities_unrelated_to_military_duties__new_applicants_only,CBO_2018_narrow_eligibility_for_veterans_disability_compensation_by_excluding_certain_disabilities_unrelated_to_military_duties,2027,-0.7,,-0.7,https://www.cbo.gov/budget-options/54748,CBO_BUDGET_OPTION_ANNUAL
CBO_2018_narrow_eligibility_for_veterans_disability_compensation_by_excluding_certain_disabilities_unrelated_to_military_duties__new_applicants_only,CBO_2018_narrow_eligibility_for_veterans_disability_compensation_by_excluding_certain_disabilities_unrelated_to_military_duties,2028,-0.8,,-0.8,https://www.cbo.gov/budget-options/54748,CBO_BUDGET_OPTION_ANNUAL
